{
"type": "FeatureCollection",
"name": "0501_allegheny_nid-dams",
"crs": { "type": "name", "properties": { "name": "urn:ogc:def:crs:EPSG::4269" } },
"xy_coordinate_resolution": 1e-15,
"features": [
{"type":"Feature","properties":{"fid":15345,"name":"Ice Pond","otherNames":null,"formerNames":null,"nidId":"PA01119","otherStructureId":null,"federalId":"PA01119","ownerNames":"CHARLES TAYLOR","ownerTypeIds":"Private","primaryOwnerTypeId":"Private","separateStructuresCount":"0","isAssociatedStructureId":"No","designerNames":null,"nonFederalDamOnFederalId":"No","primaryPurposeId":"Recreation","purposeIds":"Recreation","sourceAgency":"Pennsylvania","stateFedId":"D65-059","latitude":"40.25666667","longitude":"-79.265","state":"Pennsylvania","county":"Westmoreland","countyState":"Westmoreland, Pennsylvania","city":null,"distance":null,"riverName":"Wtrshd Loyalhanna Creek","congDist":"Congressional District 14, Pennsylvania","stateRegulatedId":"No","jurisdictionAuthorityId":"No","stateRegulatoryAgency":null,"permittingAuthorityId":"No","inspectionAuthorityId":"No","enforcementAuthorityId":"No","fedRegulatedId":"No","fedOwnerIds":null,"fedFundingIds":null,"fedDesignIds":null,"fedConstructionIds":null,"fedRegulatoryIds":null,"fedInspectionIds":null,"fedOperationIds":null,"fedOtherIds":null,"secretaryAgricultureBuiltId":"No","nrcsWatershedAuthorizationId":"N/A","primaryDamTypeId":"Earth","damTypeIds":"Earth","coreTypeIds":"Unlisted/Unknown;Unlisted/Unknown","foundationTypeIds":"Unlisted/Unknown","damHeight":"7","hydraulicHeight":null,"structuralHeight":null,"nidHeight":"7","nidHeightId":"Less than 25 feet","damLength":"200","volume":null,"yearCompleted":"1900","yearCompletedId":"1900-1909","yearsModified":null,"nidStorage":"207","maxStorage":"207","normalStorage":"147","surfaceArea":"30","drainageArea":"0.28","maxDischarge":null,"spillwayTypeId":null,"spillwayWidth":null,"numberOfLocks":null,"lengthOfLocks":null,"widthOfLocks":null,"secondaryLengthOfLocks":null,"secondaryWidthOfLocks":null,"outletGateTypes":null,"dataUpdated":"2021-04-09","inspectionDate":"1997-08-28","inspectionFrequency":null,"publicHazardId":"Undetermined","conditionAssessId":"Not Rated","conditionAssessDate":null,"eapId":"Not Required","eapLastRevDate":null,"websiteUrl":"https://damsafety.org/pennsylvania","usaceDivision":"North Atlantic Division","usaceDistrict":"Pittsburgh District","operationalStatusId":null,"operationalStatusDate":null,"inundationNidAddedId":"No","huc2":"05","huc4":"0501","huc6":"050100","huc8":"05010008","zipcode":"15658","nation":"USA","stateKey":"PA","femaRegion":"3","femaCommunity":"Ligonier township, Pennsylvania","aiannh":null,"hasDamPhotoId":"No","sectionSevenAuthorityId":"No"},"geometry":{"type":"Point","coordinates":[-79.265,40.25666667]}},
{"type":"Feature","properties":{"fid":92372,"name":"Tionesta Dam","otherNames":"Tionesta Lake","formerNames":null,"nidId":"PA00110","otherStructureId":null,"federalId":"PA00110","ownerNames":"USACE - Pittsburgh District","ownerTypeIds":"Federal","primaryOwnerTypeId":"Federal","separateStructuresCount":"0","isAssociatedStructureId":"No","designerNames":"CELRP","nonFederalDamOnFederalId":"No","primaryPurposeId":"Flood Risk Reduction","purposeIds":"Flood Risk Reduction;Fish and Wildlife Pond;Recreation","sourceAgency":"US Army Corps of Engineers","stateFedId":"PA00110","latitude":"41.4754349090001","longitude":"-79.4453828709999","state":"Pennsylvania","county":"Forest","countyState":"Forest, Pennsylvania","city":"Tionesta","distance":null,"riverName":"Tionesta Creek","congDist":"Congressional District 15, Pennsylvania","stateRegulatedId":"No","jurisdictionAuthorityId":"No","stateRegulatoryAgency":null,"permittingAuthorityId":"No","inspectionAuthorityId":"No","enforcementAuthorityId":"No","fedRegulatedId":"Yes","fedOwnerIds":"US Army Corps of Engineers","fedFundingIds":"US Army Corps of Engineers","fedDesignIds":"US Army Corps of Engineers","fedConstructionIds":"US Army Corps of Engineers","fedRegulatoryIds":"US Army Corps of Engineers","fedInspectionIds":"US Army Corps of Engineers","fedOperationIds":"US Army Corps of Engineers","fedOtherIds":"US Army Corps of Engineers","secretaryAgricultureBuiltId":null,"nrcsWatershedAuthorizationId":null,"primaryDamTypeId":"Earth","damTypeIds":"Earth","coreTypeIds":"Earth","foundationTypeIds":"Rock;Soil","damHeight":null,"hydraulicHeight":"142","structuralHeight":"154","nidHeight":"154","nidHeightId":"Greater than 100 feet","damLength":"1050","volume":"1821600","yearCompleted":"1940","yearCompletedId":"1940-1949","yearsModified":null,"nidStorage":"180000","maxStorage":"180000","normalStorage":"7800","surfaceArea":"480","drainageArea":"478","maxDischarge":"103000","spillwayTypeId":"Uncontrolled","spillwayWidth":"381","numberOfLocks":"0","lengthOfLocks":"0","widthOfLocks":"0","secondaryLengthOfLocks":null,"secondaryWidthOfLocks":null,"outletGateTypes":"Valve2;Vertical Lift3","dataUpdated":"2026-09-16","inspectionDate":"2022-11-01","inspectionFrequency":"5","publicHazardId":"High","conditionAssessId":"Not Available","conditionAssessDate":null,"eapId":"Yes","eapLastRevDate":"2017-05-05","websiteUrl":"https://www.usace.army.mil/Missions/Civil-Works/Dam-Safety-Program/Article/2870967/dam-safety-program/","usaceDivision":"Great Lakes and Ohio River Division","usaceDistrict":"Pittsburgh District","operationalStatusId":"Normal Operations","operationalStatusDate":"2025-11-20","inundationNidAddedId":"Yes","huc2":"05","huc4":"0501","huc6":"050100","huc8":"05010003","zipcode":"16353","nation":"USA","stateKey":"PA","femaRegion":"3","femaCommunity":"Tionesta township, Pennsylvania","aiannh":null,"hasDamPhotoId":"Yes","sectionSevenAuthorityId":"No"},"geometry":{"type":"Point","coordinates":[-79.445382870999893,41.4754349090001]}},
{"type":"Feature","properties":{"fid":92412,"name":"Allegheny River Lock and Dam 8","otherNames":"Allegheny River Pool 08","formerNames":null,"nidId":"PA00118","otherStructureId":null,"federalId":"PA00118","ownerNames":"USACE - Pittsburgh District","ownerTypeIds":"Federal","primaryOwnerTypeId":"Federal","separateStructuresCount":"0","isAssociatedStructureId":"No","designerNames":"CELRP","nonFederalDamOnFederalId":"No","primaryPurposeId":"Navigation","purposeIds":"Navigation;Hydroelectric","sourceAgency":"US Army Corps of Engineers","stateFedId":"PA00118","latitude":"40.8957013840001","longitude":"-79.4779141879999","state":"Pennsylvania","county":"Armstrong","countyState":"Armstrong, Pennsylvania","city":"Kittanning","distance":"6","riverName":"Allegheny River","congDist":"Congressional District 15, Pennsylvania","stateRegulatedId":"No","jurisdictionAuthorityId":"No","stateRegulatoryAgency":null,"permittingAuthorityId":"No","inspectionAuthorityId":"No","enforcementAuthorityId":"No","fedRegulatedId":"Yes","fedOwnerIds":"US Army Corps of Engineers","fedFundingIds":"US Army Corps of Engineers","fedDesignIds":"US Army Corps of Engineers","fedConstructionIds":"US Army Corps of Engineers","fedRegulatoryIds":"US Army Corps of Engineers","fedInspectionIds":"US Army Corps of Engineers","fedOperationIds":"US Army Corps of Engineers","fedOtherIds":"US Army Corps of Engineers","secretaryAgricultureBuiltId":null,"nrcsWatershedAuthorizationId":null,"primaryDamTypeId":"Gravity","damTypeIds":"Gravity","coreTypeIds":"Concrete","foundationTypeIds":"Rock","damHeight":null,"hydraulicHeight":"40","structuralHeight":"60","nidHeight":"60","nidHeightId":"51-100 feet","damLength":"1064","volume":"0","yearCompleted":"1931","yearCompletedId":"1930-1939","yearsModified":null,"nidStorage":"15200","maxStorage":"15200","normalStorage":"15200","surfaceArea":"1010","drainageArea":"8844","maxDischarge":"70000","spillwayTypeId":"Uncontrolled","spillwayWidth":"933","numberOfLocks":"1","lengthOfLocks":"360","widthOfLocks":"56","secondaryLengthOfLocks":null,"secondaryWidthOfLocks":null,"outletGateTypes":"None0;Uncontrolled0","dataUpdated":"2026-09-16","inspectionDate":"2024-09-30","inspectionFrequency":"5","publicHazardId":"Low","conditionAssessId":"Not Available","conditionAssessDate":null,"eapId":"Yes","eapLastRevDate":"2024-10-24","websiteUrl":"https://www.usace.army.mil/Missions/Civil-Works/Dam-Safety-Program/Article/2870967/dam-safety-program/","usaceDivision":"Great Lakes and Ohio River Division","usaceDistrict":"Pittsburgh District","operationalStatusId":"Normal Operations","operationalStatusDate":"2025-11-20","inundationNidAddedId":"N/A","huc2":"05","huc4":"0501","huc6":"050100","huc8":"05010006","zipcode":"16259","nation":"USA","stateKey":"PA","femaRegion":"3","femaCommunity":"Boggs township, Pennsylvania","aiannh":null,"hasDamPhotoId":"Yes","sectionSevenAuthorityId":"No"},"geometry":{"type":"Point","coordinates":[-79.4779141879999,40.895701384000098]}},
{"type":"Feature","properties":{"fid":92450,"name":"Loyalhanna Dam","otherNames":"Loyalhanna Lake","formerNames":null,"nidId":"PA00106","otherStructureId":null,"federalId":"PA00106","ownerNames":"USACE - Pittsburgh District","ownerTypeIds":"Federal","primaryOwnerTypeId":"Federal","separateStructuresCount":"0","isAssociatedStructureId":"No","designerNames":"CELRP","nonFederalDamOnFederalId":"No","primaryPurposeId":"Flood Risk Reduction","purposeIds":"Flood Risk Reduction;Other;Recreation","sourceAgency":"US Army Corps of Engineers","stateFedId":"PA00106","latitude":"40.4568437900001","longitude":"-79.451479681","state":"Pennsylvania","county":"Westmoreland","countyState":"Westmoreland, Pennsylvania","city":"Saltsburg","distance":null,"riverName":"Loyalhanna Creek","congDist":"Congressional District 14, Pennsylvania","stateRegulatedId":"No","jurisdictionAuthorityId":"No","stateRegulatoryAgency":null,"permittingAuthorityId":"No","inspectionAuthorityId":"No","enforcementAuthorityId":"No","fedRegulatedId":"Yes","fedOwnerIds":"US Army Corps of Engineers","fedFundingIds":"US Army Corps of Engineers","fedDesignIds":"US Army Corps of Engineers","fedConstructionIds":"US Army Corps of Engineers","fedRegulatoryIds":"US Army Corps of Engineers","fedInspectionIds":"US Army Corps of Engineers","fedOperationIds":"US Army Corps of Engineers","fedOtherIds":"US Army Corps of Engineers","secretaryAgricultureBuiltId":null,"nrcsWatershedAuthorizationId":null,"primaryDamTypeId":"Gravity","damTypeIds":"Gravity;Earth","coreTypeIds":"Concrete","foundationTypeIds":"Rock","damHeight":null,"hydraulicHeight":"114","structuralHeight":"120","nidHeight":"120","nidHeightId":"Greater than 100 feet","damLength":"960","volume":"183000","yearCompleted":"1942","yearCompletedId":"1940-1949","yearsModified":null,"nidStorage":"127556","maxStorage":"127556","normalStorage":"2000","surfaceArea":"210","drainageArea":"290","maxDischarge":"106800","spillwayTypeId":"Controlled","spillwayWidth":"150","numberOfLocks":"0","lengthOfLocks":"0","widthOfLocks":"0","secondaryLengthOfLocks":null,"secondaryWidthOfLocks":null,"outletGateTypes":"Slide (sluice gate)9;Valve1;Vertical Lift5","dataUpdated":"2026-09-16","inspectionDate":"2026-01-29","inspectionFrequency":"5","publicHazardId":"High","conditionAssessId":"Not Available","conditionAssessDate":null,"eapId":"Yes","eapLastRevDate":null,"websiteUrl":"https://www.usace.army.mil/Missions/Civil-Works/Dam-Safety-Program/Article/2870967/dam-safety-program/","usaceDivision":"Great Lakes and Ohio River Division","usaceDistrict":"Pittsburgh District","operationalStatusId":"Normal Operations","operationalStatusDate":"2025-11-20","inundationNidAddedId":"Yes","huc2":"05","huc4":"0501","huc6":"050100","huc8":"05010008","zipcode":"15681","nation":"USA","stateKey":"PA","femaRegion":"3","femaCommunity":"Loyalhanna township, Pennsylvania","aiannh":null,"hasDamPhotoId":"Yes","sectionSevenAuthorityId":"No"},"geometry":{"type":"Point","coordinates":[-79.451479681,40.4568437900001]}},
{"type":"Feature","properties":{"fid":19544,"name":"Bigan","otherNames":null,"formerNames":null,"nidId":"PA00237","otherStructureId":null,"federalId":"PA00237","ownerNames":"JOHN R. MERSCHAT","ownerTypeIds":"Private","primaryOwnerTypeId":"Private","separateStructuresCount":"0","isAssociatedStructureId":"No","designerNames":null,"nonFederalDamOnFederalId":"No","primaryPurposeId":"Recreation","purposeIds":"Recreation","sourceAgency":"Pennsylvania","stateFedId":"D56-094","latitude":"40.18138889","longitude":"-78.80222222","state":"Pennsylvania","county":"Somerset","countyState":"Somerset, Pennsylvania","city":null,"distance":null,"riverName":"Sandy Run","congDist":"Congressional District 14, Pennsylvania","stateRegulatedId":"Yes","jurisdictionAuthorityId":"Yes","stateRegulatoryAgency":"Pennsylvania Department of Environmental Protection","permittingAuthorityId":"Yes","inspectionAuthorityId":"Yes","enforcementAuthorityId":"Yes","fedRegulatedId":"No","fedOwnerIds":null,"fedFundingIds":null,"fedDesignIds":null,"fedConstructionIds":null,"fedRegulatoryIds":null,"fedInspectionIds":null,"fedOperationIds":null,"fedOtherIds":null,"secretaryAgricultureBuiltId":"No","nrcsWatershedAuthorizationId":"N/A","primaryDamTypeId":"Earth","damTypeIds":"Earth","coreTypeIds":"Unlisted/Unknown;Unlisted/Unknown","foundationTypeIds":"Unlisted/Unknown","damHeight":"24","hydraulicHeight":null,"structuralHeight":null,"nidHeight":"24","nidHeightId":"Less than 25 feet","damLength":"1838","volume":null,"yearCompleted":"1957","yearCompletedId":"1950-1959","yearsModified":null,"nidStorage":"210","maxStorage":"210","normalStorage":"55","surfaceArea":"16","drainageArea":"2","maxDischarge":null,"spillwayTypeId":null,"spillwayWidth":null,"numberOfLocks":null,"lengthOfLocks":null,"widthOfLocks":null,"secondaryLengthOfLocks":null,"secondaryWidthOfLocks":null,"outletGateTypes":null,"dataUpdated":"2021-04-09","inspectionDate":"2020-10-09","inspectionFrequency":"1","publicHazardId":"High","conditionAssessId":"Fair","conditionAssessDate":null,"eapId":"Yes","eapLastRevDate":null,"websiteUrl":"https://damsafety.org/pennsylvania","usaceDivision":"North Atlantic Division","usaceDistrict":"Pittsburgh District","operationalStatusId":null,"operationalStatusDate":null,"inundationNidAddedId":"No","huc2":"05","huc4":"0501","huc6":"050100","huc8":"05010007","zipcode":"15963","nation":"USA","stateKey":"PA","femaRegion":"3","femaCommunity":"Paint township, Pennsylvania","aiannh":null,"hasDamPhotoId":"No","sectionSevenAuthorityId":"No"},"geometry":{"type":"Point","coordinates":[-78.80222222,40.18138889]}},
{"type":"Feature","properties":{"fid":21338,"name":"Martindale","otherNames":null,"formerNames":null,"nidId":"PA00444","otherStructureId":null,"federalId":"PA00444","ownerNames":"PORTAGE BOROUGH MUNICIPAL AUTHORITY","ownerTypeIds":"Local Government","primaryOwnerTypeId":"Local Government","separateStructuresCount":"0","isAssociatedStructureId":"No","designerNames":null,"nonFederalDamOnFederalId":"No","primaryPurposeId":"Water Supply","purposeIds":"Water Supply","sourceAgency":"Pennsylvania","stateFedId":"D11-017","latitude":"40.35444444","longitude":"-78.62444444","state":"Pennsylvania","county":"Cambria","countyState":"Cambria, Pennsylvania","city":null,"distance":null,"riverName":"Trout Run","congDist":"Congressional District 13, Pennsylvania","stateRegulatedId":"Yes","jurisdictionAuthorityId":"Yes","stateRegulatoryAgency":"Pennsylvania Department of Environmental Protection","permittingAuthorityId":"Yes","inspectionAuthorityId":"Yes","enforcementAuthorityId":"Yes","fedRegulatedId":"No","fedOwnerIds":null,"fedFundingIds":null,"fedDesignIds":null,"fedConstructionIds":null,"fedRegulatoryIds":null,"fedInspectionIds":null,"fedOperationIds":null,"fedOtherIds":null,"secretaryAgricultureBuiltId":"No","nrcsWatershedAuthorizationId":"N/A","primaryDamTypeId":"Earth","damTypeIds":"Earth","coreTypeIds":"Unlisted/Unknown;Unlisted/Unknown","foundationTypeIds":"Unlisted/Unknown","damHeight":"22","hydraulicHeight":null,"structuralHeight":null,"nidHeight":"22","nidHeightId":"Less than 25 feet","damLength":"850","volume":null,"yearCompleted":"1910","yearCompletedId":"1910-1919","yearsModified":null,"nidStorage":"154","maxStorage":"154","normalStorage":"114","surfaceArea":"9","drainageArea":"1.17","maxDischarge":null,"spillwayTypeId":null,"spillwayWidth":null,"numberOfLocks":null,"lengthOfLocks":null,"widthOfLocks":null,"secondaryLengthOfLocks":null,"secondaryWidthOfLocks":null,"outletGateTypes":null,"dataUpdated":"2021-04-09","inspectionDate":"2021-03-12","inspectionFrequency":"1","publicHazardId":"High","conditionAssessId":"Poor","conditionAssessDate":null,"eapId":"Yes","eapLastRevDate":null,"websiteUrl":"https://damsafety.org/pennsylvania","usaceDivision":"North Atlantic Division","usaceDistrict":"Pittsburgh District","operationalStatusId":null,"operationalStatusDate":null,"inundationNidAddedId":"No","huc2":"05","huc4":"0501","huc6":"050100","huc8":"05010007","zipcode":"15946","nation":"USA","stateKey":"PA","femaRegion":"3","femaCommunity":"Portage township, Pennsylvania","aiannh":null,"hasDamPhotoId":"No","sectionSevenAuthorityId":"No"},"geometry":{"type":"Point","coordinates":[-78.62444444,40.35444444]}},
{"type":"Feature","properties":{"fid":21540,"name":"Quemahoning","otherNames":null,"formerNames":null,"nidId":"PA00740","otherStructureId":null,"federalId":"PA00740","ownerNames":"CAMBRIA SOMERSET AUTHORITY","ownerTypeIds":"Local Government","primaryOwnerTypeId":"Local Government","separateStructuresCount":"0","isAssociatedStructureId":"No","designerNames":null,"nonFederalDamOnFederalId":"No","primaryPurposeId":"Water Supply","purposeIds":"Water Supply","sourceAgency":"Pennsylvania","stateFedId":"D56-004","latitude":"40.18222222","longitude":"-78.94305556","state":"Pennsylvania","county":"Somerset","countyState":"Somerset, Pennsylvania","city":null,"distance":null,"riverName":"Quemahoning Creek","congDist":"Congressional District 14, Pennsylvania","stateRegulatedId":"Yes","jurisdictionAuthorityId":"Yes","stateRegulatoryAgency":"Pennsylvania Department of Environmental Protection","permittingAuthorityId":"Yes","inspectionAuthorityId":"Yes","enforcementAuthorityId":"Yes","fedRegulatedId":"No","fedOwnerIds":null,"fedFundingIds":null,"fedDesignIds":null,"fedConstructionIds":null,"fedRegulatoryIds":null,"fedInspectionIds":null,"fedOperationIds":null,"fedOtherIds":null,"secretaryAgricultureBuiltId":"No","nrcsWatershedAuthorizationId":"N/A","primaryDamTypeId":"Earth","damTypeIds":"Earth","coreTypeIds":"Unlisted/Unknown;Unlisted/Unknown","foundationTypeIds":"Unlisted/Unknown","damHeight":"100","hydraulicHeight":null,"structuralHeight":null,"nidHeight":"100","nidHeightId":"51-100 feet","damLength":"955","volume":null,"yearCompleted":"1912","yearCompletedId":"1910-1919","yearsModified":"2005S","nidStorage":"57400","maxStorage":"57400","normalStorage":"38000","surfaceArea":"845","drainageArea":"95","maxDischarge":null,"spillwayTypeId":null,"spillwayWidth":null,"numberOfLocks":null,"lengthOfLocks":null,"widthOfLocks":null,"secondaryLengthOfLocks":null,"secondaryWidthOfLocks":null,"outletGateTypes":null,"dataUpdated":"2021-04-09","inspectionDate":"2020-09-11","inspectionFrequency":"1","publicHazardId":"High","conditionAssessId":"Satisfactory","conditionAssessDate":null,"eapId":"Yes","eapLastRevDate":null,"websiteUrl":"https://damsafety.org/pennsylvania","usaceDivision":"North Atlantic Division","usaceDistrict":"Pittsburgh District","operationalStatusId":null,"operationalStatusDate":null,"inundationNidAddedId":"No","huc2":"05","huc4":"0501","huc6":"050100","huc8":"05010007","zipcode":"15935","nation":"USA","stateKey":"PA","femaRegion":"3","femaCommunity":"Quemahoning township, Pennsylvania","aiannh":null,"hasDamPhotoId":"No","sectionSevenAuthorityId":"No"},"geometry":{"type":"Point","coordinates":[-78.94305556,40.18222222]}},
{"type":"Feature","properties":{"fid":21862,"name":"Twin Lakes","otherNames":null,"formerNames":null,"nidId":"PA01988","otherStructureId":null,"federalId":"PA01988","ownerNames":"USDA FS","ownerTypeIds":"Federal","primaryOwnerTypeId":"Federal","separateStructuresCount":"0","isAssociatedStructureId":"No","designerNames":null,"nonFederalDamOnFederalId":"No","primaryPurposeId":"Recreation","purposeIds":"Recreation;Fish and Wildlife Pond","sourceAgency":"Forest Service","stateFedId":"091903 83951","latitude":"41.60833333","longitude":"-78.75166667","state":"Pennsylvania","county":"Elk","countyState":"Elk, Pennsylvania","city":"Camps","distance":"2","riverName":"Hoffman Run","congDist":"Congressional District 15, Pennsylvania","stateRegulatedId":"No","jurisdictionAuthorityId":null,"stateRegulatoryAgency":null,"permittingAuthorityId":null,"inspectionAuthorityId":null,"enforcementAuthorityId":null,"fedRegulatedId":"Yes","fedOwnerIds":"Forest Service","fedFundingIds":"Forest Service","fedDesignIds":"Forest Service","fedConstructionIds":"Forest Service","fedRegulatoryIds":"Forest Service","fedInspectionIds":"Forest Service","fedOperationIds":"Forest Service","fedOtherIds":null,"secretaryAgricultureBuiltId":"No","nrcsWatershedAuthorizationId":"N/A","primaryDamTypeId":"Earth","damTypeIds":"Earth","coreTypeIds":null,"foundationTypeIds":null,"damHeight":"18","hydraulicHeight":"18","structuralHeight":"29","nidHeight":"29","nidHeightId":"25-50 feet","damLength":"380","volume":"5600","yearCompleted":"1936","yearCompletedId":"1930-1939","yearsModified":null,"nidStorage":"117","maxStorage":"117","normalStorage":"44","surfaceArea":"7","drainageArea":"5","maxDischarge":"3600","spillwayTypeId":"Uncontrolled","spillwayWidth":"30","numberOfLocks":null,"lengthOfLocks":null,"widthOfLocks":null,"secondaryLengthOfLocks":null,"secondaryWidthOfLocks":null,"outletGateTypes":null,"dataUpdated":"2021-05-17","inspectionDate":"2017-05-16","inspectionFrequency":null,"publicHazardId":"Significant","conditionAssessId":"Not Rated","conditionAssessDate":null,"eapId":"Not Required","eapLastRevDate":null,"websiteUrl":"https://www.fs.usda.gov/eng/dams/","usaceDivision":"Great Lakes and Ohio River Division","usaceDistrict":"Pittsburgh District","operationalStatusId":null,"operationalStatusDate":null,"inundationNidAddedId":"No","huc2":"05","huc4":"0501","huc6":"050100","huc8":"05010005","zipcode":"16735","nation":"USA","stateKey":"PA","femaRegion":"3","femaCommunity":"Jones township","aiannh":null,"hasDamPhotoId":"No","sectionSevenAuthorityId":"No"},"geometry":{"type":"Point","coordinates":[-78.75166667,41.60833333]}},
{"type":"Feature","properties":{"fid":22184,"name":"Tubmill","otherNames":null,"formerNames":null,"nidId":"PA00488","otherStructureId":null,"federalId":"PA00488","ownerNames":"HIGHRIDGE WATER AUTHORITY","ownerTypeIds":"Local Government","primaryOwnerTypeId":"Local Government","separateStructuresCount":"0","isAssociatedStructureId":"No","designerNames":null,"nonFederalDamOnFederalId":"No","primaryPurposeId":"Water Supply","purposeIds":"Water Supply","sourceAgency":"Pennsylvania","stateFedId":"D65-001","latitude":"40.33055556","longitude":"-79.08944444","state":"Pennsylvania","county":"Westmoreland","countyState":"Westmoreland, Pennsylvania","city":null,"distance":null,"riverName":"Tubmill Creek","congDist":"Congressional District 14, Pennsylvania","stateRegulatedId":"Yes","jurisdictionAuthorityId":"Yes","stateRegulatoryAgency":"Pennsylvania Department of Environmental Protection","permittingAuthorityId":"Yes","inspectionAuthorityId":"Yes","enforcementAuthorityId":"Yes","fedRegulatedId":"No","fedOwnerIds":null,"fedFundingIds":null,"fedDesignIds":null,"fedConstructionIds":null,"fedRegulatoryIds":null,"fedInspectionIds":null,"fedOperationIds":null,"fedOtherIds":null,"secretaryAgricultureBuiltId":"No","nrcsWatershedAuthorizationId":"N/A","primaryDamTypeId":"Masonry","damTypeIds":"Masonry;Gravity","coreTypeIds":"Unlisted/Unknown;Unlisted/Unknown","foundationTypeIds":"Unlisted/Unknown","damHeight":"40","hydraulicHeight":null,"structuralHeight":null,"nidHeight":"40","nidHeightId":"25-50 feet","damLength":"1100","volume":null,"yearCompleted":"1907","yearCompletedId":"1900-1909","yearsModified":null,"nidStorage":"696","maxStorage":"696","normalStorage":"614","surfaceArea":"41","drainageArea":"10.66","maxDischarge":null,"spillwayTypeId":null,"spillwayWidth":null,"numberOfLocks":null,"lengthOfLocks":null,"widthOfLocks":null,"secondaryLengthOfLocks":null,"secondaryWidthOfLocks":null,"outletGateTypes":null,"dataUpdated":"2021-04-09","inspectionDate":"2020-10-07","inspectionFrequency":"1","publicHazardId":"High","conditionAssessId":"Fair","conditionAssessDate":null,"eapId":"Yes","eapLastRevDate":null,"websiteUrl":"https://damsafety.org/pennsylvania","usaceDivision":"North Atlantic Division","usaceDistrict":"Pittsburgh District","operationalStatusId":null,"operationalStatusDate":null,"inundationNidAddedId":"No","huc2":"05","huc4":"0501","huc6":"050100","huc8":"05010007","zipcode":"15944","nation":"USA","stateKey":"PA","femaRegion":"3","femaCommunity":"Fairfield township, Pennsylvania","aiannh":null,"hasDamPhotoId":"No","sectionSevenAuthorityId":"No"},"geometry":{"type":"Point","coordinates":[-79.08944444,40.33055556]}},
{"type":"Feature","properties":{"fid":22523,"name":"Beaver Meadows","otherNames":null,"formerNames":null,"nidId":"PA00255","otherStructureId":null,"federalId":"PA00255","ownerNames":"USDA FS","ownerTypeIds":"Federal","primaryOwnerTypeId":"Federal","separateStructuresCount":"0","isAssociatedStructureId":"No","designerNames":null,"nonFederalDamOnFederalId":"No","primaryPurposeId":"Fish and Wildlife Pond","purposeIds":"Fish and Wildlife Pond;Recreation","sourceAgency":"Forest Service","stateFedId":"091902 83930","latitude":"41.52092","longitude":"-79.11249","state":"Pennsylvania","county":"Forest","countyState":"Forest, Pennsylvania","city":"Camps","distance":"1","riverName":"Salmon Creek","congDist":"Congressional District 15, Pennsylvania","stateRegulatedId":"No","jurisdictionAuthorityId":null,"stateRegulatoryAgency":null,"permittingAuthorityId":null,"inspectionAuthorityId":null,"enforcementAuthorityId":null,"fedRegulatedId":"Yes","fedOwnerIds":"Forest Service","fedFundingIds":"Forest Service","fedDesignIds":"Forest Service","fedConstructionIds":"Forest Service","fedRegulatoryIds":"Forest Service","fedInspectionIds":"Forest Service","fedOperationIds":"Forest Service","fedOtherIds":null,"secretaryAgricultureBuiltId":"No","nrcsWatershedAuthorizationId":"N/A","primaryDamTypeId":"Earth","damTypeIds":"Earth","coreTypeIds":null,"foundationTypeIds":null,"damHeight":"16","hydraulicHeight":null,"structuralHeight":"22","nidHeight":"22","nidHeightId":"Less than 25 feet","damLength":"525","volume":"8700","yearCompleted":"1936","yearCompletedId":"1930-1939","yearsModified":null,"nidStorage":"156","maxStorage":"156","normalStorage":"156","surfaceArea":"40","drainageArea":"5","maxDischarge":"40","spillwayTypeId":"Uncontrolled","spillwayWidth":"30","numberOfLocks":null,"lengthOfLocks":null,"widthOfLocks":null,"secondaryLengthOfLocks":null,"secondaryWidthOfLocks":null,"outletGateTypes":null,"dataUpdated":"2021-05-17","inspectionDate":"2017-05-15","inspectionFrequency":"10","publicHazardId":"Low","conditionAssessId":"Not Rated","conditionAssessDate":null,"eapId":"Not Required","eapLastRevDate":null,"websiteUrl":"https://www.fs.usda.gov/eng/dams/","usaceDivision":"Great Lakes and Ohio River Division","usaceDistrict":"Pittsburgh District","operationalStatusId":null,"operationalStatusDate":null,"inundationNidAddedId":"No","huc2":"05","huc4":"0501","huc6":"050100","huc8":"05010003","zipcode":"16239","nation":"USA","stateKey":"PA","femaRegion":"3","femaCommunity":"Jenks township","aiannh":null,"hasDamPhotoId":"No","sectionSevenAuthorityId":"No"},"geometry":{"type":"Point","coordinates":[-79.11249,41.52092]}},
{"type":"Feature","properties":{"fid":22535,"name":"Slurry Pond #2","otherNames":null,"formerNames":null,"nidId":"PA83500","otherStructureId":null,"federalId":"PA83500","ownerNames":"Robindale Energy Services","ownerTypeIds":"Private","primaryOwnerTypeId":"Private","separateStructuresCount":"0","isAssociatedStructureId":"No","designerNames":null,"nonFederalDamOnFederalId":null,"primaryPurposeId":"Tailings","purposeIds":"Tailings","sourceAgency":"Mine Safety and Health Administration","stateFedId":"PA02-00224-02","latitude":"40.493889","longitude":"-79.028056","state":"Pennsylvania","county":"Indiana","countyState":"Indiana, Pennsylvania","city":"Dias","distance":"1.2","riverName":null,"congDist":"Congressional District 14, Pennsylvania","stateRegulatedId":"No","jurisdictionAuthorityId":"No","stateRegulatoryAgency":null,"permittingAuthorityId":"No","inspectionAuthorityId":"No","enforcementAuthorityId":"No","fedRegulatedId":"Yes","fedOwnerIds":null,"fedFundingIds":null,"fedDesignIds":null,"fedConstructionIds":null,"fedRegulatoryIds":"Mine Safety and Health Administration","fedInspectionIds":"Mine Safety and Health Administration","fedOperationIds":null,"fedOtherIds":null,"secretaryAgricultureBuiltId":"No","nrcsWatershedAuthorizationId":"N/A","primaryDamTypeId":"Earth","damTypeIds":"Earth","coreTypeIds":null,"foundationTypeIds":null,"damHeight":"40","hydraulicHeight":null,"structuralHeight":null,"nidHeight":"40","nidHeightId":"25-50 feet","damLength":"2500","volume":null,"yearCompleted":null,"yearCompletedId":"Undetermined","yearsModified":null,"nidStorage":"110","maxStorage":"110","normalStorage":null,"surfaceArea":null,"drainageArea":null,"maxDischarge":null,"spillwayTypeId":null,"spillwayWidth":null,"numberOfLocks":null,"lengthOfLocks":null,"widthOfLocks":null,"secondaryLengthOfLocks":null,"secondaryWidthOfLocks":null,"outletGateTypes":null,"dataUpdated":"2021-05-03","inspectionDate":null,"inspectionFrequency":null,"publicHazardId":"Significant","conditionAssessId":"Not Available","conditionAssessDate":null,"eapId":"Not Required","eapLastRevDate":null,"websiteUrl":"https://www.msha.gov/training-education/safety-and-health-materials/safety-topic-impoundments-and-dams","usaceDivision":"Great Lakes and Ohio River Division","usaceDistrict":"Pittsburgh District","operationalStatusId":null,"operationalStatusDate":null,"inundationNidAddedId":"No","huc2":"05","huc4":"0501","huc6":"050100","huc8":"05010007","zipcode":"15748","nation":"USA","stateKey":"PA","femaRegion":"3","femaCommunity":"Brush Valley township, Pennsylvania","aiannh":null,"hasDamPhotoId":"No","sectionSevenAuthorityId":"No"},"geometry":{"type":"Point","coordinates":[-79.028056,40.493889]}},
{"type":"Feature","properties":{"fid":22622,"name":"Hinckston","otherNames":null,"formerNames":null,"nidId":"PA00430","otherStructureId":null,"federalId":"PA00430","ownerNames":"CAMBRIA SOMERSET AUTHORITY","ownerTypeIds":"Local Government","primaryOwnerTypeId":"Local Government","separateStructuresCount":"0","isAssociatedStructureId":"No","designerNames":null,"nonFederalDamOnFederalId":"No","primaryPurposeId":"Water Supply","purposeIds":"Water Supply","sourceAgency":"Pennsylvania","stateFedId":"D11-009","latitude":"40.37388889","longitude":"-78.88777778","state":"Pennsylvania","county":"Cambria","countyState":"Cambria, Pennsylvania","city":null,"distance":null,"riverName":"Hinckston Run","congDist":"Congressional District 13, Pennsylvania","stateRegulatedId":"Yes","jurisdictionAuthorityId":"Yes","stateRegulatoryAgency":"Pennsylvania Department of Environmental Protection","permittingAuthorityId":"Yes","inspectionAuthorityId":"Yes","enforcementAuthorityId":"Yes","fedRegulatedId":"No","fedOwnerIds":null,"fedFundingIds":null,"fedDesignIds":null,"fedConstructionIds":null,"fedRegulatoryIds":null,"fedInspectionIds":null,"fedOperationIds":null,"fedOtherIds":null,"secretaryAgricultureBuiltId":"No","nrcsWatershedAuthorizationId":"N/A","primaryDamTypeId":"Earth","damTypeIds":"Earth","coreTypeIds":"Unlisted/Unknown;Unlisted/Unknown","foundationTypeIds":"Unlisted/Unknown","damHeight":"84","hydraulicHeight":null,"structuralHeight":null,"nidHeight":"84","nidHeightId":"51-100 feet","damLength":"890","volume":null,"yearCompleted":"1905","yearCompletedId":"1900-1909","yearsModified":null,"nidStorage":"4010","maxStorage":"4010","normalStorage":"3340","surfaceArea":"104","drainageArea":"10.6","maxDischarge":null,"spillwayTypeId":null,"spillwayWidth":null,"numberOfLocks":null,"lengthOfLocks":null,"widthOfLocks":null,"secondaryLengthOfLocks":null,"secondaryWidthOfLocks":null,"outletGateTypes":null,"dataUpdated":"2021-04-09","inspectionDate":"2020-09-09","inspectionFrequency":"1","publicHazardId":"High","conditionAssessId":"Poor","conditionAssessDate":null,"eapId":"Yes","eapLastRevDate":null,"websiteUrl":"https://damsafety.org/pennsylvania","usaceDivision":"North Atlantic Division","usaceDistrict":"Pittsburgh District","operationalStatusId":null,"operationalStatusDate":null,"inundationNidAddedId":"No","huc2":"05","huc4":"0501","huc6":"050100","huc8":"05010007","zipcode":"15906","nation":"USA","stateKey":"PA","femaRegion":"3","femaCommunity":"East Taylor township, Pennsylvania","aiannh":null,"hasDamPhotoId":"No","sectionSevenAuthorityId":"No"},"geometry":{"type":"Point","coordinates":[-78.88777778,40.37388889]}},
{"type":"Feature","properties":{"fid":23743,"name":"Clark","otherNames":null,"formerNames":null,"nidId":"PA01671","otherStructureId":null,"federalId":"PA01671","ownerNames":"ALBERT CLARK","ownerTypeIds":"Private","primaryOwnerTypeId":"Private","separateStructuresCount":"0","isAssociatedStructureId":"No","designerNames":null,"nonFederalDamOnFederalId":"No","primaryPurposeId":"Recreation","purposeIds":"Recreation","sourceAgency":"Pennsylvania","stateFedId":"D42-033","latitude":"41.695","longitude":"-78.5","state":"Pennsylvania","county":"McKean","countyState":"McKean, Pennsylvania","city":null,"distance":null,"riverName":"Warner Brook","congDist":"Congressional District 15, Pennsylvania","stateRegulatedId":"Yes","jurisdictionAuthorityId":"Yes","stateRegulatoryAgency":"Pennsylvania Department of Environmental Protection","permittingAuthorityId":"Yes","inspectionAuthorityId":"Yes","enforcementAuthorityId":"Yes","fedRegulatedId":"No","fedOwnerIds":null,"fedFundingIds":null,"fedDesignIds":null,"fedConstructionIds":null,"fedRegulatoryIds":null,"fedInspectionIds":null,"fedOperationIds":null,"fedOtherIds":null,"secretaryAgricultureBuiltId":"No","nrcsWatershedAuthorizationId":"N/A","primaryDamTypeId":"Earth","damTypeIds":"Earth","coreTypeIds":"Unlisted/Unknown;Unlisted/Unknown","foundationTypeIds":"Unlisted/Unknown","damHeight":"16","hydraulicHeight":null,"structuralHeight":null,"nidHeight":"16","nidHeightId":"Less than 25 feet","damLength":"600","volume":null,"yearCompleted":"1966","yearCompletedId":"1960-1969","yearsModified":null,"nidStorage":"55","maxStorage":"55","normalStorage":"40","surfaceArea":"9","drainageArea":"0.39","maxDischarge":null,"spillwayTypeId":null,"spillwayWidth":null,"numberOfLocks":null,"lengthOfLocks":null,"widthOfLocks":null,"secondaryLengthOfLocks":null,"secondaryWidthOfLocks":null,"outletGateTypes":null,"dataUpdated":"2021-04-09","inspectionDate":"2018-06-21","inspectionFrequency":"5","publicHazardId":"Low","conditionAssessId":"Not Rated","conditionAssessDate":null,"eapId":"Not Required","eapLastRevDate":null,"websiteUrl":"https://damsafety.org/pennsylvania","usaceDivision":"Great Lakes and Ohio River Division","usaceDistrict":"Pittsburgh District","operationalStatusId":null,"operationalStatusDate":null,"inundationNidAddedId":"No","huc2":"05","huc4":"0501","huc6":"050100","huc8":"05010001","zipcode":"16740","nation":"USA","stateKey":"PA","femaRegion":"3","femaCommunity":"Sergeant township, Pennsylvania","aiannh":null,"hasDamPhotoId":"No","sectionSevenAuthorityId":"No"},"geometry":{"type":"Point","coordinates":[-78.5,41.695]}},
{"type":"Feature","properties":{"fid":42935,"name":"Exton Lake","otherNames":null,"formerNames":null,"nidId":"PA01880","otherStructureId":null,"federalId":"PA01880","ownerNames":"JEFFREY BROOKS","ownerTypeIds":"Private","primaryOwnerTypeId":"Private","separateStructuresCount":"0","isAssociatedStructureId":"No","designerNames":null,"nonFederalDamOnFederalId":"No","primaryPurposeId":"Recreation","purposeIds":"Recreation","sourceAgency":"Pennsylvania","stateFedId":"D65-098","latitude":"40.48833333","longitude":"-79.635","state":"Pennsylvania","county":"Westmoreland","countyState":"Westmoreland, Pennsylvania","city":null,"distance":null,"riverName":"Tr Pucketa Creek","congDist":"Congressional District 14, Pennsylvania","stateRegulatedId":"Yes","jurisdictionAuthorityId":"Yes","stateRegulatoryAgency":"Pennsylvania Department of Environmental Protection","permittingAuthorityId":"Yes","inspectionAuthorityId":"Yes","enforcementAuthorityId":"Yes","fedRegulatedId":"No","fedOwnerIds":null,"fedFundingIds":null,"fedDesignIds":null,"fedConstructionIds":null,"fedRegulatoryIds":null,"fedInspectionIds":null,"fedOperationIds":null,"fedOtherIds":null,"secretaryAgricultureBuiltId":"No","nrcsWatershedAuthorizationId":"N/A","primaryDamTypeId":"Earth","damTypeIds":"Earth","coreTypeIds":"Unlisted/Unknown;Unlisted/Unknown","foundationTypeIds":"Unlisted/Unknown","damHeight":"14","hydraulicHeight":null,"structuralHeight":null,"nidHeight":"14","nidHeightId":"Less than 25 feet","damLength":null,"volume":null,"yearCompleted":null,"yearCompletedId":"Undetermined","yearsModified":null,"nidStorage":"0","maxStorage":null,"normalStorage":null,"surfaceArea":"1","drainageArea":"0.4","maxDischarge":null,"spillwayTypeId":null,"spillwayWidth":null,"numberOfLocks":null,"lengthOfLocks":null,"widthOfLocks":null,"secondaryLengthOfLocks":null,"secondaryWidthOfLocks":null,"outletGateTypes":null,"dataUpdated":"2021-04-09","inspectionDate":"2018-03-02","inspectionFrequency":"2","publicHazardId":"Significant","conditionAssessId":"Fair","conditionAssessDate":null,"eapId":"No","eapLastRevDate":null,"websiteUrl":"https://damsafety.org/pennsylvania","usaceDivision":"Great Lakes and Ohio River Division","usaceDistrict":"Pittsburgh District","operationalStatusId":null,"operationalStatusDate":null,"inundationNidAddedId":"No","huc2":"05","huc4":"0501","huc6":"050100","huc8":"05010009","zipcode":"15613","nation":"USA","stateKey":"PA","femaRegion":"3","femaCommunity":"Washington township, Pennsylvania","aiannh":null,"hasDamPhotoId":"No","sectionSevenAuthorityId":"No"},"geometry":{"type":"Point","coordinates":[-79.635,40.48833333]}},
{"type":"Feature","properties":{"fid":39062,"name":"Thorn Run","otherNames":null,"formerNames":null,"nidId":"PA01598","otherStructureId":null,"federalId":"PA01598","ownerNames":"WESTMORELAND COUNTY COMMISSIONERS","ownerTypeIds":"Local Government","primaryOwnerTypeId":"Local Government","separateStructuresCount":"0","isAssociatedStructureId":"No","designerNames":null,"nonFederalDamOnFederalId":"No","primaryPurposeId":"Grade Stabilization","purposeIds":"Grade Stabilization","sourceAgency":"Pennsylvania","stateFedId":"D65-138","latitude":"40.44916667","longitude":"-79.57722222","state":"Pennsylvania","county":"Westmoreland","countyState":"Westmoreland, Pennsylvania","city":null,"distance":null,"riverName":"Thorn Run","congDist":"Congressional District 14, Pennsylvania","stateRegulatedId":"Yes","jurisdictionAuthorityId":"Yes","stateRegulatoryAgency":"Pennsylvania Department of Environmental Protection","permittingAuthorityId":"Yes","inspectionAuthorityId":"Yes","enforcementAuthorityId":"Yes","fedRegulatedId":"No","fedOwnerIds":null,"fedFundingIds":null,"fedDesignIds":null,"fedConstructionIds":null,"fedRegulatoryIds":null,"fedInspectionIds":null,"fedOperationIds":null,"fedOtherIds":null,"secretaryAgricultureBuiltId":"No","nrcsWatershedAuthorizationId":"N/A","primaryDamTypeId":"Earth","damTypeIds":"Earth","coreTypeIds":"Unlisted/Unknown;Unlisted/Unknown","foundationTypeIds":"Unlisted/Unknown","damHeight":"22","hydraulicHeight":null,"structuralHeight":null,"nidHeight":"22","nidHeightId":"Less than 25 feet","damLength":"360","volume":null,"yearCompleted":"1981","yearCompletedId":"1980-1989","yearsModified":null,"nidStorage":"75","maxStorage":"75","normalStorage":"41","surfaceArea":"6","drainageArea":"1.8","maxDischarge":null,"spillwayTypeId":null,"spillwayWidth":null,"numberOfLocks":null,"lengthOfLocks":null,"widthOfLocks":null,"secondaryLengthOfLocks":null,"secondaryWidthOfLocks":null,"outletGateTypes":null,"dataUpdated":"2021-04-09","inspectionDate":"2015-08-25","inspectionFrequency":"5","publicHazardId":"Low","conditionAssessId":"Satisfactory","conditionAssessDate":null,"eapId":"Not Required","eapLastRevDate":null,"websiteUrl":"https://damsafety.org/pennsylvania","usaceDivision":"Great Lakes and Ohio River Division","usaceDistrict":"Pittsburgh District","operationalStatusId":null,"operationalStatusDate":null,"inundationNidAddedId":"No","huc2":"05","huc4":"0501","huc6":"050100","huc8":"05010008","zipcode":"15632","nation":"USA","stateKey":"PA","femaRegion":"3","femaCommunity":"Washington township, Pennsylvania","aiannh":null,"hasDamPhotoId":"No","sectionSevenAuthorityId":"No"},"geometry":{"type":"Point","coordinates":[-79.57722222,40.44916667]}},
{"type":"Feature","properties":{"fid":45195,"name":"Beaver Run","otherNames":null,"formerNames":null,"nidId":"PA00484","otherStructureId":null,"federalId":"PA00484","ownerNames":"MUNICIPAL AUTHORITY OF WESTMORELAND COUNTY","ownerTypeIds":"Local Government","primaryOwnerTypeId":"Local Government","separateStructuresCount":"0","isAssociatedStructureId":"No","designerNames":null,"nonFederalDamOnFederalId":"No","primaryPurposeId":"Water Supply","purposeIds":"Water Supply","sourceAgency":"Pennsylvania","stateFedId":"D65-114","latitude":"40.51333333","longitude":"-79.555","state":"Pennsylvania","county":"Westmoreland","countyState":"Westmoreland, Pennsylvania","city":null,"distance":null,"riverName":"Beaver Run","congDist":"Congressional District 14, Pennsylvania","stateRegulatedId":"Yes","jurisdictionAuthorityId":"Yes","stateRegulatoryAgency":"Pennsylvania Department of Environmental Protection","permittingAuthorityId":"Yes","inspectionAuthorityId":"Yes","enforcementAuthorityId":"Yes","fedRegulatedId":"No","fedOwnerIds":null,"fedFundingIds":null,"fedDesignIds":null,"fedConstructionIds":null,"fedRegulatoryIds":null,"fedInspectionIds":null,"fedOperationIds":null,"fedOtherIds":null,"secretaryAgricultureBuiltId":"No","nrcsWatershedAuthorizationId":"N/A","primaryDamTypeId":"Earth","damTypeIds":"Earth","coreTypeIds":"Unlisted/Unknown;Unlisted/Unknown","foundationTypeIds":"Unlisted/Unknown","damHeight":"92","hydraulicHeight":null,"structuralHeight":null,"nidHeight":"92","nidHeightId":"51-100 feet","damLength":"1095","volume":null,"yearCompleted":"1952","yearCompletedId":"1950-1959","yearsModified":null,"nidStorage":"74000","maxStorage":"74000","normalStorage":"34000","surfaceArea":"1250","drainageArea":"43.2","maxDischarge":null,"spillwayTypeId":null,"spillwayWidth":null,"numberOfLocks":null,"lengthOfLocks":null,"widthOfLocks":null,"secondaryLengthOfLocks":null,"secondaryWidthOfLocks":null,"outletGateTypes":null,"dataUpdated":"2021-04-09","inspectionDate":"2020-11-20","inspectionFrequency":"1","publicHazardId":"High","conditionAssessId":"Satisfactory","conditionAssessDate":null,"eapId":"Yes","eapLastRevDate":null,"websiteUrl":"https://damsafety.org/pennsylvania","usaceDivision":"Great Lakes and Ohio River Division","usaceDistrict":"Pittsburgh District","operationalStatusId":null,"operationalStatusDate":null,"inundationNidAddedId":"No","huc2":"05","huc4":"0501","huc6":"050100","huc8":"05010008","zipcode":"15613","nation":"USA","stateKey":"PA","femaRegion":"3","femaCommunity":"Washington township, Pennsylvania","aiannh":null,"hasDamPhotoId":"No","sectionSevenAuthorityId":"No"},"geometry":{"type":"Point","coordinates":[-79.555,40.51333333]}},
{"type":"Feature","properties":{"fid":56475,"name":"Twin Lakes No 2","otherNames":null,"formerNames":null,"nidId":"PA00478","otherStructureId":null,"federalId":"PA00478","ownerNames":"WESTMORELAND COUNTY COMMISSIONERS","ownerTypeIds":"Local Government","primaryOwnerTypeId":"Local Government","separateStructuresCount":"0","isAssociatedStructureId":"No","designerNames":null,"nonFederalDamOnFederalId":"No","primaryPurposeId":"Recreation","purposeIds":"Recreation","sourceAgency":"Pennsylvania","stateFedId":"D65-055","latitude":"40.32083333","longitude":"-79.475","state":"Pennsylvania","county":"Westmoreland","countyState":"Westmoreland, Pennsylvania","city":null,"distance":null,"riverName":"Little Crabtree Creek","congDist":"Congressional District 14, Pennsylvania","stateRegulatedId":"Yes","jurisdictionAuthorityId":"Yes","stateRegulatoryAgency":"Pennsylvania Department of Environmental Protection","permittingAuthorityId":"Yes","inspectionAuthorityId":"Yes","enforcementAuthorityId":"Yes","fedRegulatedId":"No","fedOwnerIds":null,"fedFundingIds":null,"fedDesignIds":null,"fedConstructionIds":null,"fedRegulatoryIds":null,"fedInspectionIds":null,"fedOperationIds":null,"fedOtherIds":null,"secretaryAgricultureBuiltId":"No","nrcsWatershedAuthorizationId":"N/A","primaryDamTypeId":"Earth","damTypeIds":"Earth","coreTypeIds":"Unlisted/Unknown;Unlisted/Unknown","foundationTypeIds":"Unlisted/Unknown","damHeight":"34","hydraulicHeight":null,"structuralHeight":null,"nidHeight":"34","nidHeightId":"25-50 feet","damLength":"520","volume":null,"yearCompleted":"1910","yearCompletedId":"1910-1919","yearsModified":null,"nidStorage":"273","maxStorage":"273","normalStorage":"215","surfaceArea":"20","drainageArea":"0.38","maxDischarge":null,"spillwayTypeId":null,"spillwayWidth":null,"numberOfLocks":null,"lengthOfLocks":null,"widthOfLocks":null,"secondaryLengthOfLocks":null,"secondaryWidthOfLocks":null,"outletGateTypes":null,"dataUpdated":"2021-04-09","inspectionDate":"2019-08-22","inspectionFrequency":"1","publicHazardId":"High","conditionAssessId":"Satisfactory","conditionAssessDate":null,"eapId":"Yes","eapLastRevDate":null,"websiteUrl":"https://damsafety.org/pennsylvania","usaceDivision":"Great Lakes and Ohio River Division","usaceDistrict":"Pittsburgh District","operationalStatusId":null,"operationalStatusDate":null,"inundationNidAddedId":"No","huc2":"05","huc4":"0501","huc6":"050100","huc8":"05010008","zipcode":"15601","nation":"USA","stateKey":"PA","femaRegion":"3","femaCommunity":"Hempfield township, Pennsylvania","aiannh":null,"hasDamPhotoId":"No","sectionSevenAuthorityId":"No"},"geometry":{"type":"Point","coordinates":[-79.475,40.32083333]}},
{"type":"Feature","properties":{"fid":59185,"name":"Twin Lakes No 1","otherNames":null,"formerNames":null,"nidId":"PA00487","otherStructureId":null,"federalId":"PA00487","ownerNames":"WESTMORELAND COUNTY COMMISSIONERS","ownerTypeIds":"Local Government","primaryOwnerTypeId":"Local Government","separateStructuresCount":"0","isAssociatedStructureId":"No","designerNames":null,"nonFederalDamOnFederalId":"No","primaryPurposeId":"Recreation","purposeIds":"Recreation","sourceAgency":"Pennsylvania","stateFedId":"D65-042","latitude":"40.32611111","longitude":"-79.47472222","state":"Pennsylvania","county":"Westmoreland","countyState":"Westmoreland, Pennsylvania","city":null,"distance":null,"riverName":"Little Crabtree Creek","congDist":"Congressional District 14, Pennsylvania","stateRegulatedId":"Yes","jurisdictionAuthorityId":"Yes","stateRegulatoryAgency":"Pennsylvania Department of Environmental Protection","permittingAuthorityId":"Yes","inspectionAuthorityId":"Yes","enforcementAuthorityId":"Yes","fedRegulatedId":"No","fedOwnerIds":null,"fedFundingIds":null,"fedDesignIds":null,"fedConstructionIds":null,"fedRegulatoryIds":null,"fedInspectionIds":null,"fedOperationIds":null,"fedOtherIds":null,"secretaryAgricultureBuiltId":"No","nrcsWatershedAuthorizationId":"N/A","primaryDamTypeId":"Earth","damTypeIds":"Earth;Concrete","coreTypeIds":"Unlisted/Unknown;Unlisted/Unknown","foundationTypeIds":"Unlisted/Unknown","damHeight":"31","hydraulicHeight":null,"structuralHeight":null,"nidHeight":"31","nidHeightId":"25-50 feet","damLength":"950","volume":null,"yearCompleted":"1908","yearCompletedId":"1900-1909","yearsModified":null,"nidStorage":"470","maxStorage":"470","normalStorage":"340","surfaceArea":"33","drainageArea":"1.9","maxDischarge":null,"spillwayTypeId":null,"spillwayWidth":null,"numberOfLocks":null,"lengthOfLocks":null,"widthOfLocks":null,"secondaryLengthOfLocks":null,"secondaryWidthOfLocks":null,"outletGateTypes":null,"dataUpdated":"2021-04-09","inspectionDate":"2019-08-22","inspectionFrequency":"1","publicHazardId":"High","conditionAssessId":"Satisfactory","conditionAssessDate":null,"eapId":"Yes","eapLastRevDate":null,"websiteUrl":"https://damsafety.org/pennsylvania","usaceDivision":"Great Lakes and Ohio River Division","usaceDistrict":"Pittsburgh District","operationalStatusId":null,"operationalStatusDate":null,"inundationNidAddedId":"No","huc2":"05","huc4":"0501","huc6":"050100","huc8":"05010008","zipcode":"15650","nation":"USA","stateKey":"PA","femaRegion":"3","femaCommunity":"Unity township, Pennsylvania","aiannh":null,"hasDamPhotoId":"No","sectionSevenAuthorityId":"No"},"geometry":{"type":"Point","coordinates":[-79.47472222,40.32611111]}},
{"type":"Feature","properties":{"fid":64578,"name":"Ridilla Upper Pond  A","otherNames":null,"formerNames":null,"nidId":"PA01319","otherStructureId":null,"federalId":"PA01319","ownerNames":"HARRY R. RIDILLA","ownerTypeIds":"Private","primaryOwnerTypeId":"Private","separateStructuresCount":"0","isAssociatedStructureId":"No","designerNames":null,"nonFederalDamOnFederalId":"No","primaryPurposeId":"Recreation","purposeIds":"Recreation","sourceAgency":"Pennsylvania","stateFedId":"D65-158","latitude":"40.33083333","longitude":"-79.48305556","state":"Pennsylvania","county":"Westmoreland","countyState":"Westmoreland, Pennsylvania","city":null,"distance":null,"riverName":"Tr Little Crabtree Creek","congDist":"Congressional District 14, Pennsylvania","stateRegulatedId":"Yes","jurisdictionAuthorityId":"Yes","stateRegulatoryAgency":"Pennsylvania Department of Environmental Protection","permittingAuthorityId":"Yes","inspectionAuthorityId":"Yes","enforcementAuthorityId":"Yes","fedRegulatedId":"No","fedOwnerIds":null,"fedFundingIds":null,"fedDesignIds":null,"fedConstructionIds":null,"fedRegulatoryIds":null,"fedInspectionIds":null,"fedOperationIds":null,"fedOtherIds":null,"secretaryAgricultureBuiltId":"No","nrcsWatershedAuthorizationId":"N/A","primaryDamTypeId":"Earth","damTypeIds":"Earth","coreTypeIds":"Unlisted/Unknown;Unlisted/Unknown","foundationTypeIds":"Unlisted/Unknown","damHeight":"15","hydraulicHeight":null,"structuralHeight":null,"nidHeight":"15","nidHeightId":"Less than 25 feet","damLength":"240","volume":null,"yearCompleted":null,"yearCompletedId":"Undetermined","yearsModified":null,"nidStorage":"15","maxStorage":"15","normalStorage":"15","surfaceArea":"2.54","drainageArea":"0.34","maxDischarge":null,"spillwayTypeId":null,"spillwayWidth":null,"numberOfLocks":null,"lengthOfLocks":null,"widthOfLocks":null,"secondaryLengthOfLocks":null,"secondaryWidthOfLocks":null,"outletGateTypes":null,"dataUpdated":"2021-04-09","inspectionDate":"2019-02-26","inspectionFrequency":"2","publicHazardId":"Significant","conditionAssessId":"Fair","conditionAssessDate":null,"eapId":"No","eapLastRevDate":null,"websiteUrl":"https://damsafety.org/pennsylvania","usaceDivision":"Great Lakes and Ohio River Division","usaceDistrict":"Pittsburgh District","operationalStatusId":null,"operationalStatusDate":null,"inundationNidAddedId":"No","huc2":"05","huc4":"0501","huc6":"050100","huc8":"05010008","zipcode":"15601","nation":"USA","stateKey":"PA","femaRegion":"3","femaCommunity":"Hempfield township, Pennsylvania","aiannh":null,"hasDamPhotoId":"No","sectionSevenAuthorityId":"No"},"geometry":{"type":"Point","coordinates":[-79.48305556,40.33083333]}},
{"type":"Feature","properties":{"fid":69615,"name":"Greenwalt","otherNames":"Lake Dom","formerNames":"Lake Dom","nidId":"PA00476","otherStructureId":null,"federalId":"PA00476","ownerNames":"TERRY L. BURNS","ownerTypeIds":"Private","primaryOwnerTypeId":"Private","separateStructuresCount":"0","isAssociatedStructureId":"No","designerNames":null,"nonFederalDamOnFederalId":"No","primaryPurposeId":"Recreation","purposeIds":"Recreation","sourceAgency":"Pennsylvania","stateFedId":"D65-052","latitude":"40.3625","longitude":"-79.4525","state":"Pennsylvania","county":"Westmoreland","countyState":"Westmoreland, Pennsylvania","city":null,"distance":null,"riverName":"Crabtree Creek","congDist":"Congressional District 14, Pennsylvania","stateRegulatedId":"Yes","jurisdictionAuthorityId":"Yes","stateRegulatoryAgency":"Pennsylvania Department of Environmental Protection","permittingAuthorityId":"Yes","inspectionAuthorityId":"Yes","enforcementAuthorityId":"Yes","fedRegulatedId":"No","fedOwnerIds":null,"fedFundingIds":null,"fedDesignIds":null,"fedConstructionIds":null,"fedRegulatoryIds":null,"fedInspectionIds":null,"fedOperationIds":null,"fedOtherIds":null,"secretaryAgricultureBuiltId":"No","nrcsWatershedAuthorizationId":"N/A","primaryDamTypeId":"Earth","damTypeIds":"Earth;Stone;Masonry","coreTypeIds":"Unlisted/Unknown;Unlisted/Unknown","foundationTypeIds":"Unlisted/Unknown","damHeight":"27","hydraulicHeight":null,"structuralHeight":null,"nidHeight":"27","nidHeightId":"25-50 feet","damLength":"785","volume":null,"yearCompleted":"1990","yearCompletedId":"1990-1999","yearsModified":null,"nidStorage":"171","maxStorage":"171","normalStorage":"92","surfaceArea":"15","drainageArea":"2.2","maxDischarge":null,"spillwayTypeId":null,"spillwayWidth":null,"numberOfLocks":null,"lengthOfLocks":null,"widthOfLocks":null,"secondaryLengthOfLocks":null,"secondaryWidthOfLocks":null,"outletGateTypes":null,"dataUpdated":"2021-04-09","inspectionDate":"2018-02-20","inspectionFrequency":"2","publicHazardId":"Significant","conditionAssessId":"Not Rated","conditionAssessDate":null,"eapId":"Yes","eapLastRevDate":null,"websiteUrl":"https://damsafety.org/pennsylvania","usaceDivision":"Great Lakes and Ohio River Division","usaceDistrict":"Pittsburgh District","operationalStatusId":null,"operationalStatusDate":null,"inundationNidAddedId":"No","huc2":"05","huc4":"0501","huc6":"050100","huc8":"05010008","zipcode":"15670","nation":"USA","stateKey":"PA","femaRegion":"3","femaCommunity":"Unity township, Pennsylvania","aiannh":null,"hasDamPhotoId":"No","sectionSevenAuthorityId":"No"},"geometry":{"type":"Point","coordinates":[-79.4525,40.3625]}},
{"type":"Feature","properties":{"fid":69841,"name":"David Mine Sedimentation Pond No 2","otherNames":null,"formerNames":null,"nidId":"PA01228","otherStructureId":null,"federalId":"PA01228","ownerNames":"CANTERBURY COAL COMPANY","ownerTypeIds":"Private","primaryOwnerTypeId":"Private","separateStructuresCount":"0","isAssociatedStructureId":"No","designerNames":null,"nonFederalDamOnFederalId":"No","primaryPurposeId":"Other","purposeIds":"Other","sourceAgency":"Pennsylvania","stateFedId":"D03-031","latitude":"40.56805556","longitude":"-79.45888889","state":"Pennsylvania","county":"Armstrong","countyState":"Armstrong, Pennsylvania","city":null,"distance":null,"riverName":"Tr Long Run","congDist":"Congressional District 15, Pennsylvania","stateRegulatedId":"Yes","jurisdictionAuthorityId":"Yes","stateRegulatoryAgency":"Pennsylvania Department of Environmental Protection","permittingAuthorityId":"Yes","inspectionAuthorityId":"Yes","enforcementAuthorityId":"Yes","fedRegulatedId":"No","fedOwnerIds":null,"fedFundingIds":null,"fedDesignIds":null,"fedConstructionIds":null,"fedRegulatoryIds":null,"fedInspectionIds":null,"fedOperationIds":null,"fedOtherIds":null,"secretaryAgricultureBuiltId":"No","nrcsWatershedAuthorizationId":"N/A","primaryDamTypeId":"Earth","damTypeIds":"Earth","coreTypeIds":"Unlisted/Unknown;Unlisted/Unknown","foundationTypeIds":"Unlisted/Unknown","damHeight":"35","hydraulicHeight":null,"structuralHeight":null,"nidHeight":"35","nidHeightId":"25-50 feet","damLength":"270","volume":null,"yearCompleted":"1989","yearCompletedId":"1980-1989","yearsModified":null,"nidStorage":"69","maxStorage":"69","normalStorage":"65","surfaceArea":"5","drainageArea":"0.5","maxDischarge":null,"spillwayTypeId":null,"spillwayWidth":null,"numberOfLocks":null,"lengthOfLocks":null,"widthOfLocks":null,"secondaryLengthOfLocks":null,"secondaryWidthOfLocks":null,"outletGateTypes":null,"dataUpdated":"2021-04-09","inspectionDate":"2020-11-19","inspectionFrequency":"1","publicHazardId":"High","conditionAssessId":"Fair","conditionAssessDate":null,"eapId":"No","eapLastRevDate":null,"websiteUrl":"https://damsafety.org/pennsylvania","usaceDivision":"Great Lakes and Ohio River Division","usaceDistrict":"Pittsburgh District","operationalStatusId":null,"operationalStatusDate":null,"inundationNidAddedId":"No","huc2":"05","huc4":"0501","huc6":"050100","huc8":"05010008","zipcode":"15613","nation":"USA","stateKey":"PA","femaRegion":"3","femaCommunity":"Kiskiminetas township, Pennsylvania","aiannh":null,"hasDamPhotoId":"No","sectionSevenAuthorityId":"No"},"geometry":{"type":"Point","coordinates":[-79.45888889,40.56805556]}},
{"type":"Feature","properties":{"fid":70449,"name":"David Mine Equalization Pond No 3","otherNames":null,"formerNames":null,"nidId":"PA01412","otherStructureId":null,"federalId":"PA01412","ownerNames":"CANTERBURY COAL COMPANY","ownerTypeIds":"Private","primaryOwnerTypeId":"Private","separateStructuresCount":"0","isAssociatedStructureId":"No","designerNames":null,"nonFederalDamOnFederalId":"No","primaryPurposeId":"Other","purposeIds":"Other","sourceAgency":"Pennsylvania","stateFedId":"D03-032","latitude":"40.56833333","longitude":"-79.45777778","state":"Pennsylvania","county":"Armstrong","countyState":"Armstrong, Pennsylvania","city":null,"distance":null,"riverName":"Tr Long Run","congDist":"Congressional District 15, Pennsylvania","stateRegulatedId":"Yes","jurisdictionAuthorityId":"Yes","stateRegulatoryAgency":"Pennsylvania Department of Environmental Protection","permittingAuthorityId":"Yes","inspectionAuthorityId":"Yes","enforcementAuthorityId":"Yes","fedRegulatedId":"No","fedOwnerIds":null,"fedFundingIds":null,"fedDesignIds":null,"fedConstructionIds":null,"fedRegulatoryIds":null,"fedInspectionIds":null,"fedOperationIds":null,"fedOtherIds":null,"secretaryAgricultureBuiltId":"No","nrcsWatershedAuthorizationId":"N/A","primaryDamTypeId":"Earth","damTypeIds":"Earth","coreTypeIds":"Unlisted/Unknown;Unlisted/Unknown","foundationTypeIds":"Unlisted/Unknown","damHeight":"21","hydraulicHeight":null,"structuralHeight":null,"nidHeight":"21","nidHeightId":"Less than 25 feet","damLength":"145","volume":null,"yearCompleted":null,"yearCompletedId":"Undetermined","yearsModified":null,"nidStorage":"8","maxStorage":"8","normalStorage":"6","surfaceArea":"1","drainageArea":"1.2","maxDischarge":null,"spillwayTypeId":null,"spillwayWidth":null,"numberOfLocks":null,"lengthOfLocks":null,"widthOfLocks":null,"secondaryLengthOfLocks":null,"secondaryWidthOfLocks":null,"outletGateTypes":null,"dataUpdated":"2021-04-09","inspectionDate":"2017-03-29","inspectionFrequency":"2","publicHazardId":"Significant","conditionAssessId":"Not Rated","conditionAssessDate":null,"eapId":"No","eapLastRevDate":null,"websiteUrl":"https://damsafety.org/pennsylvania","usaceDivision":"Great Lakes and Ohio River Division","usaceDistrict":"Pittsburgh District","operationalStatusId":null,"operationalStatusDate":null,"inundationNidAddedId":"No","huc2":"05","huc4":"0501","huc6":"050100","huc8":"05010008","zipcode":"15618","nation":"USA","stateKey":"PA","femaRegion":"3","femaCommunity":"Kiskiminetas township, Pennsylvania","aiannh":null,"hasDamPhotoId":"No","sectionSevenAuthorityId":"No"},"geometry":{"type":"Point","coordinates":[-79.45777778,40.56833333]}},
{"type":"Feature","properties":{"fid":43061,"name":"Lanpher","otherNames":null,"formerNames":null,"nidId":"PA01980","otherStructureId":null,"federalId":"PA01980","ownerNames":"PITTSBURGH WATER AND SEWER AUTHORITY","ownerTypeIds":"Local Government","primaryOwnerTypeId":"Local Government","separateStructuresCount":"0","isAssociatedStructureId":"No","designerNames":null,"nonFederalDamOnFederalId":"No","primaryPurposeId":"Water Supply","purposeIds":"Water Supply","sourceAgency":"Pennsylvania","stateFedId":"D02-144","latitude":"40.49194444","longitude":"-79.95972222","state":"Pennsylvania","county":"Allegheny","countyState":"Allegheny, Pennsylvania","city":null,"distance":null,"riverName":"Wtrshd Allegheny River","congDist":"Congressional District 17, Pennsylvania","stateRegulatedId":"Yes","jurisdictionAuthorityId":"Yes","stateRegulatoryAgency":"Pennsylvania Department of Environmental Protection","permittingAuthorityId":"Yes","inspectionAuthorityId":"Yes","enforcementAuthorityId":"Yes","fedRegulatedId":"No","fedOwnerIds":null,"fedFundingIds":null,"fedDesignIds":null,"fedConstructionIds":null,"fedRegulatoryIds":null,"fedInspectionIds":null,"fedOperationIds":null,"fedOtherIds":null,"secretaryAgricultureBuiltId":"No","nrcsWatershedAuthorizationId":"N/A","primaryDamTypeId":"Earth","damTypeIds":"Earth","coreTypeIds":"Unlisted/Unknown;Unlisted/Unknown","foundationTypeIds":"Unlisted/Unknown","damHeight":"38","hydraulicHeight":null,"structuralHeight":null,"nidHeight":"38","nidHeightId":"25-50 feet","damLength":"3425","volume":null,"yearCompleted":"1915","yearCompletedId":"1910-1919","yearsModified":null,"nidStorage":"470","maxStorage":"470","normalStorage":"470","surfaceArea":"16","drainageArea":null,"maxDischarge":null,"spillwayTypeId":null,"spillwayWidth":null,"numberOfLocks":null,"lengthOfLocks":null,"widthOfLocks":null,"secondaryLengthOfLocks":null,"secondaryWidthOfLocks":null,"outletGateTypes":null,"dataUpdated":"2021-04-09","inspectionDate":"2021-03-05","inspectionFrequency":"1","publicHazardId":"High","conditionAssessId":"Satisfactory","conditionAssessDate":null,"eapId":"No","eapLastRevDate":null,"websiteUrl":"https://damsafety.org/pennsylvania","usaceDivision":"Great Lakes and Ohio River Division","usaceDistrict":"Pittsburgh District","operationalStatusId":null,"operationalStatusDate":null,"inundationNidAddedId":"No","huc2":"05","huc4":"0501","huc6":"050100","huc8":"05010009","zipcode":"15209","nation":"USA","stateKey":"PA","femaRegion":"3","femaCommunity":"Shaler township, Pennsylvania","aiannh":null,"hasDamPhotoId":"No","sectionSevenAuthorityId":"No"},"geometry":{"type":"Point","coordinates":[-79.95972222,40.49194444]}},
{"type":"Feature","properties":{"fid":32909,"name":"Lake Stonycreek","otherNames":null,"formerNames":null,"nidId":"PA00227","otherStructureId":null,"federalId":"PA00227","ownerNames":"STONYCREEK VALLEY DEVELOPMENT CORPORATION","ownerTypeIds":"Private","primaryOwnerTypeId":"Private","separateStructuresCount":"0","isAssociatedStructureId":"No","designerNames":null,"nonFederalDamOnFederalId":"No","primaryPurposeId":"Recreation","purposeIds":"Recreation","sourceAgency":"Pennsylvania","stateFedId":"D56-097","latitude":"40.02027778","longitude":"-78.89166667","state":"Pennsylvania","county":"Somerset","countyState":"Somerset, Pennsylvania","city":null,"distance":null,"riverName":"Rhoads Creek","congDist":"Congressional District 14, Pennsylvania","stateRegulatedId":"Yes","jurisdictionAuthorityId":"Yes","stateRegulatoryAgency":"Pennsylvania Department of Environmental Protection","permittingAuthorityId":"Yes","inspectionAuthorityId":"Yes","enforcementAuthorityId":"Yes","fedRegulatedId":"No","fedOwnerIds":null,"fedFundingIds":null,"fedDesignIds":null,"fedConstructionIds":null,"fedRegulatoryIds":null,"fedInspectionIds":null,"fedOperationIds":null,"fedOtherIds":null,"secretaryAgricultureBuiltId":"No","nrcsWatershedAuthorizationId":"N/A","primaryDamTypeId":"Earth","damTypeIds":"Earth","coreTypeIds":"Unlisted/Unknown;Unlisted/Unknown","foundationTypeIds":"Unlisted/Unknown","damHeight":"31","hydraulicHeight":null,"structuralHeight":null,"nidHeight":"31","nidHeightId":"25-50 feet","damLength":"900","volume":null,"yearCompleted":"1960","yearCompletedId":"1960-1969","yearsModified":null,"nidStorage":"6050","maxStorage":"6050","normalStorage":"2000","surfaceArea":"170","drainageArea":"26.2","maxDischarge":null,"spillwayTypeId":null,"spillwayWidth":null,"numberOfLocks":null,"lengthOfLocks":null,"widthOfLocks":null,"secondaryLengthOfLocks":null,"secondaryWidthOfLocks":null,"outletGateTypes":null,"dataUpdated":"2021-04-09","inspectionDate":"2020-09-08","inspectionFrequency":"1","publicHazardId":"High","conditionAssessId":"Satisfactory","conditionAssessDate":null,"eapId":"Yes","eapLastRevDate":null,"websiteUrl":"https://damsafety.org/pennsylvania","usaceDivision":"North Atlantic Division","usaceDistrict":"Pittsburgh District","operationalStatusId":null,"operationalStatusDate":null,"inundationNidAddedId":"No","huc2":"05","huc4":"0501","huc6":"050100","huc8":"05010007","zipcode":"15541","nation":"USA","stateKey":"PA","femaRegion":"3","femaCommunity":"Stonycreek township, Pennsylvania","aiannh":null,"hasDamPhotoId":"No","sectionSevenAuthorityId":"No"},"geometry":{"type":"Point","coordinates":[-78.89166667,40.02027778]}},
{"type":"Feature","properties":{"fid":61377,"name":"Indian Lake","otherNames":null,"formerNames":null,"nidId":"PA00228","otherStructureId":null,"federalId":"PA00228","ownerNames":"INDIAN LAKE BOROUGH","ownerTypeIds":"Local Government","primaryOwnerTypeId":"Local Government","separateStructuresCount":"0","isAssociatedStructureId":"No","designerNames":null,"nonFederalDamOnFederalId":"No","primaryPurposeId":"Recreation","purposeIds":"Recreation","sourceAgency":"Pennsylvania","stateFedId":"D56-103","latitude":"40.02888889","longitude":"-78.87222222","state":"Pennsylvania","county":"Somerset","countyState":"Somerset, Pennsylvania","city":null,"distance":null,"riverName":"Calendars Run","congDist":"Congressional District 14, Pennsylvania","stateRegulatedId":"Yes","jurisdictionAuthorityId":"Yes","stateRegulatoryAgency":"Pennsylvania Department of Environmental Protection","permittingAuthorityId":"Yes","inspectionAuthorityId":"Yes","enforcementAuthorityId":"Yes","fedRegulatedId":"No","fedOwnerIds":null,"fedFundingIds":null,"fedDesignIds":null,"fedConstructionIds":null,"fedRegulatoryIds":null,"fedInspectionIds":null,"fedOperationIds":null,"fedOtherIds":null,"secretaryAgricultureBuiltId":"No","nrcsWatershedAuthorizationId":"N/A","primaryDamTypeId":"Earth","damTypeIds":"Earth","coreTypeIds":"Unlisted/Unknown;Unlisted/Unknown","foundationTypeIds":"Unlisted/Unknown","damHeight":"71","hydraulicHeight":null,"structuralHeight":null,"nidHeight":"71","nidHeightId":"51-100 feet","damLength":"960","volume":null,"yearCompleted":"1964","yearCompletedId":"1960-1969","yearsModified":"2008F;2010S","nidStorage":"16132","maxStorage":"16132","normalStorage":"9288","surfaceArea":"541","drainageArea":"13.7","maxDischarge":null,"spillwayTypeId":"Uncontrolled","spillwayWidth":"150","numberOfLocks":null,"lengthOfLocks":null,"widthOfLocks":null,"secondaryLengthOfLocks":null,"secondaryWidthOfLocks":null,"outletGateTypes":null,"dataUpdated":"2021-04-09","inspectionDate":"2020-12-15","inspectionFrequency":"1","publicHazardId":"High","conditionAssessId":"Satisfactory","conditionAssessDate":null,"eapId":"Yes","eapLastRevDate":null,"websiteUrl":"https://damsafety.org/pennsylvania","usaceDivision":"North Atlantic Division","usaceDistrict":"Pittsburgh District","operationalStatusId":null,"operationalStatusDate":null,"inundationNidAddedId":"No","huc2":"05","huc4":"0501","huc6":"050100","huc8":"05010007","zipcode":"15563","nation":"USA","stateKey":"PA","femaRegion":"3","femaCommunity":"Indian Lake borough, Pennsylvania","aiannh":null,"hasDamPhotoId":"No","sectionSevenAuthorityId":"No"},"geometry":{"type":"Point","coordinates":[-78.87222222,40.02888889]}},
{"type":"Feature","properties":{"fid":35670,"name":"Mannitto","otherNames":null,"formerNames":null,"nidId":"PA01602","otherStructureId":null,"federalId":"PA01602","ownerNames":"MANNITTO GOLF CLUB","ownerTypeIds":"Private","primaryOwnerTypeId":"Private","separateStructuresCount":"0","isAssociatedStructureId":"No","designerNames":null,"nonFederalDamOnFederalId":"No","primaryPurposeId":"Recreation","purposeIds":"Recreation","sourceAgency":"Pennsylvania","stateFedId":"D65-180","latitude":"40.42333333","longitude":"-79.435","state":"Pennsylvania","county":"Westmoreland","countyState":"Westmoreland, Pennsylvania","city":null,"distance":null,"riverName":"Tr Loyalhanna Creek","congDist":"Congressional District 14, Pennsylvania","stateRegulatedId":"Yes","jurisdictionAuthorityId":"Yes","stateRegulatoryAgency":"Pennsylvania Department of Environmental Protection","permittingAuthorityId":"Yes","inspectionAuthorityId":"Yes","enforcementAuthorityId":"Yes","fedRegulatedId":"No","fedOwnerIds":null,"fedFundingIds":null,"fedDesignIds":null,"fedConstructionIds":null,"fedRegulatoryIds":null,"fedInspectionIds":null,"fedOperationIds":null,"fedOtherIds":null,"secretaryAgricultureBuiltId":"No","nrcsWatershedAuthorizationId":"N/A","primaryDamTypeId":"Earth","damTypeIds":"Earth","coreTypeIds":"Unlisted/Unknown;Unlisted/Unknown","foundationTypeIds":"Unlisted/Unknown","damHeight":"18","hydraulicHeight":null,"structuralHeight":null,"nidHeight":"18","nidHeightId":"Less than 25 feet","damLength":"550","volume":null,"yearCompleted":null,"yearCompletedId":"Undetermined","yearsModified":null,"nidStorage":"95","maxStorage":"95","normalStorage":"50","surfaceArea":"11","drainageArea":"0.25","maxDischarge":null,"spillwayTypeId":null,"spillwayWidth":null,"numberOfLocks":null,"lengthOfLocks":null,"widthOfLocks":null,"secondaryLengthOfLocks":null,"secondaryWidthOfLocks":null,"outletGateTypes":null,"dataUpdated":"2021-04-09","inspectionDate":"2017-06-26","inspectionFrequency":"5","publicHazardId":"Low","conditionAssessId":"Not Rated","conditionAssessDate":null,"eapId":"Not Required","eapLastRevDate":null,"websiteUrl":"https://damsafety.org/pennsylvania","usaceDivision":"Great Lakes and Ohio River Division","usaceDistrict":"Pittsburgh District","operationalStatusId":null,"operationalStatusDate":null,"inundationNidAddedId":"No","huc2":"05","huc4":"0501","huc6":"050100","huc8":"05010008","zipcode":"15681","nation":"USA","stateKey":"PA","femaRegion":"3","femaCommunity":"Loyalhanna township, Pennsylvania","aiannh":null,"hasDamPhotoId":"No","sectionSevenAuthorityId":"No"},"geometry":{"type":"Point","coordinates":[-79.435,40.42333333]}},
{"type":"Feature","properties":{"fid":46898,"name":"Whitney Ridge","otherNames":null,"formerNames":null,"nidId":"PA00474","otherStructureId":null,"federalId":"PA00474","ownerNames":"RONALD REPASKY","ownerTypeIds":"Private","primaryOwnerTypeId":"Private","separateStructuresCount":"0","isAssociatedStructureId":"No","designerNames":null,"nonFederalDamOnFederalId":"No","primaryPurposeId":"Recreation","purposeIds":"Recreation","sourceAgency":"Pennsylvania","stateFedId":"D65-024","latitude":"40.23916667","longitude":"-79.39805556","state":"Pennsylvania","county":"Westmoreland","countyState":"Westmoreland, Pennsylvania","city":null,"distance":null,"riverName":"Tr Ninemile Run","congDist":"Congressional District 14, Pennsylvania","stateRegulatedId":"Yes","jurisdictionAuthorityId":"Yes","stateRegulatoryAgency":"Pennsylvania Department of Environmental Protection","permittingAuthorityId":"Yes","inspectionAuthorityId":"Yes","enforcementAuthorityId":"Yes","fedRegulatedId":"No","fedOwnerIds":null,"fedFundingIds":null,"fedDesignIds":null,"fedConstructionIds":null,"fedRegulatoryIds":null,"fedInspectionIds":null,"fedOperationIds":null,"fedOtherIds":null,"secretaryAgricultureBuiltId":"No","nrcsWatershedAuthorizationId":"N/A","primaryDamTypeId":"Earth","damTypeIds":"Earth","coreTypeIds":"Unlisted/Unknown;Unlisted/Unknown","foundationTypeIds":"Unlisted/Unknown","damHeight":"18","hydraulicHeight":null,"structuralHeight":null,"nidHeight":"18","nidHeightId":"Less than 25 feet","damLength":"500","volume":null,"yearCompleted":"1899","yearCompletedId":"Before 1900","yearsModified":"2014H","nidStorage":"79","maxStorage":"79","normalStorage":"55","surfaceArea":"6","drainageArea":"2.2","maxDischarge":null,"spillwayTypeId":null,"spillwayWidth":null,"numberOfLocks":null,"lengthOfLocks":null,"widthOfLocks":null,"secondaryLengthOfLocks":null,"secondaryWidthOfLocks":null,"outletGateTypes":null,"dataUpdated":"2021-04-09","inspectionDate":"2020-09-23","inspectionFrequency":"1","publicHazardId":"High","conditionAssessId":"Fair","conditionAssessDate":null,"eapId":"Yes","eapLastRevDate":null,"websiteUrl":"https://damsafety.org/pennsylvania","usaceDivision":"Great Lakes and Ohio River Division","usaceDistrict":"Pittsburgh District","operationalStatusId":null,"operationalStatusDate":null,"inundationNidAddedId":"No","huc2":"05","huc4":"0501","huc6":"050100","huc8":"05010008","zipcode":"15650","nation":"USA","stateKey":"PA","femaRegion":"3","femaCommunity":"Unity township, Pennsylvania","aiannh":null,"hasDamPhotoId":"No","sectionSevenAuthorityId":"No"},"geometry":{"type":"Point","coordinates":[-79.39805556,40.23916667]}},
{"type":"Feature","properties":{"fid":49787,"name":"Keystone State Park","otherNames":null,"formerNames":null,"nidId":"PA00480","otherStructureId":null,"federalId":"PA00480","ownerNames":"DCNR","ownerTypeIds":"State","primaryOwnerTypeId":"State","separateStructuresCount":"0","isAssociatedStructureId":"No","designerNames":null,"nonFederalDamOnFederalId":"No","primaryPurposeId":"Recreation","purposeIds":"Recreation","sourceAgency":"Pennsylvania","stateFedId":"D65-044","latitude":"40.37444444","longitude":"-79.39083333","state":"Pennsylvania","county":"Westmoreland","countyState":"Westmoreland, Pennsylvania","city":null,"distance":null,"riverName":"Mccune Run","congDist":"Congressional District 14, Pennsylvania","stateRegulatedId":"Yes","jurisdictionAuthorityId":"Yes","stateRegulatoryAgency":"Pennsylvania Department of Environmental Protection","permittingAuthorityId":"Yes","inspectionAuthorityId":"Yes","enforcementAuthorityId":"Yes","fedRegulatedId":"No","fedOwnerIds":null,"fedFundingIds":null,"fedDesignIds":null,"fedConstructionIds":null,"fedRegulatoryIds":null,"fedInspectionIds":null,"fedOperationIds":null,"fedOtherIds":null,"secretaryAgricultureBuiltId":"No","nrcsWatershedAuthorizationId":"N/A","primaryDamTypeId":"Earth","damTypeIds":"Earth","coreTypeIds":"Unlisted/Unknown;Unlisted/Unknown","foundationTypeIds":"Unlisted/Unknown","damHeight":"45","hydraulicHeight":null,"structuralHeight":null,"nidHeight":"45","nidHeightId":"25-50 feet","damLength":"680","volume":null,"yearCompleted":"1910","yearCompletedId":"1910-1919","yearsModified":"2006S;2008H","nidStorage":"1250","maxStorage":"1250","normalStorage":"680","surfaceArea":"78","drainageArea":"3.5","maxDischarge":null,"spillwayTypeId":null,"spillwayWidth":null,"numberOfLocks":null,"lengthOfLocks":null,"widthOfLocks":null,"secondaryLengthOfLocks":null,"secondaryWidthOfLocks":null,"outletGateTypes":null,"dataUpdated":"2021-04-09","inspectionDate":"2019-03-11","inspectionFrequency":"2","publicHazardId":"Significant","conditionAssessId":"Not Rated","conditionAssessDate":null,"eapId":"Yes","eapLastRevDate":null,"websiteUrl":"https://damsafety.org/pennsylvania","usaceDivision":"Great Lakes and Ohio River Division","usaceDistrict":"Pittsburgh District","operationalStatusId":null,"operationalStatusDate":null,"inundationNidAddedId":"No","huc2":"05","huc4":"0501","huc6":"050100","huc8":"05010008","zipcode":"15627","nation":"USA","stateKey":"PA","femaRegion":"3","femaCommunity":"Derry township, Pennsylvania","aiannh":null,"hasDamPhotoId":"No","sectionSevenAuthorityId":"No"},"geometry":{"type":"Point","coordinates":[-79.39083333,40.37444444]}},
{"type":"Feature","properties":{"fid":39388,"name":"Donegal","otherNames":null,"formerNames":null,"nidId":"PA00457","otherStructureId":null,"federalId":"PA00457","ownerNames":"PA FISH & BOAT COMMISSION","ownerTypeIds":"State","primaryOwnerTypeId":"State","separateStructuresCount":"0","isAssociatedStructureId":"No","designerNames":null,"nonFederalDamOnFederalId":"No","primaryPurposeId":"Recreation","purposeIds":"Recreation","sourceAgency":"Pennsylvania","stateFedId":"D65-126","latitude":"40.14555556","longitude":"-79.37055556","state":"Pennsylvania","county":"Westmoreland","countyState":"Westmoreland, Pennsylvania","city":null,"distance":null,"riverName":"Fourmile Run","congDist":"Congressional District 14, Pennsylvania","stateRegulatedId":"Yes","jurisdictionAuthorityId":"Yes","stateRegulatoryAgency":"Pennsylvania Department of Environmental Protection","permittingAuthorityId":"Yes","inspectionAuthorityId":"Yes","enforcementAuthorityId":"Yes","fedRegulatedId":"No","fedOwnerIds":null,"fedFundingIds":null,"fedDesignIds":null,"fedConstructionIds":null,"fedRegulatoryIds":null,"fedInspectionIds":null,"fedOperationIds":null,"fedOtherIds":null,"secretaryAgricultureBuiltId":"No","nrcsWatershedAuthorizationId":"N/A","primaryDamTypeId":"Earth","damTypeIds":"Earth","coreTypeIds":"Unlisted/Unknown;Unlisted/Unknown","foundationTypeIds":"Unlisted/Unknown","damHeight":"32","hydraulicHeight":null,"structuralHeight":null,"nidHeight":"32","nidHeightId":"25-50 feet","damLength":"520","volume":null,"yearCompleted":"1967","yearCompletedId":"1960-1969","yearsModified":"2020F;2020H;2020O","nidStorage":"1650","maxStorage":"1650","normalStorage":"900","surfaceArea":"90","drainageArea":"5.9","maxDischarge":null,"spillwayTypeId":null,"spillwayWidth":null,"numberOfLocks":null,"lengthOfLocks":null,"widthOfLocks":null,"secondaryLengthOfLocks":null,"secondaryWidthOfLocks":null,"outletGateTypes":null,"dataUpdated":"2021-04-09","inspectionDate":"2020-06-11","inspectionFrequency":"1","publicHazardId":"High","conditionAssessId":"Satisfactory","conditionAssessDate":null,"eapId":"Yes","eapLastRevDate":null,"websiteUrl":"https://damsafety.org/pennsylvania","usaceDivision":"North Atlantic Division","usaceDistrict":"Pittsburgh District","operationalStatusId":null,"operationalStatusDate":null,"inundationNidAddedId":"No","huc2":"05","huc4":"0501","huc6":"050100","huc8":"05010008","zipcode":"15687","nation":"USA","stateKey":"PA","femaRegion":"3","femaCommunity":"Donegal township, Pennsylvania","aiannh":null,"hasDamPhotoId":"No","sectionSevenAuthorityId":"No"},"geometry":{"type":"Point","coordinates":[-79.37055556,40.14555556]}},
{"type":"Feature","properties":{"fid":38679,"name":"Breskin No 1","otherNames":null,"formerNames":null,"nidId":"PA01141","otherStructureId":null,"federalId":"PA01141","ownerNames":"KALE PARTNERS. LP","ownerTypeIds":"Private","primaryOwnerTypeId":"Private","separateStructuresCount":"0","isAssociatedStructureId":"No","designerNames":null,"nonFederalDamOnFederalId":"No","primaryPurposeId":"Recreation","purposeIds":"Recreation","sourceAgency":"Pennsylvania","stateFedId":"D65-141","latitude":"40.23166667","longitude":"-79.32194444","state":"Pennsylvania","county":"Westmoreland","countyState":"Westmoreland, Pennsylvania","city":null,"distance":null,"riverName":"Tr Fourmile Run","congDist":"Congressional District 14, Pennsylvania","stateRegulatedId":"Yes","jurisdictionAuthorityId":"Yes","stateRegulatoryAgency":"Pennsylvania Department of Environmental Protection","permittingAuthorityId":"Yes","inspectionAuthorityId":"Yes","enforcementAuthorityId":"Yes","fedRegulatedId":"No","fedOwnerIds":null,"fedFundingIds":null,"fedDesignIds":null,"fedConstructionIds":null,"fedRegulatoryIds":null,"fedInspectionIds":null,"fedOperationIds":null,"fedOtherIds":null,"secretaryAgricultureBuiltId":"No","nrcsWatershedAuthorizationId":"N/A","primaryDamTypeId":"Earth","damTypeIds":"Earth","coreTypeIds":"Unlisted/Unknown;Unlisted/Unknown","foundationTypeIds":"Unlisted/Unknown","damHeight":"29","hydraulicHeight":null,"structuralHeight":null,"nidHeight":"29","nidHeightId":"25-50 feet","damLength":"338","volume":null,"yearCompleted":"1973","yearCompletedId":"1970-1979","yearsModified":null,"nidStorage":"36","maxStorage":"36","normalStorage":"29","surfaceArea":"2","drainageArea":"0.2","maxDischarge":null,"spillwayTypeId":null,"spillwayWidth":null,"numberOfLocks":null,"lengthOfLocks":null,"widthOfLocks":null,"secondaryLengthOfLocks":null,"secondaryWidthOfLocks":null,"outletGateTypes":null,"dataUpdated":"2021-04-09","inspectionDate":"2019-06-25","inspectionFrequency":"5","publicHazardId":"Low","conditionAssessId":"Satisfactory","conditionAssessDate":null,"eapId":"Not Required","eapLastRevDate":null,"websiteUrl":"https://damsafety.org/pennsylvania","usaceDivision":"North Atlantic Division","usaceDistrict":"Pittsburgh District","operationalStatusId":null,"operationalStatusDate":null,"inundationNidAddedId":"No","huc2":"05","huc4":"0501","huc6":"050100","huc8":"05010008","zipcode":"15650","nation":"USA","stateKey":"PA","femaRegion":"3","femaCommunity":"Ligonier township, Pennsylvania","aiannh":null,"hasDamPhotoId":"No","sectionSevenAuthorityId":"No"},"geometry":{"type":"Point","coordinates":[-79.32194444,40.23166667]}},
{"type":"Feature","properties":{"fid":32563,"name":"Breskin No 2","otherNames":null,"formerNames":null,"nidId":"PA00485","otherStructureId":null,"federalId":"PA00485","ownerNames":"GENE PLUTO","ownerTypeIds":"Private","primaryOwnerTypeId":"Private","separateStructuresCount":"0","isAssociatedStructureId":"No","designerNames":null,"nonFederalDamOnFederalId":"No","primaryPurposeId":"Recreation","purposeIds":"Recreation","sourceAgency":"Pennsylvania","stateFedId":"D65-134","latitude":"40.22944444","longitude":"-79.32027778","state":"Pennsylvania","county":"Westmoreland","countyState":"Westmoreland, Pennsylvania","city":null,"distance":null,"riverName":"Tr Fourmile Run","congDist":"Congressional District 14, Pennsylvania","stateRegulatedId":"Yes","jurisdictionAuthorityId":"Yes","stateRegulatoryAgency":"Pennsylvania Department of Environmental Protection","permittingAuthorityId":"Yes","inspectionAuthorityId":"Yes","enforcementAuthorityId":"Yes","fedRegulatedId":"No","fedOwnerIds":null,"fedFundingIds":null,"fedDesignIds":null,"fedConstructionIds":null,"fedRegulatoryIds":null,"fedInspectionIds":null,"fedOperationIds":null,"fedOtherIds":null,"secretaryAgricultureBuiltId":"No","nrcsWatershedAuthorizationId":"N/A","primaryDamTypeId":"Earth","damTypeIds":"Earth","coreTypeIds":"Unlisted/Unknown;Unlisted/Unknown","foundationTypeIds":"Unlisted/Unknown","damHeight":"42","hydraulicHeight":null,"structuralHeight":null,"nidHeight":"42","nidHeightId":"25-50 feet","damLength":"875","volume":null,"yearCompleted":"1971","yearCompletedId":"1970-1979","yearsModified":null,"nidStorage":"66","maxStorage":"66","normalStorage":"36","surfaceArea":"6","drainageArea":"0.32","maxDischarge":null,"spillwayTypeId":null,"spillwayWidth":null,"numberOfLocks":null,"lengthOfLocks":null,"widthOfLocks":null,"secondaryLengthOfLocks":null,"secondaryWidthOfLocks":null,"outletGateTypes":null,"dataUpdated":"2021-04-09","inspectionDate":"2020-10-15","inspectionFrequency":"1","publicHazardId":"High","conditionAssessId":"Satisfactory","conditionAssessDate":null,"eapId":"Yes","eapLastRevDate":null,"websiteUrl":"https://damsafety.org/pennsylvania","usaceDivision":"North Atlantic Division","usaceDistrict":"Pittsburgh District","operationalStatusId":null,"operationalStatusDate":null,"inundationNidAddedId":"No","huc2":"05","huc4":"0501","huc6":"050100","huc8":"05010008","zipcode":"15650","nation":"USA","stateKey":"PA","femaRegion":"3","femaCommunity":"Ligonier township, Pennsylvania","aiannh":null,"hasDamPhotoId":"No","sectionSevenAuthorityId":"No"},"geometry":{"type":"Point","coordinates":[-79.32027778,40.22944444]}},
{"type":"Feature","properties":{"fid":53651,"name":"Ethel Springs","otherNames":null,"formerNames":null,"nidId":"PA01121","otherStructureId":null,"federalId":"PA01121","ownerNames":"DERRY BOROUGH MUNICIPAL AUTHORITY","ownerTypeIds":"Local Government","primaryOwnerTypeId":"Local Government","separateStructuresCount":"0","isAssociatedStructureId":"No","designerNames":null,"nonFederalDamOnFederalId":"No","primaryPurposeId":"Water Supply","purposeIds":"Water Supply","sourceAgency":"Pennsylvania","stateFedId":"D65-013","latitude":"40.33861111","longitude":"-79.30722222","state":"Pennsylvania","county":"Westmoreland","countyState":"Westmoreland, Pennsylvania","city":null,"distance":null,"riverName":"Tr Mcgee Run","congDist":"Congressional District 14, Pennsylvania","stateRegulatedId":"Yes","jurisdictionAuthorityId":"Yes","stateRegulatoryAgency":"Pennsylvania Department of Environmental Protection","permittingAuthorityId":"Yes","inspectionAuthorityId":"Yes","enforcementAuthorityId":"Yes","fedRegulatedId":"No","fedOwnerIds":null,"fedFundingIds":null,"fedDesignIds":null,"fedConstructionIds":null,"fedRegulatoryIds":null,"fedInspectionIds":null,"fedOperationIds":null,"fedOtherIds":null,"secretaryAgricultureBuiltId":"No","nrcsWatershedAuthorizationId":"N/A","primaryDamTypeId":"Earth","damTypeIds":"Earth","coreTypeIds":"Unlisted/Unknown;Unlisted/Unknown","foundationTypeIds":"Unlisted/Unknown","damHeight":"43","hydraulicHeight":null,"structuralHeight":null,"nidHeight":"43","nidHeightId":"25-50 feet","damLength":"650","volume":null,"yearCompleted":"1900","yearCompletedId":"1900-1909","yearsModified":null,"nidStorage":"493","maxStorage":"493","normalStorage":"357","surfaceArea":"34","drainageArea":"0.34","maxDischarge":null,"spillwayTypeId":null,"spillwayWidth":null,"numberOfLocks":null,"lengthOfLocks":null,"widthOfLocks":null,"secondaryLengthOfLocks":null,"secondaryWidthOfLocks":null,"outletGateTypes":null,"dataUpdated":"2021-04-09","inspectionDate":"2020-10-14","inspectionFrequency":"1","publicHazardId":"High","conditionAssessId":"Poor","conditionAssessDate":null,"eapId":"Yes","eapLastRevDate":null,"websiteUrl":"https://damsafety.org/pennsylvania","usaceDivision":"North Atlantic Division","usaceDistrict":"Pittsburgh District","operationalStatusId":null,"operationalStatusDate":null,"inundationNidAddedId":"No","huc2":"05","huc4":"0501","huc6":"050100","huc8":"05010007","zipcode":"15627","nation":"USA","stateKey":"PA","femaRegion":"3","femaCommunity":"Derry borough, Pennsylvania","aiannh":null,"hasDamPhotoId":"No","sectionSevenAuthorityId":"No"},"geometry":{"type":"Point","coordinates":[-79.30722222,40.33861111]}},
{"type":"Feature","properties":{"fid":55739,"name":"Derry Rod and Gun Club","otherNames":null,"formerNames":null,"nidId":"PA00518","otherStructureId":null,"federalId":"PA00518","ownerNames":"DERRY ROD AND GUN CLUB","ownerTypeIds":"Private","primaryOwnerTypeId":"Private","separateStructuresCount":"0","isAssociatedStructureId":"No","designerNames":null,"nonFederalDamOnFederalId":"No","primaryPurposeId":"Recreation","purposeIds":"Recreation","sourceAgency":"Pennsylvania","stateFedId":"D65-143","latitude":"40.30361111","longitude":"-79.29222222","state":"Pennsylvania","county":"Westmoreland","countyState":"Westmoreland, Pennsylvania","city":null,"distance":null,"riverName":"Miller Run","congDist":"Congressional District 14, Pennsylvania","stateRegulatedId":"Yes","jurisdictionAuthorityId":"Yes","stateRegulatoryAgency":"Pennsylvania Department of Environmental Protection","permittingAuthorityId":"Yes","inspectionAuthorityId":"Yes","enforcementAuthorityId":"Yes","fedRegulatedId":"No","fedOwnerIds":null,"fedFundingIds":null,"fedDesignIds":null,"fedConstructionIds":null,"fedRegulatoryIds":null,"fedInspectionIds":null,"fedOperationIds":null,"fedOtherIds":null,"secretaryAgricultureBuiltId":"No","nrcsWatershedAuthorizationId":"N/A","primaryDamTypeId":"Earth","damTypeIds":"Earth","coreTypeIds":"Unlisted/Unknown;Unlisted/Unknown","foundationTypeIds":"Unlisted/Unknown","damHeight":"27","hydraulicHeight":null,"structuralHeight":null,"nidHeight":"27","nidHeightId":"25-50 feet","damLength":"408","volume":null,"yearCompleted":"1952","yearCompletedId":"1950-1959","yearsModified":null,"nidStorage":"96.7","maxStorage":"96.7","normalStorage":"46.5","surfaceArea":"8.4","drainageArea":"0.38","maxDischarge":null,"spillwayTypeId":"Uncontrolled","spillwayWidth":null,"numberOfLocks":null,"lengthOfLocks":null,"widthOfLocks":null,"secondaryLengthOfLocks":null,"secondaryWidthOfLocks":null,"outletGateTypes":null,"dataUpdated":"2021-04-09","inspectionDate":"2020-10-06","inspectionFrequency":"1","publicHazardId":"High","conditionAssessId":"Fair","conditionAssessDate":null,"eapId":"Yes","eapLastRevDate":null,"websiteUrl":"https://damsafety.org/pennsylvania","usaceDivision":"North Atlantic Division","usaceDistrict":"Pittsburgh District","operationalStatusId":null,"operationalStatusDate":null,"inundationNidAddedId":"No","huc2":"05","huc4":"0501","huc6":"050100","huc8":"05010008","zipcode":"15658","nation":"USA","stateKey":"PA","femaRegion":"3","femaCommunity":"Derry township, Pennsylvania","aiannh":null,"hasDamPhotoId":"No","sectionSevenAuthorityId":"No"},"geometry":{"type":"Point","coordinates":[-79.29222222,40.30361111]}},
{"type":"Feature","properties":{"fid":31314,"name":"Lower Ridge","otherNames":null,"formerNames":null,"nidId":"PA01347","otherStructureId":null,"federalId":"PA01347","ownerNames":"DERRY BOROUGH MUNICIPAL AUTHORITY","ownerTypeIds":"Local Government","primaryOwnerTypeId":"Local Government","separateStructuresCount":"0","isAssociatedStructureId":"No","designerNames":null,"nonFederalDamOnFederalId":"No","primaryPurposeId":"Water Supply","purposeIds":"Water Supply","sourceAgency":"Pennsylvania","stateFedId":"D65-012","latitude":"40.32611111","longitude":"-79.28722222","state":"Pennsylvania","county":"Westmoreland","countyState":"Westmoreland, Pennsylvania","city":null,"distance":null,"riverName":"Mcgee Run","congDist":"Congressional District 14, Pennsylvania","stateRegulatedId":"Yes","jurisdictionAuthorityId":"Yes","stateRegulatoryAgency":"Pennsylvania Department of Environmental Protection","permittingAuthorityId":"Yes","inspectionAuthorityId":"Yes","enforcementAuthorityId":"Yes","fedRegulatedId":"No","fedOwnerIds":null,"fedFundingIds":null,"fedDesignIds":null,"fedConstructionIds":null,"fedRegulatoryIds":null,"fedInspectionIds":null,"fedOperationIds":null,"fedOtherIds":null,"secretaryAgricultureBuiltId":"No","nrcsWatershedAuthorizationId":"N/A","primaryDamTypeId":"Earth","damTypeIds":"Earth","coreTypeIds":"Unlisted/Unknown;Unlisted/Unknown","foundationTypeIds":"Unlisted/Unknown","damHeight":"20","hydraulicHeight":null,"structuralHeight":null,"nidHeight":"20","nidHeightId":"Less than 25 feet","damLength":"200","volume":null,"yearCompleted":"1915","yearCompletedId":"1910-1919","yearsModified":null,"nidStorage":"6","maxStorage":"6","normalStorage":null,"surfaceArea":"1","drainageArea":"1.37","maxDischarge":null,"spillwayTypeId":null,"spillwayWidth":null,"numberOfLocks":null,"lengthOfLocks":null,"widthOfLocks":null,"secondaryLengthOfLocks":null,"secondaryWidthOfLocks":null,"outletGateTypes":null,"dataUpdated":"2021-04-09","inspectionDate":"2020-10-14","inspectionFrequency":"1","publicHazardId":"High","conditionAssessId":"Poor","conditionAssessDate":null,"eapId":"Yes","eapLastRevDate":null,"websiteUrl":"https://damsafety.org/pennsylvania","usaceDivision":"North Atlantic Division","usaceDistrict":"Pittsburgh District","operationalStatusId":null,"operationalStatusDate":null,"inundationNidAddedId":"No","huc2":"05","huc4":"0501","huc6":"050100","huc8":"05010007","zipcode":"15627","nation":"USA","stateKey":"PA","femaRegion":"3","femaCommunity":"Derry township, Pennsylvania","aiannh":null,"hasDamPhotoId":"No","sectionSevenAuthorityId":"No"},"geometry":{"type":"Point","coordinates":[-79.28722222,40.32611111]}},
{"type":"Feature","properties":{"fid":34067,"name":"Upper Ridge","otherNames":null,"formerNames":null,"nidId":"PA01346","otherStructureId":null,"federalId":"PA01346","ownerNames":"DERRY BOROUGH MUNICIPAL AUTHORITY","ownerTypeIds":"Local Government","primaryOwnerTypeId":"Local Government","separateStructuresCount":"0","isAssociatedStructureId":"No","designerNames":null,"nonFederalDamOnFederalId":"No","primaryPurposeId":"Water Supply","purposeIds":"Water Supply","sourceAgency":"Pennsylvania","stateFedId":"D65-011","latitude":"40.32555556","longitude":"-79.28527778","state":"Pennsylvania","county":"Westmoreland","countyState":"Westmoreland, Pennsylvania","city":null,"distance":null,"riverName":"Mcgee Run","congDist":"Congressional District 14, Pennsylvania","stateRegulatedId":"Yes","jurisdictionAuthorityId":"Yes","stateRegulatoryAgency":"Pennsylvania Department of Environmental Protection","permittingAuthorityId":"Yes","inspectionAuthorityId":"Yes","enforcementAuthorityId":"Yes","fedRegulatedId":"No","fedOwnerIds":null,"fedFundingIds":null,"fedDesignIds":null,"fedConstructionIds":null,"fedRegulatoryIds":null,"fedInspectionIds":null,"fedOperationIds":null,"fedOtherIds":null,"secretaryAgricultureBuiltId":"No","nrcsWatershedAuthorizationId":"N/A","primaryDamTypeId":"Earth","damTypeIds":"Earth","coreTypeIds":"Unlisted/Unknown;Unlisted/Unknown","foundationTypeIds":"Unlisted/Unknown","damHeight":"25","hydraulicHeight":null,"structuralHeight":null,"nidHeight":"25","nidHeightId":"25-50 feet","damLength":"165","volume":null,"yearCompleted":"1915","yearCompletedId":"1910-1919","yearsModified":null,"nidStorage":"9","maxStorage":"9","normalStorage":"7.5","surfaceArea":"2","drainageArea":"1.31","maxDischarge":null,"spillwayTypeId":null,"spillwayWidth":null,"numberOfLocks":null,"lengthOfLocks":null,"widthOfLocks":null,"secondaryLengthOfLocks":null,"secondaryWidthOfLocks":null,"outletGateTypes":null,"dataUpdated":"2021-04-09","inspectionDate":"2020-10-14","inspectionFrequency":"1","publicHazardId":"High","conditionAssessId":"Poor","conditionAssessDate":null,"eapId":"Yes","eapLastRevDate":null,"websiteUrl":"https://damsafety.org/pennsylvania","usaceDivision":"North Atlantic Division","usaceDistrict":"Pittsburgh District","operationalStatusId":null,"operationalStatusDate":null,"inundationNidAddedId":"No","huc2":"05","huc4":"0501","huc6":"050100","huc8":"05010007","zipcode":"15627","nation":"USA","stateKey":"PA","femaRegion":"3","femaCommunity":"Derry township, Pennsylvania","aiannh":null,"hasDamPhotoId":"No","sectionSevenAuthorityId":"No"},"geometry":{"type":"Point","coordinates":[-79.28527778,40.32555556]}},
{"type":"Feature","properties":{"fid":48142,"name":"H A Stewart","otherNames":"Latrobe Reservoir","formerNames":null,"nidId":"PA00479","otherStructureId":null,"federalId":"PA00479","ownerNames":"LATROBE MUNICIPAL AUTHORITY","ownerTypeIds":"Local Government","primaryOwnerTypeId":"Local Government","separateStructuresCount":"0","isAssociatedStructureId":"No","designerNames":null,"nonFederalDamOnFederalId":"No","primaryPurposeId":"Water Supply","purposeIds":"Water Supply","sourceAgency":"Pennsylvania","stateFedId":"D65-066","latitude":"40.27444444","longitude":"-79.25472222","state":"Pennsylvania","county":"Westmoreland","countyState":"Westmoreland, Pennsylvania","city":null,"distance":null,"riverName":"Trout Run","congDist":"Congressional District 14, Pennsylvania","stateRegulatedId":"Yes","jurisdictionAuthorityId":"Yes","stateRegulatoryAgency":"Pennsylvania Department of Environmental Protection","permittingAuthorityId":"Yes","inspectionAuthorityId":"Yes","enforcementAuthorityId":"Yes","fedRegulatedId":"No","fedOwnerIds":null,"fedFundingIds":null,"fedDesignIds":null,"fedConstructionIds":null,"fedRegulatoryIds":null,"fedInspectionIds":null,"fedOperationIds":null,"fedOtherIds":null,"secretaryAgricultureBuiltId":"No","nrcsWatershedAuthorizationId":"N/A","primaryDamTypeId":"Earth","damTypeIds":"Earth","coreTypeIds":"Unlisted/Unknown;Unlisted/Unknown","foundationTypeIds":"Unlisted/Unknown","damHeight":"86","hydraulicHeight":null,"structuralHeight":null,"nidHeight":"86","nidHeightId":"51-100 feet","damLength":"600","volume":null,"yearCompleted":"1920","yearCompletedId":"1920-1929","yearsModified":null,"nidStorage":"6250","maxStorage":"6250","normalStorage":"3650","surfaceArea":"136","drainageArea":"5.66","maxDischarge":null,"spillwayTypeId":null,"spillwayWidth":null,"numberOfLocks":null,"lengthOfLocks":null,"widthOfLocks":null,"secondaryLengthOfLocks":null,"secondaryWidthOfLocks":null,"outletGateTypes":null,"dataUpdated":"2021-04-09","inspectionDate":"2020-10-22","inspectionFrequency":"1","publicHazardId":"High","conditionAssessId":"Fair","conditionAssessDate":null,"eapId":"Yes","eapLastRevDate":null,"websiteUrl":"https://damsafety.org/pennsylvania","usaceDivision":"North Atlantic Division","usaceDistrict":"Pittsburgh District","operationalStatusId":null,"operationalStatusDate":null,"inundationNidAddedId":"No","huc2":"05","huc4":"0501","huc6":"050100","huc8":"05010008","zipcode":"15658","nation":"USA","stateKey":"PA","femaRegion":"3","femaCommunity":"Ligonier township, Pennsylvania","aiannh":null,"hasDamPhotoId":"No","sectionSevenAuthorityId":"No"},"geometry":{"type":"Point","coordinates":[-79.25472222,40.27444444]}},
{"type":"Feature","properties":{"fid":32780,"name":"Trout Run","otherNames":null,"formerNames":null,"nidId":"PA00481","otherStructureId":null,"federalId":"PA00481","ownerNames":"BLAIRSVILLE MUNICIPAL AUTHORITY","ownerTypeIds":"Local Government","primaryOwnerTypeId":"Local Government","separateStructuresCount":"0","isAssociatedStructureId":"No","designerNames":null,"nonFederalDamOnFederalId":"No","primaryPurposeId":"Water Supply","purposeIds":"Water Supply","sourceAgency":"Pennsylvania","stateFedId":"D65-078","latitude":"40.37138889","longitude":"-79.25055556","state":"Pennsylvania","county":"Westmoreland","countyState":"Westmoreland, Pennsylvania","city":null,"distance":null,"riverName":"Trout Run","congDist":"Congressional District 14, Pennsylvania","stateRegulatedId":"Yes","jurisdictionAuthorityId":"Yes","stateRegulatoryAgency":"Pennsylvania Department of Environmental Protection","permittingAuthorityId":"Yes","inspectionAuthorityId":"Yes","enforcementAuthorityId":"Yes","fedRegulatedId":"No","fedOwnerIds":null,"fedFundingIds":null,"fedDesignIds":null,"fedConstructionIds":null,"fedRegulatoryIds":null,"fedInspectionIds":null,"fedOperationIds":null,"fedOtherIds":null,"secretaryAgricultureBuiltId":"No","nrcsWatershedAuthorizationId":"N/A","primaryDamTypeId":"Earth","damTypeIds":"Earth;Concrete","coreTypeIds":"Unlisted/Unknown;Unlisted/Unknown","foundationTypeIds":"Unlisted/Unknown","damHeight":"41","hydraulicHeight":null,"structuralHeight":null,"nidHeight":"41","nidHeightId":"25-50 feet","damLength":"582","volume":null,"yearCompleted":"1927","yearCompletedId":"1920-1929","yearsModified":null,"nidStorage":"166","maxStorage":"166","normalStorage":"98","surfaceArea":"8","drainageArea":"2.3","maxDischarge":null,"spillwayTypeId":null,"spillwayWidth":null,"numberOfLocks":null,"lengthOfLocks":null,"widthOfLocks":null,"secondaryLengthOfLocks":null,"secondaryWidthOfLocks":null,"outletGateTypes":null,"dataUpdated":"2021-04-09","inspectionDate":"2020-12-11","inspectionFrequency":"1","publicHazardId":"High","conditionAssessId":"Fair","conditionAssessDate":null,"eapId":"Yes","eapLastRevDate":null,"websiteUrl":"https://damsafety.org/pennsylvania","usaceDivision":"North Atlantic Division","usaceDistrict":"Pittsburgh District","operationalStatusId":null,"operationalStatusDate":null,"inundationNidAddedId":"No","huc2":"05","huc4":"0501","huc6":"050100","huc8":"05010007","zipcode":"15627","nation":"USA","stateKey":"PA","femaRegion":"3","femaCommunity":"Derry township, Pennsylvania","aiannh":null,"hasDamPhotoId":"No","sectionSevenAuthorityId":"No"},"geometry":{"type":"Point","coordinates":[-79.25055556,40.37138889]}},
{"type":"Feature","properties":{"fid":92496,"name":"Conemaugh Dam","otherNames":"Conemaugh River Lake","formerNames":null,"nidId":"PA00101","otherStructureId":null,"federalId":"PA00101","ownerNames":"USACE - Pittsburgh District","ownerTypeIds":"Federal","primaryOwnerTypeId":"Federal","separateStructuresCount":"0","isAssociatedStructureId":"No","designerNames":"CELRP","nonFederalDamOnFederalId":"No","primaryPurposeId":"Flood Risk Reduction","purposeIds":"Flood Risk Reduction;Other;Recreation;Hydroelectric","sourceAgency":"US Army Corps of Engineers","stateFedId":"PA00101","latitude":"40.4681111100001","longitude":"-79.366266616","state":"Pennsylvania","county":"Westmoreland","countyState":"Westmoreland, Pennsylvania","city":"Saltsburg","distance":null,"riverName":"Conemaugh River","congDist":"Congressional District 14, Pennsylvania","stateRegulatedId":"No","jurisdictionAuthorityId":"No","stateRegulatoryAgency":null,"permittingAuthorityId":"No","inspectionAuthorityId":"No","enforcementAuthorityId":"No","fedRegulatedId":"Yes","fedOwnerIds":"US Army Corps of Engineers","fedFundingIds":"US Army Corps of Engineers","fedDesignIds":"US Army Corps of Engineers","fedConstructionIds":"US Army Corps of Engineers","fedRegulatoryIds":"US Army Corps of Engineers","fedInspectionIds":"US Army Corps of Engineers","fedOperationIds":"US Army Corps of Engineers","fedOtherIds":"US Army Corps of Engineers","secretaryAgricultureBuiltId":null,"nrcsWatershedAuthorizationId":null,"primaryDamTypeId":"Gravity","damTypeIds":"Gravity;Earth","coreTypeIds":"Concrete","foundationTypeIds":"Rock","damHeight":null,"hydraulicHeight":"136","structuralHeight":"144","nidHeight":"144","nidHeightId":"Greater than 100 feet","damLength":"1266","volume":"352000","yearCompleted":"1952","yearCompletedId":"1950-1959","yearsModified":null,"nidStorage":"355000","maxStorage":"355000","normalStorage":"5140","surfaceArea":"800","drainageArea":"1351","maxDischarge":"354000","spillwayTypeId":"Controlled","spillwayWidth":"420","numberOfLocks":"0","lengthOfLocks":"0","widthOfLocks":"0","secondaryLengthOfLocks":null,"secondaryWidthOfLocks":null,"outletGateTypes":"Tainter (radial)26;Vertical Lift14","dataUpdated":"2026-09-16","inspectionDate":"2025-07-30","inspectionFrequency":"5","publicHazardId":"High","conditionAssessId":"Not Available","conditionAssessDate":null,"eapId":"Yes","eapLastRevDate":null,"websiteUrl":"https://www.usace.army.mil/Missions/Civil-Works/Dam-Safety-Program/Article/2870967/dam-safety-program/","usaceDivision":"Great Lakes and Ohio River Division","usaceDistrict":"Pittsburgh District","operationalStatusId":"Under Investigation, Planning, Permitting, or Design for Remediation","operationalStatusDate":"2025-11-20","inundationNidAddedId":"Yes","huc2":"05","huc4":"0501","huc6":"050100","huc8":"05010007","zipcode":"15717","nation":"USA","stateKey":"PA","femaRegion":"3","femaCommunity":"Derry township, Pennsylvania","aiannh":null,"hasDamPhotoId":"Yes","sectionSevenAuthorityId":"No"},"geometry":{"type":"Point","coordinates":[-79.366266616,40.468111110000102]}},
{"type":"Feature","properties":{"fid":30777,"name":"Lake Gloria","otherNames":null,"formerNames":null,"nidId":"PA00233","otherStructureId":null,"federalId":"PA00233","ownerNames":"CHRISTIAN CAMPS OF PITTSBURGH, INC.","ownerTypeIds":"Private","primaryOwnerTypeId":"Private","separateStructuresCount":"0","isAssociatedStructureId":"No","designerNames":null,"nonFederalDamOnFederalId":"No","primaryPurposeId":"Recreation","purposeIds":"Recreation","sourceAgency":"Pennsylvania","stateFedId":"D56-091","latitude":"40.14861111","longitude":"-79.09555556","state":"Pennsylvania","county":"Somerset","countyState":"Somerset, Pennsylvania","city":null,"distance":null,"riverName":"Beaverdam Run","congDist":"Congressional District 14, Pennsylvania","stateRegulatedId":"Yes","jurisdictionAuthorityId":"Yes","stateRegulatoryAgency":"Pennsylvania Department of Environmental Protection","permittingAuthorityId":"Yes","inspectionAuthorityId":"Yes","enforcementAuthorityId":"Yes","fedRegulatedId":"No","fedOwnerIds":null,"fedFundingIds":null,"fedDesignIds":null,"fedConstructionIds":null,"fedRegulatoryIds":null,"fedInspectionIds":null,"fedOperationIds":null,"fedOtherIds":null,"secretaryAgricultureBuiltId":"No","nrcsWatershedAuthorizationId":"N/A","primaryDamTypeId":"Earth","damTypeIds":"Earth","coreTypeIds":"Unlisted/Unknown;Unlisted/Unknown","foundationTypeIds":"Unlisted/Unknown","damHeight":"29","hydraulicHeight":null,"structuralHeight":null,"nidHeight":"29","nidHeightId":"25-50 feet","damLength":"690","volume":null,"yearCompleted":"1958","yearCompletedId":"1950-1959","yearsModified":null,"nidStorage":"440","maxStorage":"440","normalStorage":"330","surfaceArea":"33","drainageArea":"3.8","maxDischarge":null,"spillwayTypeId":null,"spillwayWidth":null,"numberOfLocks":null,"lengthOfLocks":null,"widthOfLocks":null,"secondaryLengthOfLocks":null,"secondaryWidthOfLocks":null,"outletGateTypes":null,"dataUpdated":"2021-04-09","inspectionDate":"2018-11-07","inspectionFrequency":"2","publicHazardId":"High","conditionAssessId":"Not Rated","conditionAssessDate":null,"eapId":"Yes","eapLastRevDate":null,"websiteUrl":"https://damsafety.org/pennsylvania","usaceDivision":"North Atlantic Division","usaceDistrict":"Pittsburgh District","operationalStatusId":null,"operationalStatusDate":null,"inundationNidAddedId":"No","huc2":"05","huc4":"0501","huc6":"050100","huc8":"05010007","zipcode":"15531","nation":"USA","stateKey":"PA","femaRegion":"3","femaCommunity":"Jenner township, Pennsylvania","aiannh":null,"hasDamPhotoId":"No","sectionSevenAuthorityId":"No"},"geometry":{"type":"Point","coordinates":[-79.09555556,40.14861111]}},
{"type":"Feature","properties":{"fid":49042,"name":"Stoughton Lake","otherNames":null,"formerNames":null,"nidId":"PA00468","otherStructureId":null,"federalId":"PA00468","ownerNames":"STOUGHTON LAKE HOMEOWNERS ASSOCIATION","ownerTypeIds":"Private","primaryOwnerTypeId":"Private","separateStructuresCount":"0","isAssociatedStructureId":"No","designerNames":null,"nonFederalDamOnFederalId":"No","primaryPurposeId":"Recreation","purposeIds":"Recreation","sourceAgency":"Pennsylvania","stateFedId":"D56-078","latitude":"40.15805556","longitude":"-79.04527778","state":"Pennsylvania","county":"Somerset","countyState":"Somerset, Pennsylvania","city":null,"distance":null,"riverName":"Beaverdam Creek","congDist":"Congressional District 14, Pennsylvania","stateRegulatedId":"Yes","jurisdictionAuthorityId":"Yes","stateRegulatoryAgency":"Pennsylvania Department of Environmental Protection","permittingAuthorityId":"Yes","inspectionAuthorityId":"Yes","enforcementAuthorityId":"Yes","fedRegulatedId":"No","fedOwnerIds":null,"fedFundingIds":null,"fedDesignIds":null,"fedConstructionIds":null,"fedRegulatoryIds":null,"fedInspectionIds":null,"fedOperationIds":null,"fedOtherIds":null,"secretaryAgricultureBuiltId":"No","nrcsWatershedAuthorizationId":"N/A","primaryDamTypeId":"Earth","damTypeIds":"Earth","coreTypeIds":"Unlisted/Unknown;Unlisted/Unknown","foundationTypeIds":"Unlisted/Unknown","damHeight":"23","hydraulicHeight":null,"structuralHeight":null,"nidHeight":"23","nidHeightId":"Less than 25 feet","damLength":"335","volume":null,"yearCompleted":"1951","yearCompletedId":"1950-1959","yearsModified":"2004S","nidStorage":"650","maxStorage":"650","normalStorage":"200","surfaceArea":"44","drainageArea":"9.57","maxDischarge":null,"spillwayTypeId":null,"spillwayWidth":null,"numberOfLocks":null,"lengthOfLocks":null,"widthOfLocks":null,"secondaryLengthOfLocks":null,"secondaryWidthOfLocks":null,"outletGateTypes":null,"dataUpdated":"2021-04-09","inspectionDate":"2018-07-20","inspectionFrequency":"2","publicHazardId":"Significant","conditionAssessId":"Satisfactory","conditionAssessDate":null,"eapId":"Yes","eapLastRevDate":null,"websiteUrl":"https://damsafety.org/pennsylvania","usaceDivision":"North Atlantic Division","usaceDistrict":"Pittsburgh District","operationalStatusId":null,"operationalStatusDate":null,"inundationNidAddedId":"No","huc2":"05","huc4":"0501","huc6":"050100","huc8":"05010007","zipcode":"15531","nation":"USA","stateKey":"PA","femaRegion":"3","femaCommunity":"Jennerstown borough, Pennsylvania","aiannh":null,"hasDamPhotoId":"No","sectionSevenAuthorityId":"No"},"geometry":{"type":"Point","coordinates":[-79.04527778,40.15805556]}},
{"type":"Feature","properties":{"fid":66946,"name":"Furnace Run","otherNames":null,"formerNames":"Ligonier Borough Reservoir","nidId":"PA01461","otherStructureId":null,"federalId":"PA01461","ownerNames":"MUNICIPAL AUTHORITY OF WESTMORELAND COUNTY","ownerTypeIds":"Local Government","primaryOwnerTypeId":"Local Government","separateStructuresCount":"0","isAssociatedStructureId":"No","designerNames":null,"nonFederalDamOnFederalId":"No","primaryPurposeId":"Water Supply","purposeIds":"Water Supply","sourceAgency":"Pennsylvania","stateFedId":"D65-032","latitude":"40.20944444","longitude":"-79.18","state":"Pennsylvania","county":"Westmoreland","countyState":"Westmoreland, Pennsylvania","city":null,"distance":null,"riverName":"Wtrshd Furnace Run","congDist":"Congressional District 14, Pennsylvania","stateRegulatedId":"Yes","jurisdictionAuthorityId":"Yes","stateRegulatoryAgency":"Pennsylvania Department of Environmental Protection","permittingAuthorityId":"Yes","inspectionAuthorityId":"Yes","enforcementAuthorityId":"Yes","fedRegulatedId":"No","fedOwnerIds":null,"fedFundingIds":null,"fedDesignIds":null,"fedConstructionIds":null,"fedRegulatoryIds":null,"fedInspectionIds":null,"fedOperationIds":null,"fedOtherIds":null,"secretaryAgricultureBuiltId":"No","nrcsWatershedAuthorizationId":"N/A","primaryDamTypeId":"Earth","damTypeIds":"Earth","coreTypeIds":"Unlisted/Unknown;Unlisted/Unknown","foundationTypeIds":"Unlisted/Unknown","damHeight":"19","hydraulicHeight":null,"structuralHeight":null,"nidHeight":"19","nidHeightId":"Less than 25 feet","damLength":"700","volume":null,"yearCompleted":"1915","yearCompletedId":"1910-1919","yearsModified":null,"nidStorage":"36","maxStorage":"36","normalStorage":"27.9","surfaceArea":"1","drainageArea":"4","maxDischarge":null,"spillwayTypeId":null,"spillwayWidth":null,"numberOfLocks":null,"lengthOfLocks":null,"widthOfLocks":null,"secondaryLengthOfLocks":null,"secondaryWidthOfLocks":null,"outletGateTypes":null,"dataUpdated":"2021-04-09","inspectionDate":"2020-11-29","inspectionFrequency":"1","publicHazardId":"High","conditionAssessId":"Fair","conditionAssessDate":null,"eapId":"Yes","eapLastRevDate":null,"websiteUrl":"https://damsafety.org/pennsylvania","usaceDivision":"North Atlantic Division","usaceDistrict":"Pittsburgh District","operationalStatusId":null,"operationalStatusDate":null,"inundationNidAddedId":"No","huc2":"05","huc4":"0501","huc6":"050100","huc8":"05010008","zipcode":"15658","nation":"USA","stateKey":"PA","femaRegion":"3","femaCommunity":"Ligonier township, Pennsylvania","aiannh":null,"hasDamPhotoId":"No","sectionSevenAuthorityId":"No"},"geometry":{"type":"Point","coordinates":[-79.18,40.20944444]}},
{"type":"Feature","properties":{"fid":59266,"name":"Conemaugh Township Impounding","otherNames":null,"formerNames":null,"nidId":"PA00223","otherStructureId":null,"federalId":"PA00223","ownerNames":"CONEMAUGH TOWNSHIP MUNICIPAL AUTHORITY","ownerTypeIds":"Local Government","primaryOwnerTypeId":"Local Government","separateStructuresCount":"0","isAssociatedStructureId":"No","designerNames":null,"nonFederalDamOnFederalId":"No","primaryPurposeId":"Recreation","purposeIds":"Recreation","sourceAgency":"Pennsylvania","stateFedId":"D56-098","latitude":"40.22833333","longitude":"-79.05","state":"Pennsylvania","county":"Somerset","countyState":"Somerset, Pennsylvania","city":null,"distance":null,"riverName":"South Fork Bens Creek","congDist":"Congressional District 14, Pennsylvania","stateRegulatedId":"Yes","jurisdictionAuthorityId":"Yes","stateRegulatoryAgency":"Pennsylvania Department of Environmental Protection","permittingAuthorityId":"Yes","inspectionAuthorityId":"Yes","enforcementAuthorityId":"Yes","fedRegulatedId":"No","fedOwnerIds":null,"fedFundingIds":null,"fedDesignIds":null,"fedConstructionIds":null,"fedRegulatoryIds":null,"fedInspectionIds":null,"fedOperationIds":null,"fedOtherIds":null,"secretaryAgricultureBuiltId":"No","nrcsWatershedAuthorizationId":"N/A","primaryDamTypeId":"Earth","damTypeIds":"Earth","coreTypeIds":"Unlisted/Unknown;Unlisted/Unknown","foundationTypeIds":"Unlisted/Unknown","damHeight":"35","hydraulicHeight":null,"structuralHeight":null,"nidHeight":"35","nidHeightId":"25-50 feet","damLength":"350","volume":null,"yearCompleted":"1961","yearCompletedId":"1960-1969","yearsModified":null,"nidStorage":"25","maxStorage":"25","normalStorage":"25","surfaceArea":"24","drainageArea":"1.8","maxDischarge":null,"spillwayTypeId":null,"spillwayWidth":null,"numberOfLocks":null,"lengthOfLocks":null,"widthOfLocks":null,"secondaryLengthOfLocks":null,"secondaryWidthOfLocks":null,"outletGateTypes":null,"dataUpdated":"2021-04-09","inspectionDate":"2018-07-03","inspectionFrequency":"5","publicHazardId":"Low","conditionAssessId":"Not Rated","conditionAssessDate":null,"eapId":"Not Required","eapLastRevDate":null,"websiteUrl":"https://damsafety.org/pennsylvania","usaceDivision":"North Atlantic Division","usaceDistrict":"Pittsburgh District","operationalStatusId":null,"operationalStatusDate":null,"inundationNidAddedId":"No","huc2":"05","huc4":"0501","huc6":"050100","huc8":"05010007","zipcode":"15531","nation":"USA","stateKey":"PA","femaRegion":"3","femaCommunity":"Jenner township, Pennsylvania","aiannh":null,"hasDamPhotoId":"No","sectionSevenAuthorityId":"No"},"geometry":{"type":"Point","coordinates":[-79.05,40.22833333]}},
{"type":"Feature","properties":{"fid":46879,"name":"Ligonier Reservoir","otherNames":null,"formerNames":null,"nidId":"PA00477","otherStructureId":null,"federalId":"PA00477","ownerNames":"LIGONIER TOWNSHIP AUTHORITY","ownerTypeIds":"Local Government","primaryOwnerTypeId":"Local Government","separateStructuresCount":"0","isAssociatedStructureId":"No","designerNames":null,"nonFederalDamOnFederalId":"No","primaryPurposeId":"Water Supply","purposeIds":"Water Supply","sourceAgency":"Pennsylvania","stateFedId":"D65-117","latitude":"40.23722222","longitude":"-79.14611111","state":"Pennsylvania","county":"Westmoreland","countyState":"Westmoreland, Pennsylvania","city":null,"distance":null,"riverName":"South Fork Mill Creek","congDist":"Congressional District 14, Pennsylvania","stateRegulatedId":"Yes","jurisdictionAuthorityId":"Yes","stateRegulatoryAgency":"Pennsylvania Department of Environmental Protection","permittingAuthorityId":"Yes","inspectionAuthorityId":"Yes","enforcementAuthorityId":"Yes","fedRegulatedId":"No","fedOwnerIds":null,"fedFundingIds":null,"fedDesignIds":null,"fedConstructionIds":null,"fedRegulatoryIds":null,"fedInspectionIds":null,"fedOperationIds":null,"fedOtherIds":null,"secretaryAgricultureBuiltId":"No","nrcsWatershedAuthorizationId":"N/A","primaryDamTypeId":"Earth","damTypeIds":"Earth","coreTypeIds":"Unlisted/Unknown;Unlisted/Unknown","foundationTypeIds":"Unlisted/Unknown","damHeight":"35","hydraulicHeight":null,"structuralHeight":null,"nidHeight":"35","nidHeightId":"25-50 feet","damLength":"510","volume":null,"yearCompleted":"1954","yearCompletedId":"1950-1959","yearsModified":null,"nidStorage":"64","maxStorage":"64","normalStorage":"45","surfaceArea":"5","drainageArea":"2.46","maxDischarge":null,"spillwayTypeId":null,"spillwayWidth":null,"numberOfLocks":null,"lengthOfLocks":null,"widthOfLocks":null,"secondaryLengthOfLocks":null,"secondaryWidthOfLocks":null,"outletGateTypes":null,"dataUpdated":"2021-04-09","inspectionDate":"2020-09-23","inspectionFrequency":"1","publicHazardId":"High","conditionAssessId":"Fair","conditionAssessDate":null,"eapId":"Yes","eapLastRevDate":null,"websiteUrl":"https://damsafety.org/pennsylvania","usaceDivision":"North Atlantic Division","usaceDistrict":"Pittsburgh District","operationalStatusId":null,"operationalStatusDate":null,"inundationNidAddedId":"No","huc2":"05","huc4":"0501","huc6":"050100","huc8":"05010008","zipcode":"15658","nation":"USA","stateKey":"PA","femaRegion":"3","femaCommunity":"Ligonier township, Pennsylvania","aiannh":null,"hasDamPhotoId":"No","sectionSevenAuthorityId":"No"},"geometry":{"type":"Point","coordinates":[-79.14611111,40.23722222]}},
{"type":"Feature","properties":{"fid":58633,"name":"North Fork","otherNames":null,"formerNames":null,"nidId":"PA00234","otherStructureId":null,"federalId":"PA00234","ownerNames":"GREATER JOHNSTOWN WATER AUTHORITY","ownerTypeIds":"Local Government","primaryOwnerTypeId":"Local Government","separateStructuresCount":"0","isAssociatedStructureId":"No","designerNames":null,"nonFederalDamOnFederalId":"No","primaryPurposeId":"Water Supply","purposeIds":"Water Supply","sourceAgency":"Pennsylvania","stateFedId":"D56-053","latitude":"40.26916667","longitude":"-79.00388889","state":"Pennsylvania","county":"Somerset","countyState":"Somerset, Pennsylvania","city":null,"distance":null,"riverName":"North Fork Bens Creek","congDist":"Congressional District 13, Pennsylvania","stateRegulatedId":"Yes","jurisdictionAuthorityId":"Yes","stateRegulatoryAgency":"Pennsylvania Department of Environmental Protection","permittingAuthorityId":"Yes","inspectionAuthorityId":"Yes","enforcementAuthorityId":"Yes","fedRegulatedId":"No","fedOwnerIds":null,"fedFundingIds":null,"fedDesignIds":null,"fedConstructionIds":null,"fedRegulatoryIds":null,"fedInspectionIds":null,"fedOperationIds":null,"fedOtherIds":null,"secretaryAgricultureBuiltId":"No","nrcsWatershedAuthorizationId":"N/A","primaryDamTypeId":"Earth","damTypeIds":"Earth","coreTypeIds":"Unlisted/Unknown;Unlisted/Unknown","foundationTypeIds":"Unlisted/Unknown","damHeight":"105","hydraulicHeight":null,"structuralHeight":null,"nidHeight":"105","nidHeightId":"Greater than 100 feet","damLength":"900","volume":null,"yearCompleted":"1932","yearCompletedId":"1930-1939","yearsModified":null,"nidStorage":"4316","maxStorage":"4316","normalStorage":"3376","surfaceArea":"94","drainageArea":"10","maxDischarge":null,"spillwayTypeId":"Controlled","spillwayWidth":null,"numberOfLocks":null,"lengthOfLocks":null,"widthOfLocks":null,"secondaryLengthOfLocks":null,"secondaryWidthOfLocks":null,"outletGateTypes":null,"dataUpdated":"2021-04-09","inspectionDate":"2021-03-25","inspectionFrequency":"1","publicHazardId":"High","conditionAssessId":"Poor","conditionAssessDate":null,"eapId":"Yes","eapLastRevDate":null,"websiteUrl":"https://damsafety.org/pennsylvania","usaceDivision":"North Atlantic Division","usaceDistrict":"Pittsburgh District","operationalStatusId":null,"operationalStatusDate":null,"inundationNidAddedId":"No","huc2":"05","huc4":"0501","huc6":"050100","huc8":"05010007","zipcode":"15905","nation":"USA","stateKey":"PA","femaRegion":"3","femaCommunity":"Conemaugh township, Pennsylvania","aiannh":null,"hasDamPhotoId":"No","sectionSevenAuthorityId":"No"},"geometry":{"type":"Point","coordinates":[-79.00388889,40.26916667]}},
{"type":"Feature","properties":{"fid":51776,"name":"Lloydell","otherNames":null,"formerNames":null,"nidId":"PA00500","otherStructureId":null,"federalId":"PA00500","ownerNames":"HIGHLAND SEWER AND WATER AUTHORITY","ownerTypeIds":"Local Government","primaryOwnerTypeId":"Local Government","separateStructuresCount":"0","isAssociatedStructureId":"No","designerNames":null,"nonFederalDamOnFederalId":"No","primaryPurposeId":"Water Supply","purposeIds":"Water Supply","sourceAgency":"Pennsylvania","stateFedId":"D11-005","latitude":"40.27277778","longitude":"-78.68416667","state":"Pennsylvania","county":"Cambria","countyState":"Cambria, Pennsylvania","city":null,"distance":null,"riverName":"S Fork Little Conemaugh River","congDist":"Congressional District 13, Pennsylvania","stateRegulatedId":"Yes","jurisdictionAuthorityId":"Yes","stateRegulatoryAgency":"Pennsylvania Department of Environmental Protection","permittingAuthorityId":"Yes","inspectionAuthorityId":"Yes","enforcementAuthorityId":"Yes","fedRegulatedId":"No","fedOwnerIds":null,"fedFundingIds":null,"fedDesignIds":null,"fedConstructionIds":null,"fedRegulatoryIds":null,"fedInspectionIds":null,"fedOperationIds":null,"fedOtherIds":null,"secretaryAgricultureBuiltId":"No","nrcsWatershedAuthorizationId":"N/A","primaryDamTypeId":"Gravity","damTypeIds":"Gravity","coreTypeIds":"Unlisted/Unknown;Unlisted/Unknown","foundationTypeIds":"Unlisted/Unknown","damHeight":"43","hydraulicHeight":null,"structuralHeight":null,"nidHeight":"43","nidHeightId":"25-50 feet","damLength":"700","volume":null,"yearCompleted":"1906","yearCompletedId":"1900-1909","yearsModified":null,"nidStorage":"719","maxStorage":"719","normalStorage":"635","surfaceArea":"42","drainageArea":"8","maxDischarge":null,"spillwayTypeId":null,"spillwayWidth":null,"numberOfLocks":null,"lengthOfLocks":null,"widthOfLocks":null,"secondaryLengthOfLocks":null,"secondaryWidthOfLocks":null,"outletGateTypes":null,"dataUpdated":"2021-04-09","inspectionDate":"2020-09-18","inspectionFrequency":"1","publicHazardId":"High","conditionAssessId":"Fair","conditionAssessDate":null,"eapId":"Yes","eapLastRevDate":null,"websiteUrl":"https://damsafety.org/pennsylvania","usaceDivision":"North Atlantic Division","usaceDistrict":"Pittsburgh District","operationalStatusId":null,"operationalStatusDate":null,"inundationNidAddedId":"No","huc2":"05","huc4":"0501","huc6":"050100","huc8":"05010007","zipcode":"15963","nation":"USA","stateKey":"PA","femaRegion":"3","femaCommunity":"Adams township, Pennsylvania","aiannh":null,"hasDamPhotoId":"No","sectionSevenAuthorityId":"No"},"geometry":{"type":"Point","coordinates":[-78.68416667,40.27277778]}},
{"type":"Feature","properties":{"fid":34443,"name":"Dalton Run","otherNames":null,"formerNames":null,"nidId":"PA00232","otherStructureId":null,"federalId":"PA00232","ownerNames":"GREATER JOHNSTOWN WATER AUTHORITY","ownerTypeIds":"Local Government","primaryOwnerTypeId":"Local Government","separateStructuresCount":"0","isAssociatedStructureId":"No","designerNames":null,"nonFederalDamOnFederalId":"No","primaryPurposeId":"Water Supply","purposeIds":"Water Supply","sourceAgency":"Pennsylvania","stateFedId":"D56-001","latitude":"40.28","longitude":"-78.98694444","state":"Pennsylvania","county":"Somerset","countyState":"Somerset, Pennsylvania","city":null,"distance":null,"riverName":"Dalton Run","congDist":"Congressional District 13, Pennsylvania","stateRegulatedId":"Yes","jurisdictionAuthorityId":"Yes","stateRegulatoryAgency":"Pennsylvania Department of Environmental Protection","permittingAuthorityId":"Yes","inspectionAuthorityId":"Yes","enforcementAuthorityId":"Yes","fedRegulatedId":"No","fedOwnerIds":null,"fedFundingIds":null,"fedDesignIds":null,"fedConstructionIds":null,"fedRegulatoryIds":null,"fedInspectionIds":null,"fedOperationIds":null,"fedOtherIds":null,"secretaryAgricultureBuiltId":"No","nrcsWatershedAuthorizationId":"N/A","primaryDamTypeId":"Earth","damTypeIds":"Earth","coreTypeIds":"Unlisted/Unknown;Unlisted/Unknown","foundationTypeIds":"Unlisted/Unknown","damHeight":"61","hydraulicHeight":null,"structuralHeight":null,"nidHeight":"61","nidHeightId":"51-100 feet","damLength":"600","volume":null,"yearCompleted":"1905","yearCompletedId":"1900-1909","yearsModified":null,"nidStorage":"390","maxStorage":"390","normalStorage":"276","surfaceArea":"17","drainageArea":"3.95","maxDischarge":null,"spillwayTypeId":null,"spillwayWidth":null,"numberOfLocks":null,"lengthOfLocks":null,"widthOfLocks":null,"secondaryLengthOfLocks":null,"secondaryWidthOfLocks":null,"outletGateTypes":null,"dataUpdated":"2021-04-09","inspectionDate":"2021-03-25","inspectionFrequency":"1","publicHazardId":"High","conditionAssessId":"Poor","conditionAssessDate":null,"eapId":"Yes","eapLastRevDate":null,"websiteUrl":"https://damsafety.org/pennsylvania","usaceDivision":"North Atlantic Division","usaceDistrict":"Pittsburgh District","operationalStatusId":null,"operationalStatusDate":null,"inundationNidAddedId":"No","huc2":"05","huc4":"0501","huc6":"050100","huc8":"05010007","zipcode":"15905","nation":"USA","stateKey":"PA","femaRegion":"3","femaCommunity":"Conemaugh township, Pennsylvania","aiannh":null,"hasDamPhotoId":"No","sectionSevenAuthorityId":"No"},"geometry":{"type":"Point","coordinates":[-78.98694444,40.28]}},
{"type":"Feature","properties":{"fid":28116,"name":"Laurel Wood","otherNames":null,"formerNames":null,"nidId":"PA01597","otherStructureId":null,"federalId":"PA01597","ownerNames":"WESTERN PENNSYLVANIA CONSERVANCY","ownerTypeIds":"Private","primaryOwnerTypeId":"Private","separateStructuresCount":"0","isAssociatedStructureId":"No","designerNames":null,"nonFederalDamOnFederalId":"No","primaryPurposeId":"Recreation","purposeIds":"Recreation","sourceAgency":"Pennsylvania","stateFedId":"D65-112","latitude":"40.28194444","longitude":"-79.12277778","state":"Pennsylvania","county":"Westmoreland","countyState":"Westmoreland, Pennsylvania","city":null,"distance":null,"riverName":"Hendricks Creek","congDist":"Congressional District 14, Pennsylvania","stateRegulatedId":"Yes","jurisdictionAuthorityId":"Yes","stateRegulatoryAgency":"Pennsylvania Department of Environmental Protection","permittingAuthorityId":"Yes","inspectionAuthorityId":"Yes","enforcementAuthorityId":"Yes","fedRegulatedId":"No","fedOwnerIds":null,"fedFundingIds":null,"fedDesignIds":null,"fedConstructionIds":null,"fedRegulatoryIds":null,"fedInspectionIds":null,"fedOperationIds":null,"fedOtherIds":null,"secretaryAgricultureBuiltId":"No","nrcsWatershedAuthorizationId":"N/A","primaryDamTypeId":"Earth","damTypeIds":"Earth","coreTypeIds":"Unlisted/Unknown;Unlisted/Unknown","foundationTypeIds":"Unlisted/Unknown","damHeight":"25","hydraulicHeight":null,"structuralHeight":null,"nidHeight":"25","nidHeightId":"25-50 feet","damLength":"300","volume":null,"yearCompleted":null,"yearCompletedId":"Undetermined","yearsModified":null,"nidStorage":"39","maxStorage":"39","normalStorage":null,"surfaceArea":null,"drainageArea":"2.1","maxDischarge":null,"spillwayTypeId":null,"spillwayWidth":null,"numberOfLocks":null,"lengthOfLocks":null,"widthOfLocks":null,"secondaryLengthOfLocks":null,"secondaryWidthOfLocks":null,"outletGateTypes":null,"dataUpdated":"2021-04-09","inspectionDate":"2017-06-27","inspectionFrequency":"5","publicHazardId":"Low","conditionAssessId":"Fair","conditionAssessDate":null,"eapId":"Not Required","eapLastRevDate":null,"websiteUrl":"https://damsafety.org/pennsylvania","usaceDivision":"North Atlantic Division","usaceDistrict":"Pittsburgh District","operationalStatusId":null,"operationalStatusDate":null,"inundationNidAddedId":"No","huc2":"05","huc4":"0501","huc6":"050100","huc8":"05010007","zipcode":"15658","nation":"USA","stateKey":"PA","femaRegion":"3","femaCommunity":"Fairfield township, Pennsylvania","aiannh":null,"hasDamPhotoId":"No","sectionSevenAuthorityId":"No"},"geometry":{"type":"Point","coordinates":[-79.12277778,40.28194444]}},
{"type":"Feature","properties":{"fid":36416,"name":"Beaverdam Run","otherNames":null,"formerNames":null,"nidId":"PA00805","otherStructureId":null,"federalId":"PA00805","ownerNames":"HIGHLAND SEWER AND WATER AUTHORITY","ownerTypeIds":"Local Government","primaryOwnerTypeId":"Local Government","separateStructuresCount":"0","isAssociatedStructureId":"No","designerNames":null,"nonFederalDamOnFederalId":"No","primaryPurposeId":"Water Supply","purposeIds":"Water Supply","sourceAgency":"Pennsylvania","stateFedId":"D11-105","latitude":"40.32","longitude":"-78.66111111","state":"Pennsylvania","county":"Cambria","countyState":"Cambria, Pennsylvania","city":null,"distance":null,"riverName":"Beaverdam Run","congDist":"Congressional District 13, Pennsylvania","stateRegulatedId":"Yes","jurisdictionAuthorityId":"Yes","stateRegulatoryAgency":"Pennsylvania Department of Environmental Protection","permittingAuthorityId":"Yes","inspectionAuthorityId":"Yes","enforcementAuthorityId":"Yes","fedRegulatedId":"No","fedOwnerIds":null,"fedFundingIds":null,"fedDesignIds":null,"fedConstructionIds":null,"fedRegulatoryIds":null,"fedInspectionIds":null,"fedOperationIds":null,"fedOtherIds":null,"secretaryAgricultureBuiltId":"No","nrcsWatershedAuthorizationId":"N/A","primaryDamTypeId":"Earth","damTypeIds":"Earth","coreTypeIds":"Unlisted/Unknown;Unlisted/Unknown","foundationTypeIds":"Unlisted/Unknown","damHeight":"55","hydraulicHeight":null,"structuralHeight":null,"nidHeight":"55","nidHeightId":"51-100 feet","damLength":"1400","volume":null,"yearCompleted":"1975","yearCompletedId":"1970-1979","yearsModified":"2009O","nidStorage":"12200","maxStorage":"12200","normalStorage":"7700","surfaceArea":"360","drainageArea":"6.5","maxDischarge":null,"spillwayTypeId":null,"spillwayWidth":null,"numberOfLocks":null,"lengthOfLocks":null,"widthOfLocks":null,"secondaryLengthOfLocks":null,"secondaryWidthOfLocks":null,"outletGateTypes":null,"dataUpdated":"2021-04-09","inspectionDate":"2020-09-18","inspectionFrequency":"1","publicHazardId":"High","conditionAssessId":"Fair","conditionAssessDate":null,"eapId":"Yes","eapLastRevDate":null,"websiteUrl":"https://damsafety.org/pennsylvania","usaceDivision":"North Atlantic Division","usaceDistrict":"Pittsburgh District","operationalStatusId":null,"operationalStatusDate":null,"inundationNidAddedId":"No","huc2":"05","huc4":"0501","huc6":"050100","huc8":"05010007","zipcode":"15955","nation":"USA","stateKey":"PA","femaRegion":"3","femaCommunity":"Summerhill township, Pennsylvania","aiannh":null,"hasDamPhotoId":"No","sectionSevenAuthorityId":"No"},"geometry":{"type":"Point","coordinates":[-78.66111111,40.32]}},
{"type":"Feature","properties":{"fid":29423,"name":"Bear Pond","otherNames":null,"formerNames":null,"nidId":"PA01596","otherStructureId":null,"federalId":"PA01596","ownerNames":"GREGORY & LINDA SECORIES","ownerTypeIds":"Private","primaryOwnerTypeId":"Private","separateStructuresCount":"0","isAssociatedStructureId":"No","designerNames":null,"nonFederalDamOnFederalId":"No","primaryPurposeId":"Recreation","purposeIds":"Recreation","sourceAgency":"Pennsylvania","stateFedId":"D65-071","latitude":"40.37305556","longitude":"-79.17472222","state":"Pennsylvania","county":"Westmoreland","countyState":"Westmoreland, Pennsylvania","city":null,"distance":null,"riverName":"Freeman Run","congDist":"Congressional District 14, Pennsylvania","stateRegulatedId":"Yes","jurisdictionAuthorityId":"Yes","stateRegulatoryAgency":"Pennsylvania Department of Environmental Protection","permittingAuthorityId":"Yes","inspectionAuthorityId":"Yes","enforcementAuthorityId":"Yes","fedRegulatedId":"No","fedOwnerIds":null,"fedFundingIds":null,"fedDesignIds":null,"fedConstructionIds":null,"fedRegulatoryIds":null,"fedInspectionIds":null,"fedOperationIds":null,"fedOtherIds":null,"secretaryAgricultureBuiltId":"No","nrcsWatershedAuthorizationId":"N/A","primaryDamTypeId":"Earth","damTypeIds":"Earth","coreTypeIds":"Unlisted/Unknown;Unlisted/Unknown","foundationTypeIds":"Unlisted/Unknown","damHeight":"15","hydraulicHeight":null,"structuralHeight":null,"nidHeight":"15","nidHeightId":"Less than 25 feet","damLength":"325","volume":null,"yearCompleted":null,"yearCompletedId":"Undetermined","yearsModified":null,"nidStorage":"50","maxStorage":"50","normalStorage":null,"surfaceArea":null,"drainageArea":"2.2","maxDischarge":null,"spillwayTypeId":null,"spillwayWidth":null,"numberOfLocks":null,"lengthOfLocks":null,"widthOfLocks":null,"secondaryLengthOfLocks":null,"secondaryWidthOfLocks":null,"outletGateTypes":null,"dataUpdated":"2021-04-09","inspectionDate":"2019-07-25","inspectionFrequency":"5","publicHazardId":"Low","conditionAssessId":"Not Rated","conditionAssessDate":null,"eapId":"Not Required","eapLastRevDate":null,"websiteUrl":"https://damsafety.org/pennsylvania","usaceDivision":"North Atlantic Division","usaceDistrict":"Pittsburgh District","operationalStatusId":null,"operationalStatusDate":null,"inundationNidAddedId":"No","huc2":"05","huc4":"0501","huc6":"050100","huc8":"05010007","zipcode":"15923","nation":"USA","stateKey":"PA","femaRegion":"3","femaCommunity":"Fairfield township, Pennsylvania","aiannh":null,"hasDamPhotoId":"No","sectionSevenAuthorityId":"No"},"geometry":{"type":"Point","coordinates":[-79.17472222,40.37305556]}},
{"type":"Feature","properties":{"fid":52863,"name":"Sugar Run","otherNames":null,"formerNames":null,"nidId":"PA00460","otherStructureId":null,"federalId":"PA00460","ownerNames":"HIGHRIDGE WATER AUTHORITY","ownerTypeIds":"Local Government","primaryOwnerTypeId":"Local Government","separateStructuresCount":"0","isAssociatedStructureId":"No","designerNames":null,"nonFederalDamOnFederalId":"No","primaryPurposeId":"Water Supply","purposeIds":"Water Supply","sourceAgency":"Pennsylvania","stateFedId":"D65-003","latitude":"40.37638889","longitude":"-79.02277778","state":"Pennsylvania","county":"Westmoreland","countyState":"Westmoreland, Pennsylvania","city":null,"distance":null,"riverName":"Tr Conemaugh River","congDist":"Congressional District 14, Pennsylvania","stateRegulatedId":"Yes","jurisdictionAuthorityId":"Yes","stateRegulatoryAgency":"Pennsylvania Department of Environmental Protection","permittingAuthorityId":"Yes","inspectionAuthorityId":"Yes","enforcementAuthorityId":"Yes","fedRegulatedId":"No","fedOwnerIds":null,"fedFundingIds":null,"fedDesignIds":null,"fedConstructionIds":null,"fedRegulatoryIds":null,"fedInspectionIds":null,"fedOperationIds":null,"fedOtherIds":null,"secretaryAgricultureBuiltId":"No","nrcsWatershedAuthorizationId":"N/A","primaryDamTypeId":"Earth","damTypeIds":"Earth","coreTypeIds":"Unlisted/Unknown;Unlisted/Unknown","foundationTypeIds":"Unlisted/Unknown","damHeight":"60","hydraulicHeight":null,"structuralHeight":null,"nidHeight":"60","nidHeightId":"51-100 feet","damLength":"900","volume":null,"yearCompleted":"1907","yearCompletedId":"1900-1909","yearsModified":"2012H;2012S","nidStorage":"467","maxStorage":"467","normalStorage":"380","surfaceArea":"22","drainageArea":"0.3","maxDischarge":null,"spillwayTypeId":null,"spillwayWidth":null,"numberOfLocks":null,"lengthOfLocks":null,"widthOfLocks":null,"secondaryLengthOfLocks":null,"secondaryWidthOfLocks":null,"outletGateTypes":null,"dataUpdated":"2021-04-09","inspectionDate":"2020-10-07","inspectionFrequency":"1","publicHazardId":"High","conditionAssessId":"Satisfactory","conditionAssessDate":null,"eapId":"Yes","eapLastRevDate":null,"websiteUrl":"https://damsafety.org/pennsylvania","usaceDivision":"North Atlantic Division","usaceDistrict":"Pittsburgh District","operationalStatusId":null,"operationalStatusDate":null,"inundationNidAddedId":"No","huc2":"05","huc4":"0501","huc6":"050100","huc8":"05010007","zipcode":"15944","nation":"USA","stateKey":"PA","femaRegion":"3","femaCommunity":"St. Clair township, Pennsylvania","aiannh":null,"hasDamPhotoId":"No","sectionSevenAuthorityId":"No"},"geometry":{"type":"Point","coordinates":[-79.02277778,40.37638889]}},
{"type":"Feature","properties":{"fid":29870,"name":"Saltlick","otherNames":null,"formerNames":null,"nidId":"PA00429","otherStructureId":null,"federalId":"PA00429","ownerNames":"GREATER JOHNSTOWN WATER AUTHORITY","ownerTypeIds":"Local Government","primaryOwnerTypeId":"Local Government","separateStructuresCount":"0","isAssociatedStructureId":"No","designerNames":null,"nonFederalDamOnFederalId":"No","primaryPurposeId":"Water Supply","purposeIds":"Water Supply","sourceAgency":"Pennsylvania","stateFedId":"D11-008","latitude":"40.38222222","longitude":"-78.83416667","state":"Pennsylvania","county":"Cambria","countyState":"Cambria, Pennsylvania","city":null,"distance":null,"riverName":"Saltlick Run","congDist":"Congressional District 13, Pennsylvania","stateRegulatedId":"Yes","jurisdictionAuthorityId":"Yes","stateRegulatoryAgency":"Pennsylvania Department of Environmental Protection","permittingAuthorityId":"Yes","inspectionAuthorityId":"Yes","enforcementAuthorityId":"Yes","fedRegulatedId":"No","fedOwnerIds":null,"fedFundingIds":null,"fedDesignIds":null,"fedConstructionIds":null,"fedRegulatoryIds":null,"fedInspectionIds":null,"fedOperationIds":null,"fedOtherIds":null,"secretaryAgricultureBuiltId":"No","nrcsWatershedAuthorizationId":"N/A","primaryDamTypeId":"Earth","damTypeIds":"Earth","coreTypeIds":"Unlisted/Unknown;Unlisted/Unknown","foundationTypeIds":"Unlisted/Unknown","damHeight":"116","hydraulicHeight":null,"structuralHeight":null,"nidHeight":"116","nidHeightId":"Greater than 100 feet","damLength":"835","volume":null,"yearCompleted":"1913","yearCompletedId":"1910-1919","yearsModified":null,"nidStorage":"3190","maxStorage":"3190","normalStorage":"2630","surfaceArea":"67","drainageArea":"11.9","maxDischarge":null,"spillwayTypeId":null,"spillwayWidth":null,"numberOfLocks":null,"lengthOfLocks":null,"widthOfLocks":null,"secondaryLengthOfLocks":null,"secondaryWidthOfLocks":null,"outletGateTypes":null,"dataUpdated":"2021-04-09","inspectionDate":"2020-09-23","inspectionFrequency":"1","publicHazardId":"High","conditionAssessId":"Satisfactory","conditionAssessDate":null,"eapId":"Yes","eapLastRevDate":null,"websiteUrl":"https://damsafety.org/pennsylvania","usaceDivision":"North Atlantic Division","usaceDistrict":"Pittsburgh District","operationalStatusId":null,"operationalStatusDate":null,"inundationNidAddedId":"No","huc2":"05","huc4":"0501","huc6":"050100","huc8":"05010007","zipcode":"15942","nation":"USA","stateKey":"PA","femaRegion":"3","femaCommunity":"East Taylor township, Pennsylvania","aiannh":null,"hasDamPhotoId":"No","sectionSevenAuthorityId":"No"},"geometry":{"type":"Point","coordinates":[-78.83416667,40.38222222]}},
{"type":"Feature","properties":{"fid":52042,"name":"Little Sugar Run","otherNames":null,"formerNames":null,"nidId":"PA01400","otherStructureId":null,"federalId":"PA01400","ownerNames":"HIGHRIDGE WATER AUTHORITY","ownerTypeIds":"Local Government","primaryOwnerTypeId":"Local Government","separateStructuresCount":"0","isAssociatedStructureId":"No","designerNames":null,"nonFederalDamOnFederalId":"No","primaryPurposeId":"Water Supply","purposeIds":"Water Supply","sourceAgency":"Pennsylvania","stateFedId":"D65-144","latitude":"40.38527778","longitude":"-79.02305556","state":"Pennsylvania","county":"Westmoreland","countyState":"Westmoreland, Pennsylvania","city":null,"distance":null,"riverName":"Little Sugar Run","congDist":"Congressional District 14, Pennsylvania","stateRegulatedId":"Yes","jurisdictionAuthorityId":"Yes","stateRegulatoryAgency":"Pennsylvania Department of Environmental Protection","permittingAuthorityId":"Yes","inspectionAuthorityId":"Yes","enforcementAuthorityId":"Yes","fedRegulatedId":"No","fedOwnerIds":null,"fedFundingIds":null,"fedDesignIds":null,"fedConstructionIds":null,"fedRegulatoryIds":null,"fedInspectionIds":null,"fedOperationIds":null,"fedOtherIds":null,"secretaryAgricultureBuiltId":"No","nrcsWatershedAuthorizationId":"N/A","primaryDamTypeId":"Earth","damTypeIds":"Earth","coreTypeIds":"Unlisted/Unknown;Unlisted/Unknown","foundationTypeIds":"Unlisted/Unknown","damHeight":"25","hydraulicHeight":null,"structuralHeight":null,"nidHeight":"25","nidHeightId":"25-50 feet","damLength":"480","volume":null,"yearCompleted":null,"yearCompletedId":"Undetermined","yearsModified":null,"nidStorage":"21.5","maxStorage":"21.5","normalStorage":"14","surfaceArea":"2","drainageArea":"1.52","maxDischarge":null,"spillwayTypeId":null,"spillwayWidth":null,"numberOfLocks":null,"lengthOfLocks":null,"widthOfLocks":null,"secondaryLengthOfLocks":null,"secondaryWidthOfLocks":null,"outletGateTypes":null,"dataUpdated":"2021-04-09","inspectionDate":"2018-10-19","inspectionFrequency":"2","publicHazardId":"Significant","conditionAssessId":"Not Rated","conditionAssessDate":null,"eapId":"Yes","eapLastRevDate":null,"websiteUrl":"https://damsafety.org/pennsylvania","usaceDivision":"North Atlantic Division","usaceDistrict":"Pittsburgh District","operationalStatusId":null,"operationalStatusDate":null,"inundationNidAddedId":"No","huc2":"05","huc4":"0501","huc6":"050100","huc8":"05010007","zipcode":"15944","nation":"USA","stateKey":"PA","femaRegion":"3","femaCommunity":"St. Clair township, Pennsylvania","aiannh":null,"hasDamPhotoId":"No","sectionSevenAuthorityId":"No"},"geometry":{"type":"Point","coordinates":[-79.02305556,40.38527778]}},
{"type":"Feature","properties":{"fid":54798,"name":"Conemaugh Equalization Pond","otherNames":null,"formerNames":null,"nidId":"PA01554","otherStructureId":null,"federalId":"PA01554","ownerNames":"KEYSTONE CONEMAUGH PROJECTS LLC","ownerTypeIds":"Private","primaryOwnerTypeId":"Private","separateStructuresCount":"0","isAssociatedStructureId":"No","designerNames":null,"nonFederalDamOnFederalId":"No","primaryPurposeId":"Other","purposeIds":"Other","sourceAgency":"Pennsylvania","stateFedId":"D32-083","latitude":"40.39194444","longitude":"-79.06472222","state":"Pennsylvania","county":"Indiana","countyState":"Indiana, Pennsylvania","city":null,"distance":null,"riverName":"Tr Conemaugh River","congDist":"Congressional District 14, Pennsylvania","stateRegulatedId":"Yes","jurisdictionAuthorityId":"Yes","stateRegulatoryAgency":"Pennsylvania Department of Environmental Protection","permittingAuthorityId":"Yes","inspectionAuthorityId":"Yes","enforcementAuthorityId":"Yes","fedRegulatedId":"No","fedOwnerIds":null,"fedFundingIds":null,"fedDesignIds":null,"fedConstructionIds":null,"fedRegulatoryIds":null,"fedInspectionIds":null,"fedOperationIds":null,"fedOtherIds":null,"secretaryAgricultureBuiltId":"No","nrcsWatershedAuthorizationId":"N/A","primaryDamTypeId":"Earth","damTypeIds":"Earth","coreTypeIds":"Unlisted/Unknown;Unlisted/Unknown","foundationTypeIds":"Unlisted/Unknown","damHeight":"31","hydraulicHeight":null,"structuralHeight":null,"nidHeight":"31","nidHeightId":"25-50 feet","damLength":"1750","volume":null,"yearCompleted":"1987","yearCompletedId":"1980-1989","yearsModified":null,"nidStorage":"192","maxStorage":"192","normalStorage":null,"surfaceArea":null,"drainageArea":"0.61","maxDischarge":null,"spillwayTypeId":null,"spillwayWidth":null,"numberOfLocks":null,"lengthOfLocks":null,"widthOfLocks":null,"secondaryLengthOfLocks":null,"secondaryWidthOfLocks":null,"outletGateTypes":null,"dataUpdated":"2021-04-09","inspectionDate":"2019-08-14","inspectionFrequency":"5","publicHazardId":"Low","conditionAssessId":"Fair","conditionAssessDate":null,"eapId":"Not Required","eapLastRevDate":null,"websiteUrl":"https://damsafety.org/pennsylvania","usaceDivision":"North Atlantic Division","usaceDistrict":"Pittsburgh District","operationalStatusId":null,"operationalStatusDate":null,"inundationNidAddedId":"No","huc2":"05","huc4":"0501","huc6":"050100","huc8":"05010007","zipcode":"15944","nation":"USA","stateKey":"PA","femaRegion":"3","femaCommunity":"West Wheatfield township, Pennsylvania","aiannh":null,"hasDamPhotoId":"No","sectionSevenAuthorityId":"No"},"geometry":{"type":"Point","coordinates":[-79.06472222,40.39194444]}},
{"type":"Feature","properties":{"fid":50466,"name":"Big Spring","otherNames":null,"formerNames":null,"nidId":"PA00461","otherStructureId":null,"federalId":"PA00461","ownerNames":"HIGHRIDGE WATER AUTHORITY","ownerTypeIds":"Local Government","primaryOwnerTypeId":"Local Government","separateStructuresCount":"0","isAssociatedStructureId":"No","designerNames":null,"nonFederalDamOnFederalId":"No","primaryPurposeId":"Water Supply","purposeIds":"Water Supply","sourceAgency":"Pennsylvania","stateFedId":"D65-004","latitude":"40.40694444","longitude":"-79.00111111","state":"Pennsylvania","county":"Westmoreland","countyState":"Westmoreland, Pennsylvania","city":null,"distance":null,"riverName":"Big Spring Run","congDist":"Congressional District 14, Pennsylvania","stateRegulatedId":"Yes","jurisdictionAuthorityId":"Yes","stateRegulatoryAgency":"Pennsylvania Department of Environmental Protection","permittingAuthorityId":"Yes","inspectionAuthorityId":"Yes","enforcementAuthorityId":"Yes","fedRegulatedId":"No","fedOwnerIds":null,"fedFundingIds":null,"fedDesignIds":null,"fedConstructionIds":null,"fedRegulatoryIds":null,"fedInspectionIds":null,"fedOperationIds":null,"fedOtherIds":null,"secretaryAgricultureBuiltId":"No","nrcsWatershedAuthorizationId":"N/A","primaryDamTypeId":"Earth","damTypeIds":"Earth","coreTypeIds":"Unlisted/Unknown;Unlisted/Unknown","foundationTypeIds":"Unlisted/Unknown","damHeight":"43","hydraulicHeight":null,"structuralHeight":null,"nidHeight":"43","nidHeightId":"25-50 feet","damLength":"1000","volume":null,"yearCompleted":"1907","yearCompletedId":"1900-1909","yearsModified":null,"nidStorage":"161","maxStorage":"161","normalStorage":"129","surfaceArea":"6","drainageArea":"1.16","maxDischarge":null,"spillwayTypeId":null,"spillwayWidth":null,"numberOfLocks":null,"lengthOfLocks":null,"widthOfLocks":null,"secondaryLengthOfLocks":null,"secondaryWidthOfLocks":null,"outletGateTypes":null,"dataUpdated":"2021-04-09","inspectionDate":"2020-10-07","inspectionFrequency":"1","publicHazardId":"High","conditionAssessId":"Satisfactory","conditionAssessDate":null,"eapId":"Yes","eapLastRevDate":null,"websiteUrl":"https://damsafety.org/pennsylvania","usaceDivision":"Great Lakes and Ohio River Division","usaceDistrict":"Pittsburgh District","operationalStatusId":null,"operationalStatusDate":null,"inundationNidAddedId":"No","huc2":"05","huc4":"0501","huc6":"050100","huc8":"05010007","zipcode":"15954","nation":"USA","stateKey":"PA","femaRegion":"3","femaCommunity":"St. Clair township, Pennsylvania","aiannh":null,"hasDamPhotoId":"No","sectionSevenAuthorityId":"No"},"geometry":{"type":"Point","coordinates":[-79.00111111,40.40694444]}},
{"type":"Feature","properties":{"fid":60961,"name":"Wilmore","otherNames":null,"formerNames":null,"nidId":"PA00435","otherStructureId":null,"federalId":"PA00435","ownerNames":"CAMBRIA SOMERSET AUTHORITY","ownerTypeIds":"Local Government","primaryOwnerTypeId":"Local Government","separateStructuresCount":"0","isAssociatedStructureId":"No","designerNames":null,"nonFederalDamOnFederalId":"No","primaryPurposeId":"Water Supply","purposeIds":"Water Supply","sourceAgency":"Pennsylvania","stateFedId":"D11-004","latitude":"40.41","longitude":"-78.68833333","state":"Pennsylvania","county":"Cambria","countyState":"Cambria, Pennsylvania","city":null,"distance":null,"riverName":"N Br Little Conemaugh River","congDist":"Congressional District 13, Pennsylvania","stateRegulatedId":"Yes","jurisdictionAuthorityId":"Yes","stateRegulatoryAgency":"Pennsylvania Department of Environmental Protection","permittingAuthorityId":"Yes","inspectionAuthorityId":"Yes","enforcementAuthorityId":"Yes","fedRegulatedId":"No","fedOwnerIds":null,"fedFundingIds":null,"fedDesignIds":null,"fedConstructionIds":null,"fedRegulatoryIds":null,"fedInspectionIds":null,"fedOperationIds":null,"fedOtherIds":null,"secretaryAgricultureBuiltId":"No","nrcsWatershedAuthorizationId":"N/A","primaryDamTypeId":"Masonry","damTypeIds":"Masonry;Gravity","coreTypeIds":"Unlisted/Unknown;Unlisted/Unknown","foundationTypeIds":"Unlisted/Unknown","damHeight":"48","hydraulicHeight":null,"structuralHeight":null,"nidHeight":"48","nidHeightId":"25-50 feet","damLength":"850","volume":null,"yearCompleted":"1908","yearCompletedId":"1900-1909","yearsModified":null,"nidStorage":"3990","maxStorage":"3990","normalStorage":"3150","surfaceArea":"162","drainageArea":"25","maxDischarge":null,"spillwayTypeId":null,"spillwayWidth":null,"numberOfLocks":null,"lengthOfLocks":null,"widthOfLocks":null,"secondaryLengthOfLocks":null,"secondaryWidthOfLocks":null,"outletGateTypes":null,"dataUpdated":"2021-04-09","inspectionDate":"2020-09-09","inspectionFrequency":"1","publicHazardId":"High","conditionAssessId":"Poor","conditionAssessDate":null,"eapId":"Yes","eapLastRevDate":null,"websiteUrl":"https://damsafety.org/pennsylvania","usaceDivision":"Great Lakes and Ohio River Division","usaceDistrict":"Pittsburgh District","operationalStatusId":null,"operationalStatusDate":null,"inundationNidAddedId":"No","huc2":"05","huc4":"0501","huc6":"050100","huc8":"05010007","zipcode":"15946","nation":"USA","stateKey":"PA","femaRegion":"3","femaCommunity":"Summerhill township, Pennsylvania","aiannh":null,"hasDamPhotoId":"No","sectionSevenAuthorityId":"No"},"geometry":{"type":"Point","coordinates":[-78.68833333,40.41]}},
{"type":"Feature","properties":{"fid":33946,"name":"Breckenridge Detention","otherNames":null,"formerNames":null,"nidId":"PA01621","otherStructureId":null,"federalId":"PA01621","ownerNames":"TOWN OF McCANDLESS","ownerTypeIds":"Local Government","primaryOwnerTypeId":"Local Government","separateStructuresCount":"0","isAssociatedStructureId":"No","designerNames":null,"nonFederalDamOnFederalId":"No","primaryPurposeId":"Flood Risk Reduction","purposeIds":"Flood Risk Reduction","sourceAgency":"Pennsylvania","stateFedId":"D02-102","latitude":"40.61055556","longitude":"-80.04361111","state":"Pennsylvania","county":"Allegheny","countyState":"Allegheny, Pennsylvania","city":null,"distance":null,"riverName":"Rinaman Run","congDist":"Congressional District 17, Pennsylvania","stateRegulatedId":"Yes","jurisdictionAuthorityId":"Yes","stateRegulatoryAgency":"Pennsylvania Department of Environmental Protection","permittingAuthorityId":"Yes","inspectionAuthorityId":"Yes","enforcementAuthorityId":"Yes","fedRegulatedId":"No","fedOwnerIds":null,"fedFundingIds":null,"fedDesignIds":null,"fedConstructionIds":null,"fedRegulatoryIds":null,"fedInspectionIds":null,"fedOperationIds":null,"fedOtherIds":null,"secretaryAgricultureBuiltId":"No","nrcsWatershedAuthorizationId":"N/A","primaryDamTypeId":"Earth","damTypeIds":"Earth","coreTypeIds":"Unlisted/Unknown;Unlisted/Unknown","foundationTypeIds":"Unlisted/Unknown","damHeight":"49","hydraulicHeight":null,"structuralHeight":null,"nidHeight":"49","nidHeightId":"25-50 feet","damLength":"375","volume":null,"yearCompleted":null,"yearCompletedId":"Undetermined","yearsModified":null,"nidStorage":"104","maxStorage":"104","normalStorage":null,"surfaceArea":null,"drainageArea":"0.24","maxDischarge":null,"spillwayTypeId":null,"spillwayWidth":null,"numberOfLocks":null,"lengthOfLocks":null,"widthOfLocks":null,"secondaryLengthOfLocks":null,"secondaryWidthOfLocks":null,"outletGateTypes":null,"dataUpdated":"2021-04-09","inspectionDate":"2019-06-28","inspectionFrequency":"2","publicHazardId":"Significant","conditionAssessId":"Satisfactory","conditionAssessDate":null,"eapId":"Yes","eapLastRevDate":null,"websiteUrl":"https://damsafety.org/pennsylvania","usaceDivision":"Great Lakes and Ohio River Division","usaceDistrict":"Pittsburgh District","operationalStatusId":null,"operationalStatusDate":null,"inundationNidAddedId":"No","huc2":"05","huc4":"0501","huc6":"050100","huc8":"05010009","zipcode":"15090","nation":"USA","stateKey":"PA","femaRegion":"3","femaCommunity":"McCandless township, Pennsylvania","aiannh":null,"hasDamPhotoId":"No","sectionSevenAuthorityId":"No"},"geometry":{"type":"Point","coordinates":[-80.04361111,40.61055556]}},
{"type":"Feature","properties":{"fid":73117,"name":"Duncan Ave West Flood Control","otherNames":null,"formerNames":null,"nidId":"PA01692","otherStructureId":null,"federalId":"PA01692","ownerNames":"TOWN OF McCANDLESS","ownerTypeIds":"Local Government","primaryOwnerTypeId":"Local Government","separateStructuresCount":"0","isAssociatedStructureId":"No","designerNames":null,"nonFederalDamOnFederalId":"No","primaryPurposeId":"Flood Risk Reduction","purposeIds":"Flood Risk Reduction","sourceAgency":"Pennsylvania","stateFedId":"D02-118","latitude":"40.56833333","longitude":"-80.02722222","state":"Pennsylvania","county":"Allegheny","countyState":"Allegheny, Pennsylvania","city":null,"distance":null,"riverName":"South Branch Pine Creek","congDist":"Congressional District 17, Pennsylvania","stateRegulatedId":"Yes","jurisdictionAuthorityId":"Yes","stateRegulatoryAgency":"Pennsylvania Department of Environmental Protection","permittingAuthorityId":"Yes","inspectionAuthorityId":"Yes","enforcementAuthorityId":"Yes","fedRegulatedId":"No","fedOwnerIds":null,"fedFundingIds":null,"fedDesignIds":null,"fedConstructionIds":null,"fedRegulatoryIds":null,"fedInspectionIds":null,"fedOperationIds":null,"fedOtherIds":null,"secretaryAgricultureBuiltId":"No","nrcsWatershedAuthorizationId":"N/A","primaryDamTypeId":"Earth","damTypeIds":"Earth","coreTypeIds":"Unlisted/Unknown;Unlisted/Unknown","foundationTypeIds":"Unlisted/Unknown","damHeight":"34","hydraulicHeight":null,"structuralHeight":null,"nidHeight":"34","nidHeightId":"25-50 feet","damLength":"380","volume":null,"yearCompleted":null,"yearCompletedId":"Undetermined","yearsModified":null,"nidStorage":"54.3","maxStorage":"54.3","normalStorage":null,"surfaceArea":null,"drainageArea":"0.21","maxDischarge":null,"spillwayTypeId":null,"spillwayWidth":null,"numberOfLocks":null,"lengthOfLocks":null,"widthOfLocks":null,"secondaryLengthOfLocks":null,"secondaryWidthOfLocks":null,"outletGateTypes":null,"dataUpdated":"2021-04-09","inspectionDate":"2019-06-28","inspectionFrequency":"2","publicHazardId":"Significant","conditionAssessId":"Satisfactory","conditionAssessDate":null,"eapId":"Yes","eapLastRevDate":null,"websiteUrl":"https://damsafety.org/pennsylvania","usaceDivision":"Great Lakes and Ohio River Division","usaceDistrict":"Pittsburgh District","operationalStatusId":null,"operationalStatusDate":null,"inundationNidAddedId":"No","huc2":"05","huc4":"0501","huc6":"050100","huc8":"05010009","zipcode":"15237","nation":"USA","stateKey":"PA","femaRegion":"3","femaCommunity":"McCandless township, Pennsylvania","aiannh":null,"hasDamPhotoId":"No","sectionSevenAuthorityId":"No"},"geometry":{"type":"Point","coordinates":[-80.02722222,40.56833333]}},
{"type":"Feature","properties":{"fid":60139,"name":"Marshall Lake","otherNames":null,"formerNames":null,"nidId":"PA01726","otherStructureId":null,"federalId":"PA01726","ownerNames":"ALLEGHENY COUNTY DEPARTMENT OF ENGINEERING","ownerTypeIds":"Local Government","primaryOwnerTypeId":"Local Government","separateStructuresCount":"0","isAssociatedStructureId":"No","designerNames":null,"nonFederalDamOnFederalId":"No","primaryPurposeId":"Recreation","purposeIds":"Recreation","sourceAgency":"Pennsylvania","stateFedId":"D02-023","latitude":"40.61166667","longitude":"-80.01833333","state":"Pennsylvania","county":"Allegheny","countyState":"Allegheny, Pennsylvania","city":null,"distance":null,"riverName":"North Fork Pine Creek","congDist":"Congressional District 17, Pennsylvania","stateRegulatedId":"Yes","jurisdictionAuthorityId":"Yes","stateRegulatoryAgency":"Pennsylvania Department of Environmental Protection","permittingAuthorityId":"Yes","inspectionAuthorityId":"Yes","enforcementAuthorityId":"Yes","fedRegulatedId":"No","fedOwnerIds":null,"fedFundingIds":null,"fedDesignIds":null,"fedConstructionIds":null,"fedRegulatoryIds":null,"fedInspectionIds":null,"fedOperationIds":null,"fedOtherIds":null,"secretaryAgricultureBuiltId":"No","nrcsWatershedAuthorizationId":"N/A","primaryDamTypeId":"Earth","damTypeIds":"Earth","coreTypeIds":"Unlisted/Unknown;Unlisted/Unknown","foundationTypeIds":"Unlisted/Unknown","damHeight":"14","hydraulicHeight":null,"structuralHeight":null,"nidHeight":"14","nidHeightId":"Less than 25 feet","damLength":null,"volume":null,"yearCompleted":null,"yearCompletedId":"Undetermined","yearsModified":null,"nidStorage":"67","maxStorage":"67","normalStorage":null,"surfaceArea":null,"drainageArea":"7.6","maxDischarge":null,"spillwayTypeId":null,"spillwayWidth":null,"numberOfLocks":null,"lengthOfLocks":null,"widthOfLocks":null,"secondaryLengthOfLocks":null,"secondaryWidthOfLocks":null,"outletGateTypes":null,"dataUpdated":"2021-04-09","inspectionDate":"2017-07-11","inspectionFrequency":"5","publicHazardId":"Low","conditionAssessId":"Fair","conditionAssessDate":null,"eapId":"Not Required","eapLastRevDate":null,"websiteUrl":"https://damsafety.org/pennsylvania","usaceDivision":"Great Lakes and Ohio River Division","usaceDistrict":"Pittsburgh District","operationalStatusId":null,"operationalStatusDate":null,"inundationNidAddedId":"No","huc2":"05","huc4":"0501","huc6":"050100","huc8":"05010009","zipcode":"15101","nation":"USA","stateKey":"PA","femaRegion":"3","femaCommunity":"McCandless township, Pennsylvania","aiannh":null,"hasDamPhotoId":"No","sectionSevenAuthorityId":"No"},"geometry":{"type":"Point","coordinates":[-80.01833333,40.61166667]}},
{"type":"Feature","properties":{"fid":76061,"name":"Pine Creek (North Park Lake)","otherNames":"North Park Lake","formerNames":null,"nidId":"PA00467","otherStructureId":null,"federalId":"PA00467","ownerNames":"ALLEGHENY COUNTY","ownerTypeIds":"Local Government","primaryOwnerTypeId":"Local Government","separateStructuresCount":"0","isAssociatedStructureId":"No","designerNames":null,"nonFederalDamOnFederalId":"No","primaryPurposeId":"Recreation","purposeIds":"Recreation","sourceAgency":"Pennsylvania","stateFedId":"D02-026","latitude":"40.59583333","longitude":"-79.99694444","state":"Pennsylvania","county":"Allegheny","countyState":"Allegheny, Pennsylvania","city":null,"distance":null,"riverName":"Pine Creek","congDist":"Congressional District 17, Pennsylvania","stateRegulatedId":"Yes","jurisdictionAuthorityId":"Yes","stateRegulatoryAgency":"Pennsylvania Department of Environmental Protection","permittingAuthorityId":"Yes","inspectionAuthorityId":"Yes","enforcementAuthorityId":"Yes","fedRegulatedId":"No","fedOwnerIds":null,"fedFundingIds":null,"fedDesignIds":null,"fedConstructionIds":null,"fedRegulatoryIds":null,"fedInspectionIds":null,"fedOperationIds":null,"fedOtherIds":null,"secretaryAgricultureBuiltId":"No","nrcsWatershedAuthorizationId":"N/A","primaryDamTypeId":"Earth","damTypeIds":"Earth","coreTypeIds":"Unlisted/Unknown;Unlisted/Unknown","foundationTypeIds":"Unlisted/Unknown","damHeight":"33","hydraulicHeight":null,"structuralHeight":null,"nidHeight":"33","nidHeightId":"25-50 feet","damLength":"1130","volume":null,"yearCompleted":"1936","yearCompletedId":"1930-1939","yearsModified":null,"nidStorage":"1950","maxStorage":"1950","normalStorage":"570","surfaceArea":"75","drainageArea":"25","maxDischarge":null,"spillwayTypeId":null,"spillwayWidth":null,"numberOfLocks":null,"lengthOfLocks":null,"widthOfLocks":null,"secondaryLengthOfLocks":null,"secondaryWidthOfLocks":null,"outletGateTypes":null,"dataUpdated":"2021-04-09","inspectionDate":"2020-12-04","inspectionFrequency":"1","publicHazardId":"High","conditionAssessId":"Fair","conditionAssessDate":null,"eapId":"Yes","eapLastRevDate":null,"websiteUrl":"https://damsafety.org/pennsylvania","usaceDivision":"Great Lakes and Ohio River Division","usaceDistrict":"Pittsburgh District","operationalStatusId":null,"operationalStatusDate":null,"inundationNidAddedId":"No","huc2":"05","huc4":"0501","huc6":"050100","huc8":"05010009","zipcode":"15044","nation":"USA","stateKey":"PA","femaRegion":"3","femaCommunity":"McCandless township, Pennsylvania","aiannh":null,"hasDamPhotoId":"No","sectionSevenAuthorityId":"No"},"geometry":{"type":"Point","coordinates":[-79.99694444,40.59583333]}},
{"type":"Feature","properties":{"fid":53853,"name":"Spring Valley Lake","otherNames":null,"formerNames":null,"nidId":"PA01068","otherStructureId":null,"federalId":"PA01068","ownerNames":"CHARLES ABBOTT","ownerTypeIds":"Private","primaryOwnerTypeId":"Private","separateStructuresCount":"0","isAssociatedStructureId":"No","designerNames":null,"nonFederalDamOnFederalId":"No","primaryPurposeId":"Recreation","purposeIds":"Recreation","sourceAgency":"Pennsylvania","stateFedId":"D02-045","latitude":"40.625","longitude":"-79.98666667","state":"Pennsylvania","county":"Allegheny","countyState":"Allegheny, Pennsylvania","city":null,"distance":null,"riverName":"Tr Montour Run","congDist":"Congressional District 17, Pennsylvania","stateRegulatedId":"Yes","jurisdictionAuthorityId":"Yes","stateRegulatoryAgency":"Pennsylvania Department of Environmental Protection","permittingAuthorityId":"Yes","inspectionAuthorityId":"Yes","enforcementAuthorityId":"Yes","fedRegulatedId":"No","fedOwnerIds":null,"fedFundingIds":null,"fedDesignIds":null,"fedConstructionIds":null,"fedRegulatoryIds":null,"fedInspectionIds":null,"fedOperationIds":null,"fedOtherIds":null,"secretaryAgricultureBuiltId":"No","nrcsWatershedAuthorizationId":"N/A","primaryDamTypeId":"Earth","damTypeIds":"Earth","coreTypeIds":"Unlisted/Unknown;Unlisted/Unknown","foundationTypeIds":"Unlisted/Unknown","damHeight":"43","hydraulicHeight":null,"structuralHeight":null,"nidHeight":"43","nidHeightId":"25-50 feet","damLength":"435","volume":null,"yearCompleted":"1964","yearCompletedId":"1960-1969","yearsModified":null,"nidStorage":"43","maxStorage":"43","normalStorage":"31","surfaceArea":"3","drainageArea":"0.1","maxDischarge":null,"spillwayTypeId":null,"spillwayWidth":null,"numberOfLocks":null,"lengthOfLocks":null,"widthOfLocks":null,"secondaryLengthOfLocks":null,"secondaryWidthOfLocks":null,"outletGateTypes":null,"dataUpdated":"2021-04-09","inspectionDate":"2017-07-10","inspectionFrequency":"5","publicHazardId":"Low","conditionAssessId":"Fair","conditionAssessDate":null,"eapId":"Not Required","eapLastRevDate":null,"websiteUrl":"https://damsafety.org/pennsylvania","usaceDivision":"Great Lakes and Ohio River Division","usaceDistrict":"Pittsburgh District","operationalStatusId":null,"operationalStatusDate":null,"inundationNidAddedId":"No","huc2":"05","huc4":"0501","huc6":"050100","huc8":"05010009","zipcode":"15044","nation":"USA","stateKey":"PA","femaRegion":"3","femaCommunity":"Richland township, Pennsylvania","aiannh":null,"hasDamPhotoId":"No","sectionSevenAuthorityId":"No"},"geometry":{"type":"Point","coordinates":[-79.98666667,40.625]}},
{"type":"Feature","properties":{"fid":36832,"name":"Pittsburgh Cut Flower","otherNames":null,"formerNames":null,"nidId":"PA01986","otherStructureId":null,"federalId":"PA01986","ownerNames":"0","ownerTypeIds":"Private","primaryOwnerTypeId":"Private","separateStructuresCount":"0","isAssociatedStructureId":"No","designerNames":null,"nonFederalDamOnFederalId":"No","primaryPurposeId":"Recreation","purposeIds":"Recreation","sourceAgency":"Pennsylvania","stateFedId":"D02-143","latitude":"40.65527778","longitude":"-79.98277778","state":"Pennsylvania","county":"Allegheny","countyState":"Allegheny, Pennsylvania","city":null,"distance":null,"riverName":"Montour Run","congDist":"Congressional District 17, Pennsylvania","stateRegulatedId":"Yes","jurisdictionAuthorityId":"Yes","stateRegulatoryAgency":"Pennsylvania Department of Environmental Protection","permittingAuthorityId":"Yes","inspectionAuthorityId":"Yes","enforcementAuthorityId":"Yes","fedRegulatedId":"No","fedOwnerIds":null,"fedFundingIds":null,"fedDesignIds":null,"fedConstructionIds":null,"fedRegulatoryIds":null,"fedInspectionIds":null,"fedOperationIds":null,"fedOtherIds":null,"secretaryAgricultureBuiltId":"No","nrcsWatershedAuthorizationId":"N/A","primaryDamTypeId":"Earth","damTypeIds":"Earth","coreTypeIds":"Unlisted/Unknown;Unlisted/Unknown","foundationTypeIds":"Unlisted/Unknown","damHeight":null,"hydraulicHeight":null,"structuralHeight":null,"nidHeight":"0","nidHeightId":"Undetermined","damLength":null,"volume":null,"yearCompleted":null,"yearCompletedId":"Undetermined","yearsModified":null,"nidStorage":"0","maxStorage":null,"normalStorage":null,"surfaceArea":null,"drainageArea":null,"maxDischarge":null,"spillwayTypeId":null,"spillwayWidth":null,"numberOfLocks":null,"lengthOfLocks":null,"widthOfLocks":null,"secondaryLengthOfLocks":null,"secondaryWidthOfLocks":null,"outletGateTypes":null,"dataUpdated":"2021-04-09","inspectionDate":null,"inspectionFrequency":"2","publicHazardId":"Significant","conditionAssessId":"Satisfactory","conditionAssessDate":null,"eapId":"No","eapLastRevDate":null,"websiteUrl":"https://damsafety.org/pennsylvania","usaceDivision":"Great Lakes and Ohio River Division","usaceDistrict":"Pittsburgh District","operationalStatusId":null,"operationalStatusDate":null,"inundationNidAddedId":"No","huc2":"05","huc4":"0503","huc6":"050301","huc8":"05030105","zipcode":"15044","nation":"USA","stateKey":"PA","femaRegion":"3","femaCommunity":"Richland township, Pennsylvania","aiannh":null,"hasDamPhotoId":"No","sectionSevenAuthorityId":"No"},"geometry":{"type":"Point","coordinates":[-79.98277778,40.65527778]}},
{"type":"Feature","properties":{"fid":76618,"name":"Northmont Farms Basin #1","otherNames":null,"formerNames":null,"nidId":"PA01388","otherStructureId":null,"federalId":"PA01388","ownerNames":"BOROUGH OF FRANKLIN PARK","ownerTypeIds":"Local Government","primaryOwnerTypeId":"Local Government","separateStructuresCount":"0","isAssociatedStructureId":"No","designerNames":null,"nonFederalDamOnFederalId":"No","primaryPurposeId":"Flood Risk Reduction","purposeIds":"Flood Risk Reduction","sourceAgency":"Pennsylvania","stateFedId":"D02-065","latitude":"40.6","longitude":"-80.09027778","state":"Pennsylvania","county":"Allegheny","countyState":"Allegheny, Pennsylvania","city":null,"distance":null,"riverName":"Fish Run Creek","congDist":"Congressional District 17, Pennsylvania","stateRegulatedId":"Yes","jurisdictionAuthorityId":"Yes","stateRegulatoryAgency":"Pennsylvania Department of Environmental Protection","permittingAuthorityId":"Yes","inspectionAuthorityId":"Yes","enforcementAuthorityId":"Yes","fedRegulatedId":"No","fedOwnerIds":null,"fedFundingIds":null,"fedDesignIds":null,"fedConstructionIds":null,"fedRegulatoryIds":null,"fedInspectionIds":null,"fedOperationIds":null,"fedOtherIds":null,"secretaryAgricultureBuiltId":"No","nrcsWatershedAuthorizationId":"N/A","primaryDamTypeId":"Earth","damTypeIds":"Earth","coreTypeIds":"Unlisted/Unknown;Unlisted/Unknown","foundationTypeIds":"Unlisted/Unknown","damHeight":"24","hydraulicHeight":null,"structuralHeight":null,"nidHeight":"24","nidHeightId":"Less than 25 feet","damLength":"205","volume":null,"yearCompleted":"1986","yearCompletedId":"1980-1989","yearsModified":"2014S","nidStorage":"14.6","maxStorage":"14.6","normalStorage":null,"surfaceArea":null,"drainageArea":"0.51","maxDischarge":null,"spillwayTypeId":null,"spillwayWidth":null,"numberOfLocks":null,"lengthOfLocks":null,"widthOfLocks":null,"secondaryLengthOfLocks":null,"secondaryWidthOfLocks":null,"outletGateTypes":null,"dataUpdated":"2021-04-09","inspectionDate":"2020-11-04","inspectionFrequency":"1","publicHazardId":"High","conditionAssessId":"Satisfactory","conditionAssessDate":null,"eapId":"Yes","eapLastRevDate":null,"websiteUrl":"https://damsafety.org/pennsylvania","usaceDivision":"Great Lakes and Ohio River Division","usaceDistrict":"Pittsburgh District","operationalStatusId":null,"operationalStatusDate":null,"inundationNidAddedId":"No","huc2":"05","huc4":"0501","huc6":"050100","huc8":"05010009","zipcode":"15090","nation":"USA","stateKey":"PA","femaRegion":"3","femaCommunity":"Franklin Park borough, Pennsylvania","aiannh":null,"hasDamPhotoId":"No","sectionSevenAuthorityId":"No"},"geometry":{"type":"Point","coordinates":[-80.09027778,40.6]}},
{"type":"Feature","properties":{"fid":77944,"name":"Laroche College Detention Basin #1","otherNames":null,"formerNames":null,"nidId":"PA01391","otherStructureId":null,"federalId":"PA01391","ownerNames":"TOWN OF McCANDLESS","ownerTypeIds":"Local Government","primaryOwnerTypeId":"Local Government","separateStructuresCount":"0","isAssociatedStructureId":"No","designerNames":null,"nonFederalDamOnFederalId":"No","primaryPurposeId":"Flood Risk Reduction","purposeIds":"Flood Risk Reduction","sourceAgency":"Pennsylvania","stateFedId":"D02-074","latitude":"40.5675","longitude":"-80.01583333","state":"Pennsylvania","county":"Allegheny","countyState":"Allegheny, Pennsylvania","city":null,"distance":null,"riverName":"Tr Little Pine Creek","congDist":"Congressional District 17, Pennsylvania","stateRegulatedId":"Yes","jurisdictionAuthorityId":"Yes","stateRegulatoryAgency":"Pennsylvania Department of Environmental Protection","permittingAuthorityId":"Yes","inspectionAuthorityId":"Yes","enforcementAuthorityId":"Yes","fedRegulatedId":"No","fedOwnerIds":null,"fedFundingIds":null,"fedDesignIds":null,"fedConstructionIds":null,"fedRegulatoryIds":null,"fedInspectionIds":null,"fedOperationIds":null,"fedOtherIds":null,"secretaryAgricultureBuiltId":"No","nrcsWatershedAuthorizationId":"N/A","primaryDamTypeId":"Earth","damTypeIds":"Earth","coreTypeIds":"Unlisted/Unknown;Unlisted/Unknown","foundationTypeIds":"Unlisted/Unknown","damHeight":"18","hydraulicHeight":null,"structuralHeight":null,"nidHeight":"18","nidHeightId":"Less than 25 feet","damLength":"270","volume":null,"yearCompleted":"1988","yearCompletedId":"1980-1989","yearsModified":null,"nidStorage":"12","maxStorage":"12","normalStorage":null,"surfaceArea":null,"drainageArea":"0.24","maxDischarge":null,"spillwayTypeId":null,"spillwayWidth":null,"numberOfLocks":null,"lengthOfLocks":null,"widthOfLocks":null,"secondaryLengthOfLocks":null,"secondaryWidthOfLocks":null,"outletGateTypes":null,"dataUpdated":"2021-04-09","inspectionDate":"2019-07-19","inspectionFrequency":"2","publicHazardId":"Significant","conditionAssessId":"Satisfactory","conditionAssessDate":null,"eapId":"Yes","eapLastRevDate":null,"websiteUrl":"https://damsafety.org/pennsylvania","usaceDivision":"Great Lakes and Ohio River Division","usaceDistrict":"Pittsburgh District","operationalStatusId":null,"operationalStatusDate":null,"inundationNidAddedId":"No","huc2":"05","huc4":"0501","huc6":"050100","huc8":"05010009","zipcode":"15237","nation":"USA","stateKey":"PA","femaRegion":"3","femaCommunity":"McCandless township, Pennsylvania","aiannh":null,"hasDamPhotoId":"No","sectionSevenAuthorityId":"No"},"geometry":{"type":"Point","coordinates":[-80.01583333,40.5675]}},
{"type":"Feature","properties":{"fid":78062,"name":"Laroche College Detention Basin #2","otherNames":null,"formerNames":null,"nidId":"PA01493","otherStructureId":null,"federalId":"PA01493","ownerNames":"TOWN OF McCANDLESS","ownerTypeIds":"Local Government","primaryOwnerTypeId":"Local Government","separateStructuresCount":"0","isAssociatedStructureId":"No","designerNames":null,"nonFederalDamOnFederalId":"No","primaryPurposeId":"Flood Risk Reduction","purposeIds":"Flood Risk Reduction","sourceAgency":"Pennsylvania","stateFedId":"D02-104","latitude":"40.5675","longitude":"-80.01138889","state":"Pennsylvania","county":"Allegheny","countyState":"Allegheny, Pennsylvania","city":null,"distance":null,"riverName":"Tr Little Pine Creek","congDist":"Congressional District 17, Pennsylvania","stateRegulatedId":"Yes","jurisdictionAuthorityId":"Yes","stateRegulatoryAgency":"Pennsylvania Department of Environmental Protection","permittingAuthorityId":"Yes","inspectionAuthorityId":"Yes","enforcementAuthorityId":"Yes","fedRegulatedId":"No","fedOwnerIds":null,"fedFundingIds":null,"fedDesignIds":null,"fedConstructionIds":null,"fedRegulatoryIds":null,"fedInspectionIds":null,"fedOperationIds":null,"fedOtherIds":null,"secretaryAgricultureBuiltId":"No","nrcsWatershedAuthorizationId":"N/A","primaryDamTypeId":"Earth","damTypeIds":"Earth","coreTypeIds":"Unlisted/Unknown;Unlisted/Unknown","foundationTypeIds":"Unlisted/Unknown","damHeight":"17","hydraulicHeight":null,"structuralHeight":null,"nidHeight":"17","nidHeightId":"Less than 25 feet","damLength":"120","volume":null,"yearCompleted":"1992","yearCompletedId":"1990-1999","yearsModified":null,"nidStorage":"5","maxStorage":"5","normalStorage":null,"surfaceArea":null,"drainageArea":"0.2","maxDischarge":null,"spillwayTypeId":null,"spillwayWidth":null,"numberOfLocks":null,"lengthOfLocks":null,"widthOfLocks":null,"secondaryLengthOfLocks":null,"secondaryWidthOfLocks":null,"outletGateTypes":null,"dataUpdated":"2021-04-09","inspectionDate":"2019-07-19","inspectionFrequency":"2","publicHazardId":"Significant","conditionAssessId":"Satisfactory","conditionAssessDate":null,"eapId":"Yes","eapLastRevDate":null,"websiteUrl":"https://damsafety.org/pennsylvania","usaceDivision":"Great Lakes and Ohio River Division","usaceDistrict":"Pittsburgh District","operationalStatusId":null,"operationalStatusDate":null,"inundationNidAddedId":"No","huc2":"05","huc4":"0501","huc6":"050100","huc8":"05010009","zipcode":"15101","nation":"USA","stateKey":"PA","femaRegion":"3","femaCommunity":"McCandless township, Pennsylvania","aiannh":null,"hasDamPhotoId":"No","sectionSevenAuthorityId":"No"},"geometry":{"type":"Point","coordinates":[-80.01138889,40.5675]}},
{"type":"Feature","properties":{"fid":80708,"name":"Huntington Woods Retention Pond","otherNames":null,"formerNames":null,"nidId":"PA01414","otherStructureId":null,"federalId":"PA01414","ownerNames":"ANDREA M EVANS & MARK R WALTON","ownerTypeIds":"Private","primaryOwnerTypeId":"Private","separateStructuresCount":"0","isAssociatedStructureId":"No","designerNames":null,"nonFederalDamOnFederalId":"No","primaryPurposeId":"Flood Risk Reduction","purposeIds":"Flood Risk Reduction","sourceAgency":"Pennsylvania","stateFedId":"D02-068","latitude":"40.60972222","longitude":"-80.08361111","state":"Pennsylvania","county":"Allegheny","countyState":"Allegheny, Pennsylvania","city":null,"distance":null,"riverName":"Tr Pine Creek","congDist":"Congressional District 17, Pennsylvania","stateRegulatedId":"Yes","jurisdictionAuthorityId":"Yes","stateRegulatoryAgency":"Pennsylvania Department of Environmental Protection","permittingAuthorityId":"Yes","inspectionAuthorityId":"Yes","enforcementAuthorityId":"Yes","fedRegulatedId":"No","fedOwnerIds":null,"fedFundingIds":null,"fedDesignIds":null,"fedConstructionIds":null,"fedRegulatoryIds":null,"fedInspectionIds":null,"fedOperationIds":null,"fedOtherIds":null,"secretaryAgricultureBuiltId":"No","nrcsWatershedAuthorizationId":"N/A","primaryDamTypeId":"Earth","damTypeIds":"Earth","coreTypeIds":"Unlisted/Unknown;Unlisted/Unknown","foundationTypeIds":"Unlisted/Unknown","damHeight":"20","hydraulicHeight":null,"structuralHeight":null,"nidHeight":"20","nidHeightId":"Less than 25 feet","damLength":"160","volume":null,"yearCompleted":"1988","yearCompletedId":"1980-1989","yearsModified":"2011H","nidStorage":"23","maxStorage":"23","normalStorage":null,"surfaceArea":null,"drainageArea":"0.48","maxDischarge":null,"spillwayTypeId":null,"spillwayWidth":null,"numberOfLocks":null,"lengthOfLocks":null,"widthOfLocks":null,"secondaryLengthOfLocks":null,"secondaryWidthOfLocks":null,"outletGateTypes":null,"dataUpdated":"2021-04-09","inspectionDate":"2019-07-19","inspectionFrequency":"2","publicHazardId":"Significant","conditionAssessId":"Satisfactory","conditionAssessDate":null,"eapId":"Yes","eapLastRevDate":null,"websiteUrl":"https://damsafety.org/pennsylvania","usaceDivision":"Great Lakes and Ohio River Division","usaceDistrict":"Pittsburgh District","operationalStatusId":null,"operationalStatusDate":null,"inundationNidAddedId":"No","huc2":"05","huc4":"0501","huc6":"050100","huc8":"05010009","zipcode":"15090","nation":"USA","stateKey":"PA","femaRegion":"3","femaCommunity":"Franklin Park borough, Pennsylvania","aiannh":null,"hasDamPhotoId":"No","sectionSevenAuthorityId":"No"},"geometry":{"type":"Point","coordinates":[-80.08361111,40.60972222]}},
{"type":"Feature","properties":{"fid":83014,"name":"Village At Pine","otherNames":null,"formerNames":"Oxford Development Company","nidId":"PA01375","otherStructureId":null,"federalId":"PA01375","ownerNames":"VILLAGE AT PINE MASTER ASSOCIATION, INC","ownerTypeIds":"Private","primaryOwnerTypeId":"Private","separateStructuresCount":"0","isAssociatedStructureId":"No","designerNames":null,"nonFederalDamOnFederalId":"No","primaryPurposeId":"Flood Risk Reduction","purposeIds":"Flood Risk Reduction","sourceAgency":"Pennsylvania","stateFedId":"D02-048","latitude":"40.62777778","longitude":"-80.04805556","state":"Pennsylvania","county":"Allegheny","countyState":"Allegheny, Pennsylvania","city":null,"distance":null,"riverName":"Tr North Branch Pine Creek","congDist":"Congressional District 17, Pennsylvania","stateRegulatedId":"Yes","jurisdictionAuthorityId":"Yes","stateRegulatoryAgency":"Pennsylvania Department of Environmental Protection","permittingAuthorityId":"Yes","inspectionAuthorityId":"Yes","enforcementAuthorityId":"Yes","fedRegulatedId":"No","fedOwnerIds":null,"fedFundingIds":null,"fedDesignIds":null,"fedConstructionIds":null,"fedRegulatoryIds":null,"fedInspectionIds":null,"fedOperationIds":null,"fedOtherIds":null,"secretaryAgricultureBuiltId":"No","nrcsWatershedAuthorizationId":"N/A","primaryDamTypeId":"Earth","damTypeIds":"Earth","coreTypeIds":"Unlisted/Unknown;Unlisted/Unknown","foundationTypeIds":"Unlisted/Unknown","damHeight":"15","hydraulicHeight":null,"structuralHeight":null,"nidHeight":"15","nidHeightId":"Less than 25 feet","damLength":"300","volume":null,"yearCompleted":"1979","yearCompletedId":"1970-1979","yearsModified":"2011H","nidStorage":"22","maxStorage":"22","normalStorage":"1","surfaceArea":"1.2","drainageArea":"0.4","maxDischarge":null,"spillwayTypeId":null,"spillwayWidth":null,"numberOfLocks":null,"lengthOfLocks":null,"widthOfLocks":null,"secondaryLengthOfLocks":null,"secondaryWidthOfLocks":null,"outletGateTypes":null,"dataUpdated":"2021-04-09","inspectionDate":"2017-06-20","inspectionFrequency":"2","publicHazardId":"Significant","conditionAssessId":"Satisfactory","conditionAssessDate":null,"eapId":"Yes","eapLastRevDate":null,"websiteUrl":"https://damsafety.org/pennsylvania","usaceDivision":"Great Lakes and Ohio River Division","usaceDistrict":"Pittsburgh District","operationalStatusId":null,"operationalStatusDate":null,"inundationNidAddedId":"No","huc2":"05","huc4":"0501","huc6":"050100","huc8":"05010009","zipcode":"15090","nation":"USA","stateKey":"PA","femaRegion":"3","femaCommunity":"Pine township, Pennsylvania","aiannh":null,"hasDamPhotoId":"No","sectionSevenAuthorityId":"No"},"geometry":{"type":"Point","coordinates":[-80.04805556,40.62777778]}},
{"type":"Feature","properties":{"fid":32505,"name":"Custards","otherNames":null,"formerNames":null,"nidId":"PA00183","otherStructureId":null,"federalId":"PA00183","ownerNames":"PA GAME COMMISSION","ownerTypeIds":"State","primaryOwnerTypeId":"State","separateStructuresCount":"0","isAssociatedStructureId":"No","designerNames":null,"nonFederalDamOnFederalId":"No","primaryPurposeId":"Recreation","purposeIds":"Recreation","sourceAgency":"Pennsylvania","stateFedId":"D20-059","latitude":"41.54","longitude":"-80.15833333","state":"Pennsylvania","county":"Crawford","countyState":"Crawford, Pennsylvania","city":null,"distance":null,"riverName":"Conneaut Outlet","congDist":"Congressional District 16, Pennsylvania","stateRegulatedId":"Yes","jurisdictionAuthorityId":"Yes","stateRegulatoryAgency":"Pennsylvania Department of Environmental Protection","permittingAuthorityId":"Yes","inspectionAuthorityId":"Yes","enforcementAuthorityId":"Yes","fedRegulatedId":"No","fedOwnerIds":null,"fedFundingIds":null,"fedDesignIds":null,"fedConstructionIds":null,"fedRegulatoryIds":null,"fedInspectionIds":null,"fedOperationIds":null,"fedOtherIds":null,"secretaryAgricultureBuiltId":"No","nrcsWatershedAuthorizationId":"N/A","primaryDamTypeId":"Earth","damTypeIds":"Earth;Concrete","coreTypeIds":"Unlisted/Unknown;Unlisted/Unknown","foundationTypeIds":"Unlisted/Unknown","damHeight":"8","hydraulicHeight":null,"structuralHeight":null,"nidHeight":"8","nidHeightId":"Less than 25 feet","damLength":"1700","volume":null,"yearCompleted":"1972","yearCompletedId":"1970-1979","yearsModified":null,"nidStorage":"8494","maxStorage":"8494","normalStorage":"4294","surfaceArea":"1400","drainageArea":"78","maxDischarge":null,"spillwayTypeId":null,"spillwayWidth":null,"numberOfLocks":null,"lengthOfLocks":null,"widthOfLocks":null,"secondaryLengthOfLocks":null,"secondaryWidthOfLocks":null,"outletGateTypes":null,"dataUpdated":"2021-04-09","inspectionDate":"2015-05-29","inspectionFrequency":"5","publicHazardId":"Low","conditionAssessId":"Satisfactory","conditionAssessDate":null,"eapId":"Not Required","eapLastRevDate":null,"websiteUrl":"https://damsafety.org/pennsylvania","usaceDivision":"Great Lakes and Ohio River Division","usaceDistrict":"Pittsburgh District","operationalStatusId":null,"operationalStatusDate":null,"inundationNidAddedId":"No","huc2":"05","huc4":"0501","huc6":"050100","huc8":"05010004","zipcode":"16335","nation":"USA","stateKey":"PA","femaRegion":"3","femaCommunity":"Union township, Pennsylvania","aiannh":null,"hasDamPhotoId":"No","sectionSevenAuthorityId":"No"},"geometry":{"type":"Point","coordinates":[-80.15833333,41.54]}},
{"type":"Feature","properties":{"fid":41387,"name":"Conneaut Marsh","otherNames":null,"formerNames":null,"nidId":"PA00178","otherStructureId":null,"federalId":"PA00178","ownerNames":"PA GAME COMMISSION","ownerTypeIds":"State","primaryOwnerTypeId":"State","separateStructuresCount":"0","isAssociatedStructureId":"No","designerNames":null,"nonFederalDamOnFederalId":"No","primaryPurposeId":"Recreation","purposeIds":"Recreation","sourceAgency":"Pennsylvania","stateFedId":"D20-040","latitude":"41.57472222","longitude":"-80.21888889","state":"Pennsylvania","county":"Crawford","countyState":"Crawford, Pennsylvania","city":null,"distance":null,"riverName":"Conneaut Creek","congDist":"Congressional District 16, Pennsylvania","stateRegulatedId":"Yes","jurisdictionAuthorityId":"Yes","stateRegulatoryAgency":"Pennsylvania Department of Environmental Protection","permittingAuthorityId":"Yes","inspectionAuthorityId":"Yes","enforcementAuthorityId":"Yes","fedRegulatedId":"No","fedOwnerIds":null,"fedFundingIds":null,"fedDesignIds":null,"fedConstructionIds":null,"fedRegulatoryIds":null,"fedInspectionIds":null,"fedOperationIds":null,"fedOtherIds":null,"secretaryAgricultureBuiltId":"No","nrcsWatershedAuthorizationId":"N/A","primaryDamTypeId":"Concrete","damTypeIds":"Concrete;Gravity","coreTypeIds":"Unlisted/Unknown;Unlisted/Unknown","foundationTypeIds":"Unlisted/Unknown","damHeight":"8","hydraulicHeight":null,"structuralHeight":null,"nidHeight":"8","nidHeightId":"Less than 25 feet","damLength":"60","volume":null,"yearCompleted":"1955","yearCompletedId":"1950-1959","yearsModified":null,"nidStorage":"2700","maxStorage":"2700","normalStorage":"2700","surfaceArea":"500","drainageArea":"68","maxDischarge":null,"spillwayTypeId":null,"spillwayWidth":null,"numberOfLocks":null,"lengthOfLocks":null,"widthOfLocks":null,"secondaryLengthOfLocks":null,"secondaryWidthOfLocks":null,"outletGateTypes":null,"dataUpdated":"2021-04-09","inspectionDate":"2016-05-26","inspectionFrequency":"5","publicHazardId":"Low","conditionAssessId":"Not Rated","conditionAssessDate":null,"eapId":"Not Required","eapLastRevDate":null,"websiteUrl":"https://damsafety.org/pennsylvania","usaceDivision":"Great Lakes and Ohio River Division","usaceDistrict":"Pittsburgh District","operationalStatusId":null,"operationalStatusDate":null,"inundationNidAddedId":"No","huc2":"05","huc4":"0501","huc6":"050100","huc8":"05010004","zipcode":"16316","nation":"USA","stateKey":"PA","femaRegion":"3","femaCommunity":"Greenwood township, Pennsylvania","aiannh":null,"hasDamPhotoId":"No","sectionSevenAuthorityId":"No"},"geometry":{"type":"Point","coordinates":[-80.21888889,41.57472222]}},
{"type":"Feature","properties":{"fid":41986,"name":"Van Meter","otherNames":null,"formerNames":null,"nidId":"PA01637","otherStructureId":null,"federalId":"PA01637","ownerNames":"LARRY MCCLURE","ownerTypeIds":"Private","primaryOwnerTypeId":"Private","separateStructuresCount":"0","isAssociatedStructureId":"No","designerNames":null,"nonFederalDamOnFederalId":"No","primaryPurposeId":"Recreation","purposeIds":"Recreation","sourceAgency":"Pennsylvania","stateFedId":"D20-069","latitude":"41.80666667","longitude":"-80.20027778","state":"Pennsylvania","county":"Crawford","countyState":"Crawford, Pennsylvania","city":null,"distance":null,"riverName":"Tr Cussewago Creek","congDist":"Congressional District 16, Pennsylvania","stateRegulatedId":"Yes","jurisdictionAuthorityId":"Yes","stateRegulatoryAgency":"Pennsylvania Department of Environmental Protection","permittingAuthorityId":"Yes","inspectionAuthorityId":"Yes","enforcementAuthorityId":"Yes","fedRegulatedId":"No","fedOwnerIds":null,"fedFundingIds":null,"fedDesignIds":null,"fedConstructionIds":null,"fedRegulatoryIds":null,"fedInspectionIds":null,"fedOperationIds":null,"fedOtherIds":null,"secretaryAgricultureBuiltId":"No","nrcsWatershedAuthorizationId":"N/A","primaryDamTypeId":"Earth","damTypeIds":"Earth","coreTypeIds":"Unlisted/Unknown;Unlisted/Unknown","foundationTypeIds":"Unlisted/Unknown","damHeight":"33","hydraulicHeight":null,"structuralHeight":null,"nidHeight":"33","nidHeightId":"25-50 feet","damLength":"560","volume":null,"yearCompleted":null,"yearCompletedId":"Undetermined","yearsModified":null,"nidStorage":"80","maxStorage":"80","normalStorage":"40","surfaceArea":"7.5","drainageArea":"1.38","maxDischarge":null,"spillwayTypeId":null,"spillwayWidth":null,"numberOfLocks":null,"lengthOfLocks":null,"widthOfLocks":null,"secondaryLengthOfLocks":null,"secondaryWidthOfLocks":null,"outletGateTypes":null,"dataUpdated":"2021-04-09","inspectionDate":"2019-06-27","inspectionFrequency":"2","publicHazardId":"Significant","conditionAssessId":"Poor","conditionAssessDate":null,"eapId":"No","eapLastRevDate":null,"websiteUrl":"https://damsafety.org/pennsylvania","usaceDivision":"Great Lakes and Ohio River Division","usaceDistrict":"Pittsburgh District","operationalStatusId":null,"operationalStatusDate":null,"inundationNidAddedId":"No","huc2":"05","huc4":"0501","huc6":"050100","huc8":"05010004","zipcode":"16403","nation":"USA","stateKey":"PA","femaRegion":"3","femaCommunity":"Cussewago township, Pennsylvania","aiannh":null,"hasDamPhotoId":"No","sectionSevenAuthorityId":"No"},"geometry":{"type":"Point","coordinates":[-80.20027778,41.80666667]}},
{"type":"Feature","properties":{"fid":38329,"name":"Pa-107","otherNames":null,"formerNames":null,"nidId":"PA01747","otherStructureId":null,"federalId":"PA01747","ownerNames":"PA GAME COMMISSION","ownerTypeIds":"State","primaryOwnerTypeId":"State","separateStructuresCount":"0","isAssociatedStructureId":"No","designerNames":null,"nonFederalDamOnFederalId":"No","primaryPurposeId":"Recreation","purposeIds":"Recreation","sourceAgency":"Pennsylvania","stateFedId":"D20-077","latitude":"41.8075","longitude":"-80.02972222","state":"Pennsylvania","county":"Crawford","countyState":"Crawford, Pennsylvania","city":null,"distance":null,"riverName":"French Creek","congDist":"Congressional District 16, Pennsylvania","stateRegulatedId":"Yes","jurisdictionAuthorityId":"Yes","stateRegulatoryAgency":"Pennsylvania Department of Environmental Protection","permittingAuthorityId":"Yes","inspectionAuthorityId":"Yes","enforcementAuthorityId":"Yes","fedRegulatedId":"No","fedOwnerIds":null,"fedFundingIds":null,"fedDesignIds":null,"fedConstructionIds":null,"fedRegulatoryIds":null,"fedInspectionIds":null,"fedOperationIds":null,"fedOtherIds":null,"secretaryAgricultureBuiltId":"No","nrcsWatershedAuthorizationId":"N/A","primaryDamTypeId":"Earth","damTypeIds":"Earth","coreTypeIds":"Unlisted/Unknown;Unlisted/Unknown","foundationTypeIds":"Unlisted/Unknown","damHeight":"12","hydraulicHeight":null,"structuralHeight":null,"nidHeight":"12","nidHeightId":"Less than 25 feet","damLength":null,"volume":null,"yearCompleted":null,"yearCompletedId":"Undetermined","yearsModified":null,"nidStorage":"161","maxStorage":null,"normalStorage":"161","surfaceArea":"33.69","drainageArea":null,"maxDischarge":null,"spillwayTypeId":null,"spillwayWidth":null,"numberOfLocks":null,"lengthOfLocks":null,"widthOfLocks":null,"secondaryLengthOfLocks":null,"secondaryWidthOfLocks":null,"outletGateTypes":null,"dataUpdated":"2021-04-09","inspectionDate":"2019-06-13","inspectionFrequency":"2","publicHazardId":"Significant","conditionAssessId":"Not Rated","conditionAssessDate":null,"eapId":"No","eapLastRevDate":null,"websiteUrl":"https://damsafety.org/pennsylvania","usaceDivision":"Great Lakes and Ohio River Division","usaceDistrict":"Pittsburgh District","operationalStatusId":null,"operationalStatusDate":null,"inundationNidAddedId":"No","huc2":"05","huc4":"0501","huc6":"050100","huc8":"05010004","zipcode":"16403","nation":"USA","stateKey":"PA","femaRegion":"3","femaCommunity":"Rockdale township, Pennsylvania","aiannh":null,"hasDamPhotoId":"No","sectionSevenAuthorityId":"No"},"geometry":{"type":"Point","coordinates":[-80.02972222,41.8075]}},
{"type":"Feature","properties":{"fid":42423,"name":"Edinboro Lake","otherNames":null,"formerNames":null,"nidId":"PA00018","otherStructureId":null,"federalId":"PA00018","ownerNames":"BOROUGH OF EDINBORO","ownerTypeIds":"Local Government","primaryOwnerTypeId":"Local Government","separateStructuresCount":"0","isAssociatedStructureId":"No","designerNames":null,"nonFederalDamOnFederalId":"No","primaryPurposeId":"Recreation","purposeIds":"Recreation","sourceAgency":"Pennsylvania","stateFedId":"D25-004","latitude":"41.87305556","longitude":"-80.13305556","state":"Pennsylvania","county":"Erie","countyState":"Erie, Pennsylvania","city":null,"distance":null,"riverName":"Conneauttee Creek","congDist":"Congressional District 16, Pennsylvania","stateRegulatedId":"Yes","jurisdictionAuthorityId":"Yes","stateRegulatoryAgency":"Pennsylvania Department of Environmental Protection","permittingAuthorityId":"Yes","inspectionAuthorityId":"Yes","enforcementAuthorityId":"Yes","fedRegulatedId":"No","fedOwnerIds":null,"fedFundingIds":null,"fedDesignIds":null,"fedConstructionIds":null,"fedRegulatoryIds":null,"fedInspectionIds":null,"fedOperationIds":null,"fedOtherIds":null,"secretaryAgricultureBuiltId":"No","nrcsWatershedAuthorizationId":"N/A","primaryDamTypeId":"Earth","damTypeIds":"Earth","coreTypeIds":"Unlisted/Unknown;Unlisted/Unknown","foundationTypeIds":"Unlisted/Unknown","damHeight":"18","hydraulicHeight":null,"structuralHeight":null,"nidHeight":"18","nidHeightId":"Less than 25 feet","damLength":"200","volume":null,"yearCompleted":"1909","yearCompletedId":"1900-1909","yearsModified":null,"nidStorage":"6627","maxStorage":"6627","normalStorage":"2475","surfaceArea":"250","drainageArea":"16.9","maxDischarge":null,"spillwayTypeId":null,"spillwayWidth":null,"numberOfLocks":null,"lengthOfLocks":null,"widthOfLocks":null,"secondaryLengthOfLocks":null,"secondaryWidthOfLocks":null,"outletGateTypes":null,"dataUpdated":"2021-04-09","inspectionDate":"2020-10-08","inspectionFrequency":"1","publicHazardId":"High","conditionAssessId":"Poor","conditionAssessDate":null,"eapId":"Yes","eapLastRevDate":null,"websiteUrl":"https://damsafety.org/pennsylvania","usaceDivision":"Great Lakes and Ohio River Division","usaceDistrict":"Pittsburgh District","operationalStatusId":null,"operationalStatusDate":null,"inundationNidAddedId":"No","huc2":"05","huc4":"0501","huc6":"050100","huc8":"05010004","zipcode":"16412","nation":"USA","stateKey":"PA","femaRegion":"3","femaCommunity":"Edinboro borough, Pennsylvania","aiannh":null,"hasDamPhotoId":"No","sectionSevenAuthorityId":"No"},"geometry":{"type":"Point","coordinates":[-80.13305556,41.87305556]}},
{"type":"Feature","properties":{"fid":52575,"name":"Union City Reservoir","otherNames":null,"formerNames":null,"nidId":"PA00019","otherStructureId":null,"federalId":"PA00019","ownerNames":"UNION CITY MUNICIPAL AUTHORITY","ownerTypeIds":"Local Government","primaryOwnerTypeId":"Local Government","separateStructuresCount":"0","isAssociatedStructureId":"No","designerNames":null,"nonFederalDamOnFederalId":"No","primaryPurposeId":"Water Supply","purposeIds":"Water Supply","sourceAgency":"Pennsylvania","stateFedId":"D25-003","latitude":"41.91277778","longitude":"-79.815","state":"Pennsylvania","county":"Erie","countyState":"Erie, Pennsylvania","city":null,"distance":null,"riverName":"Bentley Run","congDist":"Congressional District 16, Pennsylvania","stateRegulatedId":"Yes","jurisdictionAuthorityId":"Yes","stateRegulatoryAgency":"Pennsylvania Department of Environmental Protection","permittingAuthorityId":"Yes","inspectionAuthorityId":"Yes","enforcementAuthorityId":"Yes","fedRegulatedId":"No","fedOwnerIds":null,"fedFundingIds":null,"fedDesignIds":null,"fedConstructionIds":null,"fedRegulatoryIds":null,"fedInspectionIds":null,"fedOperationIds":null,"fedOtherIds":null,"secretaryAgricultureBuiltId":"No","nrcsWatershedAuthorizationId":"N/A","primaryDamTypeId":"Earth","damTypeIds":"Earth","coreTypeIds":"Unlisted/Unknown;Unlisted/Unknown","foundationTypeIds":"Unlisted/Unknown","damHeight":"36","hydraulicHeight":null,"structuralHeight":null,"nidHeight":"36","nidHeightId":"25-50 feet","damLength":"250","volume":null,"yearCompleted":"1935","yearCompletedId":"1930-1939","yearsModified":null,"nidStorage":"632","maxStorage":"632","normalStorage":"320","surfaceArea":"32","drainageArea":"2.6","maxDischarge":null,"spillwayTypeId":null,"spillwayWidth":null,"numberOfLocks":null,"lengthOfLocks":null,"widthOfLocks":null,"secondaryLengthOfLocks":null,"secondaryWidthOfLocks":null,"outletGateTypes":null,"dataUpdated":"2021-04-09","inspectionDate":"2020-12-03","inspectionFrequency":"1","publicHazardId":"High","conditionAssessId":"Poor","conditionAssessDate":null,"eapId":"Yes","eapLastRevDate":null,"websiteUrl":"https://damsafety.org/pennsylvania","usaceDivision":"Great Lakes and Ohio River Division","usaceDistrict":"Pittsburgh District","operationalStatusId":null,"operationalStatusDate":null,"inundationNidAddedId":"No","huc2":"05","huc4":"0501","huc6":"050100","huc8":"05010004","zipcode":"16438","nation":"USA","stateKey":"PA","femaRegion":"3","femaCommunity":"Union township, Pennsylvania","aiannh":null,"hasDamPhotoId":"No","sectionSevenAuthorityId":"No"},"geometry":{"type":"Point","coordinates":[-79.815,41.91277778]}},
{"type":"Feature","properties":{"fid":38073,"name":"Sweny","otherNames":null,"formerNames":null,"nidId":"PA01544","otherStructureId":null,"federalId":"PA01544","ownerNames":"HERBERT S.SWENY","ownerTypeIds":"Private","primaryOwnerTypeId":"Private","separateStructuresCount":"0","isAssociatedStructureId":"No","designerNames":null,"nonFederalDamOnFederalId":"No","primaryPurposeId":"Other","purposeIds":"Other","sourceAgency":"Pennsylvania","stateFedId":"D25-048","latitude":"41.99638889","longitude":"-80.02583333","state":"Pennsylvania","county":"Erie","countyState":"Erie, Pennsylvania","city":null,"distance":null,"riverName":"Tr Leboeuf Creek","congDist":"Congressional District 16, Pennsylvania","stateRegulatedId":"Yes","jurisdictionAuthorityId":"Yes","stateRegulatoryAgency":"Pennsylvania Department of Environmental Protection","permittingAuthorityId":"Yes","inspectionAuthorityId":"Yes","enforcementAuthorityId":"Yes","fedRegulatedId":"No","fedOwnerIds":null,"fedFundingIds":null,"fedDesignIds":null,"fedConstructionIds":null,"fedRegulatoryIds":null,"fedInspectionIds":null,"fedOperationIds":null,"fedOtherIds":null,"secretaryAgricultureBuiltId":"No","nrcsWatershedAuthorizationId":"N/A","primaryDamTypeId":"Earth","damTypeIds":"Earth","coreTypeIds":"Unlisted/Unknown;Unlisted/Unknown","foundationTypeIds":"Unlisted/Unknown","damHeight":"24","hydraulicHeight":null,"structuralHeight":null,"nidHeight":"24","nidHeightId":"Less than 25 feet","damLength":"350","volume":null,"yearCompleted":"1983","yearCompletedId":"1980-1989","yearsModified":null,"nidStorage":"55","maxStorage":"55","normalStorage":"34","surfaceArea":"4","drainageArea":"0.3","maxDischarge":null,"spillwayTypeId":null,"spillwayWidth":null,"numberOfLocks":null,"lengthOfLocks":null,"widthOfLocks":null,"secondaryLengthOfLocks":null,"secondaryWidthOfLocks":null,"outletGateTypes":null,"dataUpdated":"2021-04-09","inspectionDate":"2015-06-03","inspectionFrequency":"5","publicHazardId":"Low","conditionAssessId":"Not Rated","conditionAssessDate":null,"eapId":"Not Required","eapLastRevDate":null,"websiteUrl":"https://damsafety.org/pennsylvania","usaceDivision":"Great Lakes and Ohio River Division","usaceDistrict":"Pittsburgh District","operationalStatusId":null,"operationalStatusDate":null,"inundationNidAddedId":"No","huc2":"05","huc4":"0501","huc6":"050100","huc8":"05010004","zipcode":"16441","nation":"USA","stateKey":"PA","femaRegion":"3","femaCommunity":"Waterford township, Pennsylvania","aiannh":null,"hasDamPhotoId":"No","sectionSevenAuthorityId":"No"},"geometry":{"type":"Point","coordinates":[-80.02583333,41.99638889]}},
{"type":"Feature","properties":{"fid":53509,"name":"Jaquins Pond Dam","otherNames":null,"formerNames":null,"nidId":"NY00553","otherStructureId":null,"federalId":"NY00553","ownerNames":"CHAUTAUQUA COUNTY FEDERATION OF SPORTSMANS CLUB","ownerTypeIds":"Private","primaryOwnerTypeId":"Private","separateStructuresCount":"0","isAssociatedStructureId":"No","designerNames":null,"nonFederalDamOnFederalId":"No","primaryPurposeId":"Other","purposeIds":"Other","sourceAgency":"New York","stateFedId":"002-2691","latitude":"42.015","longitude":"-79.61","state":"New York","county":"Chautauqua","countyState":"Chautauqua, New York","city":"None","distance":null,"riverName":"Brokenstraw Creek","congDist":"Congressional District 23, New York","stateRegulatedId":"Yes","jurisdictionAuthorityId":"Yes","stateRegulatoryAgency":"Nys Dec","permittingAuthorityId":"Yes","inspectionAuthorityId":"Yes","enforcementAuthorityId":"Yes","fedRegulatedId":"No","fedOwnerIds":null,"fedFundingIds":null,"fedDesignIds":null,"fedConstructionIds":null,"fedRegulatoryIds":null,"fedInspectionIds":null,"fedOperationIds":null,"fedOtherIds":null,"secretaryAgricultureBuiltId":"No","nrcsWatershedAuthorizationId":"N/A","primaryDamTypeId":"Earth","damTypeIds":"Earth","coreTypeIds":null,"foundationTypeIds":null,"damHeight":"8","hydraulicHeight":null,"structuralHeight":null,"nidHeight":"8","nidHeightId":"Less than 25 feet","damLength":"150","volume":null,"yearCompleted":"1958","yearCompletedId":"1950-1959","yearsModified":null,"nidStorage":"1400","maxStorage":"1400","normalStorage":"1400","surfaceArea":"400","drainageArea":"30","maxDischarge":"340","spillwayTypeId":"Controlled","spillwayWidth":"30","numberOfLocks":null,"lengthOfLocks":null,"widthOfLocks":null,"secondaryLengthOfLocks":null,"secondaryWidthOfLocks":null,"outletGateTypes":null,"dataUpdated":"2025-06-09","inspectionDate":"1996-08-07","inspectionFrequency":null,"publicHazardId":"Low","conditionAssessId":"Not Rated","conditionAssessDate":null,"eapId":"Not Required","eapLastRevDate":null,"websiteUrl":"https://damsafety.org/new-york","usaceDivision":"Great Lakes and Ohio River Division","usaceDistrict":"Buffalo District","operationalStatusId":null,"operationalStatusDate":null,"inundationNidAddedId":"No","huc2":"05","huc4":"0501","huc6":"050100","huc8":"05010001","zipcode":"14724","nation":"USA","stateKey":"NY","femaRegion":"2","femaCommunity":"Clymer town","aiannh":null,"hasDamPhotoId":"No","sectionSevenAuthorityId":"No"},"geometry":{"type":"Point","coordinates":[-79.61,42.015]}},
{"type":"Feature","properties":{"fid":49543,"name":"Williams","otherNames":null,"formerNames":null,"nidId":"PA01981","otherStructureId":null,"federalId":"PA01981","ownerNames":"0","ownerTypeIds":"Private","primaryOwnerTypeId":"Private","separateStructuresCount":"0","isAssociatedStructureId":"No","designerNames":null,"nonFederalDamOnFederalId":"No","primaryPurposeId":"Recreation","purposeIds":"Recreation","sourceAgency":"Pennsylvania","stateFedId":"D25-067","latitude":"42.05555556","longitude":"-79.83","state":"Pennsylvania","county":"Erie","countyState":"Erie, Pennsylvania","city":null,"distance":null,"riverName":"Tr West Br French Creek","congDist":"Congressional District 16, Pennsylvania","stateRegulatedId":"Yes","jurisdictionAuthorityId":"Yes","stateRegulatoryAgency":"Pennsylvania Department of Environmental Protection","permittingAuthorityId":"Yes","inspectionAuthorityId":"Yes","enforcementAuthorityId":"Yes","fedRegulatedId":"No","fedOwnerIds":null,"fedFundingIds":null,"fedDesignIds":null,"fedConstructionIds":null,"fedRegulatoryIds":null,"fedInspectionIds":null,"fedOperationIds":null,"fedOtherIds":null,"secretaryAgricultureBuiltId":"No","nrcsWatershedAuthorizationId":"N/A","primaryDamTypeId":"Earth","damTypeIds":"Earth","coreTypeIds":"Unlisted/Unknown;Unlisted/Unknown","foundationTypeIds":"Unlisted/Unknown","damHeight":"10","hydraulicHeight":null,"structuralHeight":null,"nidHeight":"10","nidHeightId":"Less than 25 feet","damLength":null,"volume":null,"yearCompleted":null,"yearCompletedId":"Undetermined","yearsModified":null,"nidStorage":"0","maxStorage":null,"normalStorage":null,"surfaceArea":null,"drainageArea":"0.53","maxDischarge":null,"spillwayTypeId":null,"spillwayWidth":null,"numberOfLocks":null,"lengthOfLocks":null,"widthOfLocks":null,"secondaryLengthOfLocks":null,"secondaryWidthOfLocks":null,"outletGateTypes":null,"dataUpdated":"2021-04-09","inspectionDate":null,"inspectionFrequency":"2","publicHazardId":"Significant","conditionAssessId":"Not Rated","conditionAssessDate":null,"eapId":"No","eapLastRevDate":null,"websiteUrl":"https://damsafety.org/pennsylvania","usaceDivision":"Great Lakes and Ohio River Division","usaceDistrict":"Pittsburgh District","operationalStatusId":null,"operationalStatusDate":null,"inundationNidAddedId":"No","huc2":"05","huc4":"0501","huc6":"050100","huc8":"05010004","zipcode":"16442","nation":"USA","stateKey":"PA","femaRegion":"3","femaCommunity":"Venango township, Pennsylvania","aiannh":null,"hasDamPhotoId":"No","sectionSevenAuthorityId":"No"},"geometry":{"type":"Point","coordinates":[-79.83,42.05555556]}},
{"type":"Feature","properties":{"fid":51105,"name":"Panama Dam","otherNames":null,"formerNames":null,"nidId":"NY00784","otherStructureId":null,"federalId":"NY00784","ownerNames":"GERRY A GREEN","ownerTypeIds":"Private","primaryOwnerTypeId":"Private","separateStructuresCount":"0","isAssociatedStructureId":"No","designerNames":null,"nonFederalDamOnFederalId":"No","primaryPurposeId":"Recreation","purposeIds":"Recreation","sourceAgency":"New York","stateFedId":"004-0278","latitude":"42.0740555555555","longitude":"-79.4924166666666","state":"New York","county":"Chautauqua","countyState":"Chautauqua, New York","city":"Panama","distance":"1","riverName":"Little Brokenstraw Creek","congDist":"Congressional District 23, New York","stateRegulatedId":"Yes","jurisdictionAuthorityId":"Yes","stateRegulatoryAgency":"Nys Dec","permittingAuthorityId":"Yes","inspectionAuthorityId":"Yes","enforcementAuthorityId":"Yes","fedRegulatedId":"No","fedOwnerIds":null,"fedFundingIds":null,"fedDesignIds":null,"fedConstructionIds":null,"fedRegulatoryIds":null,"fedInspectionIds":null,"fedOperationIds":null,"fedOtherIds":null,"secretaryAgricultureBuiltId":"No","nrcsWatershedAuthorizationId":"N/A","primaryDamTypeId":"Earth","damTypeIds":"Earth","coreTypeIds":null,"foundationTypeIds":null,"damHeight":"18","hydraulicHeight":null,"structuralHeight":null,"nidHeight":"18","nidHeightId":"Less than 25 feet","damLength":"206","volume":null,"yearCompleted":"1910","yearCompletedId":"1910-1919","yearsModified":null,"nidStorage":"210","maxStorage":"210","normalStorage":"110","surfaceArea":"18","drainageArea":"4.22","maxDischarge":"385","spillwayTypeId":"Uncontrolled","spillwayWidth":"31","numberOfLocks":null,"lengthOfLocks":null,"widthOfLocks":null,"secondaryLengthOfLocks":null,"secondaryWidthOfLocks":null,"outletGateTypes":null,"dataUpdated":"2026-06-30","inspectionDate":"2025-10-08","inspectionFrequency":"2","publicHazardId":"High","conditionAssessId":"Poor","conditionAssessDate":"2017-07-28","eapId":"No","eapLastRevDate":null,"websiteUrl":"https://damsafety.org/new-york","usaceDivision":"Great Lakes and Ohio River Division","usaceDistrict":"Buffalo District","operationalStatusId":null,"operationalStatusDate":null,"inundationNidAddedId":"No","huc2":"05","huc4":"0501","huc6":"050100","huc8":"05010002","zipcode":"14767","nation":"USA","stateKey":"NY","femaRegion":"2","femaCommunity":"Panama village","aiannh":null,"hasDamPhotoId":"No","sectionSevenAuthorityId":"No"},"geometry":{"type":"Point","coordinates":[-79.4924166666666,42.074055555555503]}},
{"type":"Feature","properties":{"fid":45587,"name":"Chautauqua 2m Wildlife Dam","otherNames":null,"formerNames":null,"nidId":"NY01352","otherStructureId":null,"federalId":"NY01352","ownerNames":"NYS DEC","ownerTypeIds":"State","primaryOwnerTypeId":"State","separateStructuresCount":"0","isAssociatedStructureId":"No","designerNames":null,"nonFederalDamOnFederalId":"No","primaryPurposeId":"Other","purposeIds":"Other","sourceAgency":"New York","stateFedId":"002-2489","latitude":"42.1027777777777","longitude":"-79.5416666666666","state":"New York","county":"Chautauqua","countyState":"Chautauqua, New York","city":"Sherman","distance":"4","riverName":"French Creek","congDist":"Congressional District 23, New York","stateRegulatedId":"Yes","jurisdictionAuthorityId":"Yes","stateRegulatoryAgency":"Nys Dec","permittingAuthorityId":"Yes","inspectionAuthorityId":"Yes","enforcementAuthorityId":"Yes","fedRegulatedId":"No","fedOwnerIds":null,"fedFundingIds":null,"fedDesignIds":null,"fedConstructionIds":null,"fedRegulatoryIds":null,"fedInspectionIds":null,"fedOperationIds":null,"fedOtherIds":null,"secretaryAgricultureBuiltId":"No","nrcsWatershedAuthorizationId":"N/A","primaryDamTypeId":"Earth","damTypeIds":"Earth","coreTypeIds":null,"foundationTypeIds":null,"damHeight":"8","hydraulicHeight":null,"structuralHeight":null,"nidHeight":"8","nidHeightId":"Less than 25 feet","damLength":"690","volume":null,"yearCompleted":"1959","yearCompletedId":"1950-1959","yearsModified":null,"nidStorage":"53","maxStorage":"53","normalStorage":"53","surfaceArea":"16","drainageArea":"0.14","maxDischarge":"128","spillwayTypeId":"Uncontrolled","spillwayWidth":"55","numberOfLocks":null,"lengthOfLocks":null,"widthOfLocks":null,"secondaryLengthOfLocks":null,"secondaryWidthOfLocks":null,"outletGateTypes":null,"dataUpdated":"2025-06-09","inspectionDate":"1980-07-21","inspectionFrequency":null,"publicHazardId":"Low","conditionAssessId":"Not Rated","conditionAssessDate":null,"eapId":"Not Required","eapLastRevDate":null,"websiteUrl":"https://damsafety.org/new-york","usaceDivision":"Great Lakes and Ohio River Division","usaceDistrict":"Buffalo District","operationalStatusId":null,"operationalStatusDate":null,"inundationNidAddedId":"No","huc2":"05","huc4":"0501","huc6":"050100","huc8":"05010004","zipcode":"14767","nation":"USA","stateKey":"NY","femaRegion":"2","femaCommunity":"Sherman town","aiannh":null,"hasDamPhotoId":"No","sectionSevenAuthorityId":"No"},"geometry":{"type":"Point","coordinates":[-79.5416666666666,42.102777777777703]}},
{"type":"Feature","properties":{"fid":50911,"name":"Findley Lake Dam","otherNames":null,"formerNames":null,"nidId":"NY00752","otherStructureId":null,"federalId":"NY00752","ownerNames":"FINDLEY LAKE PROPERTY OWNERS INC","ownerTypeIds":"Private","primaryOwnerTypeId":"Private","separateStructuresCount":"0","isAssociatedStructureId":"No","designerNames":null,"nonFederalDamOnFederalId":"No","primaryPurposeId":"Recreation","purposeIds":"Recreation","sourceAgency":"New York","stateFedId":"002-0859","latitude":"42.1191666666666","longitude":"-79.7347222222222","state":"New York","county":"Chautauqua","countyState":"Chautauqua, New York","city":"Findley Lake","distance":null,"riverName":"French Creek","congDist":"Congressional District 23, New York","stateRegulatedId":"Yes","jurisdictionAuthorityId":"Yes","stateRegulatoryAgency":"Nys Dec","permittingAuthorityId":"Yes","inspectionAuthorityId":"Yes","enforcementAuthorityId":"Yes","fedRegulatedId":"No","fedOwnerIds":null,"fedFundingIds":null,"fedDesignIds":null,"fedConstructionIds":null,"fedRegulatoryIds":null,"fedInspectionIds":null,"fedOperationIds":null,"fedOtherIds":null,"secretaryAgricultureBuiltId":"No","nrcsWatershedAuthorizationId":"N/A","primaryDamTypeId":"Earth","damTypeIds":"Earth","coreTypeIds":null,"foundationTypeIds":null,"damHeight":"10","hydraulicHeight":null,"structuralHeight":null,"nidHeight":"10","nidHeightId":"Less than 25 feet","damLength":"150","volume":null,"yearCompleted":"1820","yearCompletedId":"Before 1900","yearsModified":null,"nidStorage":"1275","maxStorage":"1275","normalStorage":"500","surfaceArea":"330","drainageArea":"5.1","maxDischarge":"550","spillwayTypeId":"Uncontrolled","spillwayWidth":"81","numberOfLocks":null,"lengthOfLocks":null,"widthOfLocks":null,"secondaryLengthOfLocks":null,"secondaryWidthOfLocks":null,"outletGateTypes":null,"dataUpdated":"2025-06-09","inspectionDate":"2014-05-06","inspectionFrequency":null,"publicHazardId":"Low","conditionAssessId":"Not Rated","conditionAssessDate":null,"eapId":"Not Required","eapLastRevDate":null,"websiteUrl":"https://damsafety.org/new-york","usaceDivision":"Great Lakes and Ohio River Division","usaceDistrict":"Buffalo District","operationalStatusId":null,"operationalStatusDate":null,"inundationNidAddedId":"No","huc2":"05","huc4":"0501","huc6":"050100","huc8":"05010004","zipcode":"14724","nation":"USA","stateKey":"NY","femaRegion":"2","femaCommunity":"Mina town","aiannh":null,"hasDamPhotoId":"No","sectionSevenAuthorityId":"No"},"geometry":{"type":"Point","coordinates":[-79.734722222222203,42.119166666666601]}},
{"type":"Feature","properties":{"fid":52264,"name":"Eaton Reservoir","otherNames":null,"formerNames":null,"nidId":"PA00016","otherStructureId":null,"federalId":"PA00016","ownerNames":"BOROUGH OF NORTH EAST","ownerTypeIds":"Local Government","primaryOwnerTypeId":"Local Government","separateStructuresCount":"0","isAssociatedStructureId":"No","designerNames":null,"nonFederalDamOnFederalId":"No","primaryPurposeId":"Water Supply","purposeIds":"Water Supply","sourceAgency":"Pennsylvania","stateFedId":"D25-034","latitude":"42.14611111","longitude":"-79.76805556","state":"Pennsylvania","county":"Erie","countyState":"Erie, Pennsylvania","city":null,"distance":null,"riverName":"Tr French Creek","congDist":"Congressional District 16, Pennsylvania","stateRegulatedId":"Yes","jurisdictionAuthorityId":"Yes","stateRegulatoryAgency":"Pennsylvania Department of Environmental Protection","permittingAuthorityId":"Yes","inspectionAuthorityId":"Yes","enforcementAuthorityId":"Yes","fedRegulatedId":"No","fedOwnerIds":null,"fedFundingIds":null,"fedDesignIds":null,"fedConstructionIds":null,"fedRegulatoryIds":null,"fedInspectionIds":null,"fedOperationIds":null,"fedOtherIds":null,"secretaryAgricultureBuiltId":"No","nrcsWatershedAuthorizationId":"N/A","primaryDamTypeId":"Earth","damTypeIds":"Earth","coreTypeIds":"Unlisted/Unknown;Unlisted/Unknown","foundationTypeIds":"Unlisted/Unknown","damHeight":"22","hydraulicHeight":null,"structuralHeight":null,"nidHeight":"22","nidHeightId":"Less than 25 feet","damLength":"840","volume":null,"yearCompleted":"1939","yearCompletedId":"1930-1939","yearsModified":"2008O","nidStorage":"4650","maxStorage":"4650","normalStorage":"2760","surfaceArea":"246","drainageArea":"1.1","maxDischarge":null,"spillwayTypeId":null,"spillwayWidth":null,"numberOfLocks":null,"lengthOfLocks":null,"widthOfLocks":null,"secondaryLengthOfLocks":null,"secondaryWidthOfLocks":null,"outletGateTypes":null,"dataUpdated":"2021-04-09","inspectionDate":"2020-10-12","inspectionFrequency":"1","publicHazardId":"High","conditionAssessId":"Poor","conditionAssessDate":null,"eapId":"Yes","eapLastRevDate":null,"websiteUrl":"https://damsafety.org/pennsylvania","usaceDivision":"Great Lakes and Ohio River Division","usaceDistrict":"Pittsburgh District","operationalStatusId":null,"operationalStatusDate":null,"inundationNidAddedId":"No","huc2":"05","huc4":"0501","huc6":"050100","huc8":"05010004","zipcode":"16428","nation":"USA","stateKey":"PA","femaRegion":"3","femaCommunity":"Greenfield township, Pennsylvania","aiannh":null,"hasDamPhotoId":"No","sectionSevenAuthorityId":"No"},"geometry":{"type":"Point","coordinates":[-79.76805556,42.14611111]}},
{"type":"Feature","properties":{"fid":55093,"name":"Lake La Tsuga","otherNames":null,"formerNames":null,"nidId":"PA01535","otherStructureId":null,"federalId":"PA01535","ownerNames":"LAKEVIEW MANOR LLC","ownerTypeIds":"Private","primaryOwnerTypeId":"Private","separateStructuresCount":"0","isAssociatedStructureId":"No","designerNames":null,"nonFederalDamOnFederalId":"No","primaryPurposeId":"Other","purposeIds":"Other","sourceAgency":"Pennsylvania","stateFedId":"D20-063","latitude":"41.58861111","longitude":"-80.18666667","state":"Pennsylvania","county":"Crawford","countyState":"Crawford, Pennsylvania","city":null,"distance":null,"riverName":"Tr French Creek","congDist":"Congressional District 16, Pennsylvania","stateRegulatedId":"Yes","jurisdictionAuthorityId":"Yes","stateRegulatoryAgency":"Pennsylvania Department of Environmental Protection","permittingAuthorityId":"Yes","inspectionAuthorityId":"Yes","enforcementAuthorityId":"Yes","fedRegulatedId":"No","fedOwnerIds":null,"fedFundingIds":null,"fedDesignIds":null,"fedConstructionIds":null,"fedRegulatoryIds":null,"fedInspectionIds":null,"fedOperationIds":null,"fedOtherIds":null,"secretaryAgricultureBuiltId":"No","nrcsWatershedAuthorizationId":"N/A","primaryDamTypeId":"Earth","damTypeIds":"Earth","coreTypeIds":"Unlisted/Unknown;Unlisted/Unknown","foundationTypeIds":"Unlisted/Unknown","damHeight":"8","hydraulicHeight":null,"structuralHeight":null,"nidHeight":"8","nidHeightId":"Less than 25 feet","damLength":"325","volume":null,"yearCompleted":"1877","yearCompletedId":"Before 1900","yearsModified":null,"nidStorage":"80","maxStorage":"80","normalStorage":null,"surfaceArea":"20","drainageArea":"0.6","maxDischarge":null,"spillwayTypeId":null,"spillwayWidth":null,"numberOfLocks":null,"lengthOfLocks":null,"widthOfLocks":null,"secondaryLengthOfLocks":null,"secondaryWidthOfLocks":null,"outletGateTypes":null,"dataUpdated":"2021-04-09","inspectionDate":"2016-06-16","inspectionFrequency":"5","publicHazardId":"Low","conditionAssessId":"Not Rated","conditionAssessDate":null,"eapId":"Not Required","eapLastRevDate":null,"websiteUrl":"https://damsafety.org/pennsylvania","usaceDivision":"Great Lakes and Ohio River Division","usaceDistrict":"Pittsburgh District","operationalStatusId":null,"operationalStatusDate":null,"inundationNidAddedId":"No","huc2":"05","huc4":"0501","huc6":"050100","huc8":"05010004","zipcode":"16335","nation":"USA","stateKey":"PA","femaRegion":"3","femaCommunity":"Union township, Pennsylvania","aiannh":null,"hasDamPhotoId":"No","sectionSevenAuthorityId":"No"},"geometry":{"type":"Point","coordinates":[-80.18666667,41.58861111]}},
{"type":"Feature","properties":{"fid":56344,"name":"Clear Lake","otherNames":null,"formerNames":null,"nidId":"PA00175","otherStructureId":null,"federalId":"PA00175","ownerNames":"SPARTANSBURG BOROUGH","ownerTypeIds":"Local Government","primaryOwnerTypeId":"Local Government","separateStructuresCount":"0","isAssociatedStructureId":"No","designerNames":null,"nonFederalDamOnFederalId":"No","primaryPurposeId":"Recreation","purposeIds":"Recreation","sourceAgency":"Pennsylvania","stateFedId":"D20-003","latitude":"41.82472222","longitude":"-79.68555556","state":"Pennsylvania","county":"Crawford","countyState":"Crawford, Pennsylvania","city":null,"distance":null,"riverName":"East Branch Oil Creek","congDist":"Congressional District 16, Pennsylvania","stateRegulatedId":"Yes","jurisdictionAuthorityId":"Yes","stateRegulatoryAgency":"Pennsylvania Department of Environmental Protection","permittingAuthorityId":"Yes","inspectionAuthorityId":"Yes","enforcementAuthorityId":"Yes","fedRegulatedId":"No","fedOwnerIds":null,"fedFundingIds":null,"fedDesignIds":null,"fedConstructionIds":null,"fedRegulatoryIds":null,"fedInspectionIds":null,"fedOperationIds":null,"fedOtherIds":null,"secretaryAgricultureBuiltId":"No","nrcsWatershedAuthorizationId":"N/A","primaryDamTypeId":null,"damTypeIds":null,"coreTypeIds":"Unlisted/Unknown;Unlisted/Unknown","foundationTypeIds":"Unlisted/Unknown","damHeight":"11","hydraulicHeight":null,"structuralHeight":null,"nidHeight":"11","nidHeightId":"Less than 25 feet","damLength":"130","volume":null,"yearCompleted":"1855","yearCompletedId":"Before 1900","yearsModified":"2008O","nidStorage":"782","maxStorage":"782","normalStorage":"393","surfaceArea":"118","drainageArea":"14.1","maxDischarge":null,"spillwayTypeId":null,"spillwayWidth":null,"numberOfLocks":null,"lengthOfLocks":null,"widthOfLocks":null,"secondaryLengthOfLocks":null,"secondaryWidthOfLocks":null,"outletGateTypes":null,"dataUpdated":"2021-04-09","inspectionDate":"2020-10-08","inspectionFrequency":"2","publicHazardId":"Significant","conditionAssessId":"Not Rated","conditionAssessDate":null,"eapId":"Yes","eapLastRevDate":null,"websiteUrl":"https://damsafety.org/pennsylvania","usaceDivision":"Great Lakes and Ohio River Division","usaceDistrict":"Pittsburgh District","operationalStatusId":null,"operationalStatusDate":null,"inundationNidAddedId":"No","huc2":"05","huc4":"0501","huc6":"050100","huc8":"05010003","zipcode":"16434","nation":"USA","stateKey":"PA","femaRegion":"3","femaCommunity":"Spartansburg borough, Pennsylvania","aiannh":null,"hasDamPhotoId":"No","sectionSevenAuthorityId":"No"},"geometry":{"type":"Point","coordinates":[-79.68555556,41.82472222]}},
{"type":"Feature","properties":{"fid":57051,"name":"Little Sugar Creek","otherNames":null,"formerNames":null,"nidId":"PA01057","otherStructureId":null,"federalId":"PA01057","ownerNames":"PA GAME COMMISSION","ownerTypeIds":"State","primaryOwnerTypeId":"State","separateStructuresCount":"0","isAssociatedStructureId":"No","designerNames":null,"nonFederalDamOnFederalId":"No","primaryPurposeId":"Recreation","purposeIds":"Recreation","sourceAgency":"Pennsylvania","stateFedId":"D20-051","latitude":"41.62166667","longitude":"-79.92","state":"Pennsylvania","county":"Crawford","countyState":"Crawford, Pennsylvania","city":null,"distance":null,"riverName":"Little Sugar Creek","congDist":"Congressional District 16, Pennsylvania","stateRegulatedId":"Yes","jurisdictionAuthorityId":"Yes","stateRegulatoryAgency":"Pennsylvania Department of Environmental Protection","permittingAuthorityId":"Yes","inspectionAuthorityId":"Yes","enforcementAuthorityId":"Yes","fedRegulatedId":"No","fedOwnerIds":null,"fedFundingIds":null,"fedDesignIds":null,"fedConstructionIds":null,"fedRegulatoryIds":null,"fedInspectionIds":null,"fedOperationIds":null,"fedOtherIds":null,"secretaryAgricultureBuiltId":"No","nrcsWatershedAuthorizationId":"N/A","primaryDamTypeId":"Earth","damTypeIds":"Earth","coreTypeIds":"Unlisted/Unknown;Unlisted/Unknown","foundationTypeIds":"Unlisted/Unknown","damHeight":"14","hydraulicHeight":null,"structuralHeight":null,"nidHeight":"14","nidHeightId":"Less than 25 feet","damLength":"1030","volume":null,"yearCompleted":"1966","yearCompletedId":"1960-1969","yearsModified":null,"nidStorage":"1003","maxStorage":"1003","normalStorage":"614","surfaceArea":"130","drainageArea":"1","maxDischarge":null,"spillwayTypeId":null,"spillwayWidth":null,"numberOfLocks":null,"lengthOfLocks":null,"widthOfLocks":null,"secondaryLengthOfLocks":null,"secondaryWidthOfLocks":null,"outletGateTypes":null,"dataUpdated":"2021-04-09","inspectionDate":"2016-07-18","inspectionFrequency":"5","publicHazardId":"Low","conditionAssessId":"Not Rated","conditionAssessDate":null,"eapId":"Not Required","eapLastRevDate":null,"websiteUrl":"https://damsafety.org/pennsylvania","usaceDivision":"Great Lakes and Ohio River Division","usaceDistrict":"Pittsburgh District","operationalStatusId":null,"operationalStatusDate":null,"inundationNidAddedId":"No","huc2":"05","huc4":"0501","huc6":"050100","huc8":"05010004","zipcode":"16327","nation":"USA","stateKey":"PA","femaRegion":"3","femaCommunity":"Randolph township, Pennsylvania","aiannh":null,"hasDamPhotoId":"No","sectionSevenAuthorityId":"No"},"geometry":{"type":"Point","coordinates":[-79.92,41.62166667]}},
{"type":"Feature","properties":{"fid":60731,"name":"Siegel Marsh","otherNames":null,"formerNames":null,"nidId":"PA00015","otherStructureId":null,"federalId":"PA00015","ownerNames":"PA GAME COMMISSION","ownerTypeIds":"State","primaryOwnerTypeId":"State","separateStructuresCount":"0","isAssociatedStructureId":"No","designerNames":null,"nonFederalDamOnFederalId":"No","primaryPurposeId":"Recreation","purposeIds":"Recreation","sourceAgency":"Pennsylvania","stateFedId":"D25-041","latitude":"42.05333333","longitude":"-79.93166667","state":"Pennsylvania","county":"Erie","countyState":"Erie, Pennsylvania","city":null,"distance":null,"riverName":"East Branch Leboeuf Creek","congDist":"Congressional District 16, Pennsylvania","stateRegulatedId":"Yes","jurisdictionAuthorityId":"Yes","stateRegulatoryAgency":"Pennsylvania Department of Environmental Protection","permittingAuthorityId":"Yes","inspectionAuthorityId":"Yes","enforcementAuthorityId":"Yes","fedRegulatedId":"No","fedOwnerIds":null,"fedFundingIds":null,"fedDesignIds":null,"fedConstructionIds":null,"fedRegulatoryIds":null,"fedInspectionIds":null,"fedOperationIds":null,"fedOtherIds":null,"secretaryAgricultureBuiltId":"No","nrcsWatershedAuthorizationId":"N/A","primaryDamTypeId":"Earth","damTypeIds":"Earth;Gravity","coreTypeIds":"Unlisted/Unknown;Unlisted/Unknown","foundationTypeIds":"Unlisted/Unknown","damHeight":"12","hydraulicHeight":null,"structuralHeight":null,"nidHeight":"12","nidHeightId":"Less than 25 feet","damLength":"590","volume":null,"yearCompleted":"1958","yearCompletedId":"1950-1959","yearsModified":null,"nidStorage":"2860","maxStorage":"2860","normalStorage":"2200","surfaceArea":"400","drainageArea":"11.4","maxDischarge":null,"spillwayTypeId":null,"spillwayWidth":null,"numberOfLocks":null,"lengthOfLocks":null,"widthOfLocks":null,"secondaryLengthOfLocks":null,"secondaryWidthOfLocks":null,"outletGateTypes":null,"dataUpdated":"2021-04-09","inspectionDate":"2018-07-27","inspectionFrequency":"2","publicHazardId":"Significant","conditionAssessId":"Not Rated","conditionAssessDate":null,"eapId":"No","eapLastRevDate":null,"websiteUrl":"https://damsafety.org/pennsylvania","usaceDivision":"Great Lakes and Ohio River Division","usaceDistrict":"Pittsburgh District","operationalStatusId":null,"operationalStatusDate":null,"inundationNidAddedId":"No","huc2":"05","huc4":"0501","huc6":"050100","huc8":"05010004","zipcode":"16441","nation":"USA","stateKey":"PA","femaRegion":"3","femaCommunity":"Greene township, Pennsylvania","aiannh":null,"hasDamPhotoId":"No","sectionSevenAuthorityId":"No"},"geometry":{"type":"Point","coordinates":[-79.93166667,42.05333333]}},
{"type":"Feature","properties":{"fid":62323,"name":"Pa-106","otherNames":null,"formerNames":null,"nidId":"PA01732","otherStructureId":null,"federalId":"PA01732","ownerNames":"PA GAME COMMISSION","ownerTypeIds":"State","primaryOwnerTypeId":"State","separateStructuresCount":"0","isAssociatedStructureId":"No","designerNames":null,"nonFederalDamOnFederalId":"No","primaryPurposeId":"Recreation","purposeIds":"Recreation","sourceAgency":"Pennsylvania","stateFedId":"D20-062","latitude":"41.78888889","longitude":"-80.23166667","state":"Pennsylvania","county":"Crawford","countyState":"Crawford, Pennsylvania","city":null,"distance":null,"riverName":"Tr Cussewago Creek","congDist":"Congressional District 16, Pennsylvania","stateRegulatedId":"Yes","jurisdictionAuthorityId":"Yes","stateRegulatoryAgency":"Pennsylvania Department of Environmental Protection","permittingAuthorityId":"Yes","inspectionAuthorityId":"Yes","enforcementAuthorityId":"Yes","fedRegulatedId":"No","fedOwnerIds":null,"fedFundingIds":"Natural Resources Conservation Service","fedDesignIds":"Natural Resources Conservation Service","fedConstructionIds":"Natural Resources Conservation Service","fedRegulatoryIds":null,"fedInspectionIds":"Natural Resources Conservation Service","fedOperationIds":null,"fedOtherIds":null,"secretaryAgricultureBuiltId":"Yes","nrcsWatershedAuthorizationId":"1962 Resource Conservation and Development Act (Public Law 87-703)","primaryDamTypeId":"Earth","damTypeIds":"Earth","coreTypeIds":"Unlisted/Unknown;Unlisted/Unknown","foundationTypeIds":"Unlisted/Unknown","damHeight":"12","hydraulicHeight":null,"structuralHeight":null,"nidHeight":"12","nidHeightId":"Less than 25 feet","damLength":"1200","volume":null,"yearCompleted":"1978","yearCompletedId":"1970-1979","yearsModified":null,"nidStorage":"162","maxStorage":"162","normalStorage":"162","surfaceArea":"104","drainageArea":"2.44","maxDischarge":null,"spillwayTypeId":null,"spillwayWidth":null,"numberOfLocks":null,"lengthOfLocks":null,"widthOfLocks":null,"secondaryLengthOfLocks":null,"secondaryWidthOfLocks":null,"outletGateTypes":null,"dataUpdated":"2021-04-09","inspectionDate":"2016-07-18","inspectionFrequency":"5","publicHazardId":"Low","conditionAssessId":"Not Rated","conditionAssessDate":null,"eapId":"Not Required","eapLastRevDate":null,"websiteUrl":"https://damsafety.org/pennsylvania","usaceDivision":"Great Lakes and Ohio River Division","usaceDistrict":"Pittsburgh District","operationalStatusId":null,"operationalStatusDate":null,"inundationNidAddedId":"No","huc2":"05","huc4":"0501","huc6":"050100","huc8":"05010004","zipcode":"16433","nation":"USA","stateKey":"PA","femaRegion":"3","femaCommunity":"Cussewago township, Pennsylvania","aiannh":null,"hasDamPhotoId":"No","sectionSevenAuthorityId":"No"},"geometry":{"type":"Point","coordinates":[-80.23166667,41.78888889]}},
{"type":"Feature","properties":{"fid":68453,"name":"Pa-104","otherNames":null,"formerNames":null,"nidId":"PA01534","otherStructureId":null,"federalId":"PA01534","ownerNames":"PA GAME COMMISSION","ownerTypeIds":"State","primaryOwnerTypeId":"State","separateStructuresCount":"0","isAssociatedStructureId":"No","designerNames":"USDA NRCS","nonFederalDamOnFederalId":"No","primaryPurposeId":"Flood Risk Reduction","purposeIds":"Flood Risk Reduction;Recreation","sourceAgency":"Pennsylvania","stateFedId":"D20-061","latitude":"41.82111111","longitude":"-80.04277778","state":"Pennsylvania","county":"Crawford","countyState":"Crawford, Pennsylvania","city":null,"distance":null,"riverName":"French Creek","congDist":"Congressional District 16, Pennsylvania","stateRegulatedId":"Yes","jurisdictionAuthorityId":"Yes","stateRegulatoryAgency":"Pennsylvania Department of Environmental Protection","permittingAuthorityId":"Yes","inspectionAuthorityId":"Yes","enforcementAuthorityId":"Yes","fedRegulatedId":"No","fedOwnerIds":null,"fedFundingIds":"Natural Resources Conservation Service","fedDesignIds":"Natural Resources Conservation Service","fedConstructionIds":"Natural Resources Conservation Service","fedRegulatoryIds":null,"fedInspectionIds":"Natural Resources Conservation Service","fedOperationIds":null,"fedOtherIds":null,"secretaryAgricultureBuiltId":"Yes","nrcsWatershedAuthorizationId":"1962 Resource Conservation and Development Act (Public Law 87-703)","primaryDamTypeId":"Earth","damTypeIds":"Earth","coreTypeIds":"Unlisted/Unknown;Unlisted/Unknown","foundationTypeIds":"Unlisted/Unknown","damHeight":"8","hydraulicHeight":null,"structuralHeight":null,"nidHeight":"8","nidHeightId":"Less than 25 feet","damLength":"685","volume":null,"yearCompleted":"1975","yearCompletedId":"1970-1979","yearsModified":null,"nidStorage":"60","maxStorage":"60","normalStorage":"12","surfaceArea":"9","drainageArea":"0.42","maxDischarge":null,"spillwayTypeId":null,"spillwayWidth":null,"numberOfLocks":null,"lengthOfLocks":null,"widthOfLocks":null,"secondaryLengthOfLocks":null,"secondaryWidthOfLocks":null,"outletGateTypes":null,"dataUpdated":"2021-05-24","inspectionDate":"2019-05-24","inspectionFrequency":"5","publicHazardId":"Low","conditionAssessId":"Not Rated","conditionAssessDate":null,"eapId":"Not Required","eapLastRevDate":null,"websiteUrl":"https://damsafety.org/pennsylvania","usaceDivision":"Great Lakes and Ohio River Division","usaceDistrict":"Pittsburgh District","operationalStatusId":null,"operationalStatusDate":null,"inundationNidAddedId":"No","huc2":"05","huc4":"0501","huc6":"050100","huc8":"05010004","zipcode":"16403","nation":"USA","stateKey":"PA","femaRegion":"3","femaCommunity":"Cambridge township, Pennsylvania","aiannh":null,"hasDamPhotoId":"No","sectionSevenAuthorityId":"No"},"geometry":{"type":"Point","coordinates":[-80.04277778,41.82111111]}},
{"type":"Feature","properties":{"fid":68715,"name":"Zelina","otherNames":null,"formerNames":null,"nidId":"PA01865","otherStructureId":null,"federalId":"PA01865","ownerNames":"WILLIAM ZELINA, SR","ownerTypeIds":"Private","primaryOwnerTypeId":"Private","separateStructuresCount":"0","isAssociatedStructureId":"No","designerNames":"David G. Machmer P.E.","nonFederalDamOnFederalId":"No","primaryPurposeId":"Recreation","purposeIds":"Recreation","sourceAgency":"Pennsylvania","stateFedId":"D25-060","latitude":"41.88","longitude":"-80.2075","state":"Pennsylvania","county":"Erie","countyState":"Erie, Pennsylvania","city":null,"distance":null,"riverName":"Tr Cussewago Creek","congDist":"Congressional District 16, Pennsylvania","stateRegulatedId":"Yes","jurisdictionAuthorityId":"Yes","stateRegulatoryAgency":"Pennsylvania Department of Environmental Protection","permittingAuthorityId":"Yes","inspectionAuthorityId":"Yes","enforcementAuthorityId":"Yes","fedRegulatedId":"No","fedOwnerIds":null,"fedFundingIds":null,"fedDesignIds":null,"fedConstructionIds":null,"fedRegulatoryIds":null,"fedInspectionIds":null,"fedOperationIds":null,"fedOtherIds":null,"secretaryAgricultureBuiltId":"No","nrcsWatershedAuthorizationId":"N/A","primaryDamTypeId":"Earth","damTypeIds":"Earth","coreTypeIds":"Unlisted/Unknown;Unlisted/Unknown","foundationTypeIds":"Unlisted/Unknown","damHeight":"15","hydraulicHeight":null,"structuralHeight":null,"nidHeight":"15","nidHeightId":"Less than 25 feet","damLength":"1100","volume":null,"yearCompleted":"1974","yearCompletedId":"1970-1979","yearsModified":"2005;2007H","nidStorage":"154","maxStorage":"154","normalStorage":"95","surfaceArea":"22.3","drainageArea":"0.85","maxDischarge":null,"spillwayTypeId":null,"spillwayWidth":null,"numberOfLocks":null,"lengthOfLocks":null,"widthOfLocks":null,"secondaryLengthOfLocks":null,"secondaryWidthOfLocks":null,"outletGateTypes":null,"dataUpdated":"2021-04-09","inspectionDate":"2021-03-23","inspectionFrequency":"2","publicHazardId":"Significant","conditionAssessId":"Not Rated","conditionAssessDate":null,"eapId":"Yes","eapLastRevDate":null,"websiteUrl":"https://damsafety.org/pennsylvania","usaceDivision":"Great Lakes and Ohio River Division","usaceDistrict":"Pittsburgh District","operationalStatusId":null,"operationalStatusDate":null,"inundationNidAddedId":"No","huc2":"05","huc4":"0501","huc6":"050100","huc8":"05010004","zipcode":"16412","nation":"USA","stateKey":"PA","femaRegion":"3","femaCommunity":"Elk Creek township, Pennsylvania","aiannh":null,"hasDamPhotoId":"No","sectionSevenAuthorityId":"No"},"geometry":{"type":"Point","coordinates":[-80.2075,41.88]}},
{"type":"Feature","properties":{"fid":75041,"name":"Chautauqua 2v Wildlife Dam","otherNames":"Wiltsie Pond Dam","formerNames":null,"nidId":"NY10022","otherStructureId":null,"federalId":"NY10022","ownerNames":"NYS DEC","ownerTypeIds":"State","primaryOwnerTypeId":"State","separateStructuresCount":"0","isAssociatedStructureId":"No","designerNames":null,"nonFederalDamOnFederalId":"No","primaryPurposeId":"Fish and Wildlife Pond","purposeIds":"Fish and Wildlife Pond","sourceAgency":"New York","stateFedId":"002-2401","latitude":"42.0897222222222","longitude":"-79.5305555555555","state":"New York","county":"Chautauqua","countyState":"Chautauqua, New York","city":"Panama","distance":"3","riverName":"Little Brokenstraw Creek","congDist":"Congressional District 23, New York","stateRegulatedId":"Yes","jurisdictionAuthorityId":"Yes","stateRegulatoryAgency":"Nys Dec","permittingAuthorityId":"Yes","inspectionAuthorityId":"Yes","enforcementAuthorityId":"Yes","fedRegulatedId":"No","fedOwnerIds":null,"fedFundingIds":null,"fedDesignIds":null,"fedConstructionIds":null,"fedRegulatoryIds":null,"fedInspectionIds":null,"fedOperationIds":null,"fedOtherIds":null,"secretaryAgricultureBuiltId":"No","nrcsWatershedAuthorizationId":"N/A","primaryDamTypeId":"Earth","damTypeIds":"Earth","coreTypeIds":null,"foundationTypeIds":null,"damHeight":"9","hydraulicHeight":null,"structuralHeight":null,"nidHeight":"9","nidHeightId":"Less than 25 feet","damLength":"600","volume":null,"yearCompleted":"1955","yearCompletedId":"1950-1959","yearsModified":null,"nidStorage":"69","maxStorage":"69","normalStorage":"38","surfaceArea":"23","drainageArea":"0.6","maxDischarge":"387","spillwayTypeId":"Uncontrolled","spillwayWidth":"80","numberOfLocks":null,"lengthOfLocks":null,"widthOfLocks":null,"secondaryLengthOfLocks":null,"secondaryWidthOfLocks":null,"outletGateTypes":null,"dataUpdated":"2025-06-09","inspectionDate":"2008-10-15","inspectionFrequency":null,"publicHazardId":"Low","conditionAssessId":"Not Rated","conditionAssessDate":null,"eapId":"Not Required","eapLastRevDate":null,"websiteUrl":"https://damsafety.org/new-york","usaceDivision":"Great Lakes and Ohio River Division","usaceDistrict":"Buffalo District","operationalStatusId":null,"operationalStatusDate":null,"inundationNidAddedId":"No","huc2":"05","huc4":"0501","huc6":"050100","huc8":"05010001","zipcode":"14767","nation":"USA","stateKey":"NY","femaRegion":"2","femaCommunity":"Sherman town","aiannh":null,"hasDamPhotoId":"No","sectionSevenAuthorityId":"No"},"geometry":{"type":"Point","coordinates":[-79.530555555555495,42.0897222222222]}},
{"type":"Feature","properties":{"fid":77991,"name":"Erie Pool K Dam","otherNames":null,"formerNames":null,"nidId":"PA01971","otherStructureId":null,"federalId":"PA01971","ownerNames":"US FISH AND WILDLIFE SERVICE","ownerTypeIds":"Federal","primaryOwnerTypeId":"Federal","separateStructuresCount":"0","isAssociatedStructureId":"No","designerNames":"Unknown, FWS","nonFederalDamOnFederalId":"No","primaryPurposeId":"Fish and Wildlife Pond","purposeIds":"Fish and Wildlife Pond","sourceAgency":"Fish and Wildlife Service","stateFedId":null,"latitude":"41.58223","longitude":"-79.97776","state":"Pennsylvania","county":"Crawford","countyState":"Crawford, Pennsylvania","city":null,"distance":null,"riverName":"TR to Lake Creek","congDist":"Congressional District 16, Pennsylvania","stateRegulatedId":"No","jurisdictionAuthorityId":"No","stateRegulatoryAgency":null,"permittingAuthorityId":"No","inspectionAuthorityId":"No","enforcementAuthorityId":"No","fedRegulatedId":"Yes","fedOwnerIds":"Fish and Wildlife Service","fedFundingIds":null,"fedDesignIds":null,"fedConstructionIds":null,"fedRegulatoryIds":"Fish and Wildlife Service","fedInspectionIds":"Fish and Wildlife Service","fedOperationIds":"Fish and Wildlife Service","fedOtherIds":null,"secretaryAgricultureBuiltId":"No","nrcsWatershedAuthorizationId":"N/A","primaryDamTypeId":"Earth","damTypeIds":"Earth","coreTypeIds":"Unlisted/Unknown;Unlisted/Unknown","foundationTypeIds":"Unlisted/Unknown","damHeight":"11","hydraulicHeight":"11","structuralHeight":"11","nidHeight":"11","nidHeightId":"Less than 25 feet","damLength":"650","volume":"15300","yearCompleted":"1971","yearCompletedId":"1970-1979","yearsModified":"1984;1984O","nidStorage":"128","maxStorage":"128","normalStorage":"66","surfaceArea":"16","drainageArea":"1.08","maxDischarge":"330","spillwayTypeId":null,"spillwayWidth":"65","numberOfLocks":"0","lengthOfLocks":"0","widthOfLocks":"0","secondaryLengthOfLocks":null,"secondaryWidthOfLocks":null,"outletGateTypes":"Other Controlled","dataUpdated":"2021-05-21","inspectionDate":"2020-09-21","inspectionFrequency":"5","publicHazardId":"Low","conditionAssessId":"Poor","conditionAssessDate":"2020-09-21","eapId":"Not Required","eapLastRevDate":null,"websiteUrl":"https://www.fws.gov/","usaceDivision":"Great Lakes and Ohio River Division","usaceDistrict":"Pittsburgh District","operationalStatusId":null,"operationalStatusDate":null,"inundationNidAddedId":"No","huc2":"05","huc4":"0501","huc6":"050100","huc8":"05010004","zipcode":"16327","nation":"USA","stateKey":"PA","femaRegion":"3","femaCommunity":"Wayne township, Pennsylvania","aiannh":null,"hasDamPhotoId":"No","sectionSevenAuthorityId":"No"},"geometry":{"type":"Point","coordinates":[-79.97776,41.58223]}},
{"type":"Feature","properties":{"fid":79353,"name":"Erie Pool #7 Dam","otherNames":null,"formerNames":null,"nidId":"PA00852","otherStructureId":null,"federalId":"PA00852","ownerNames":"US FISH AND WILDLIFE SERVICE","ownerTypeIds":"Federal","primaryOwnerTypeId":"Federal","separateStructuresCount":"0","isAssociatedStructureId":"No","designerNames":"Unknown, Ducks Unlimited, USFWS","nonFederalDamOnFederalId":"No","primaryPurposeId":"Fish and Wildlife Pond","purposeIds":"Fish and Wildlife Pond","sourceAgency":"Fish and Wildlife Service","stateFedId":"PA00852","latitude":"41.603779","longitude":"-79.973213","state":"Pennsylvania","county":"Crawford","countyState":"Crawford, Pennsylvania","city":null,"distance":null,"riverName":"Lake Creek","congDist":"Congressional District 16, Pennsylvania","stateRegulatedId":"No","jurisdictionAuthorityId":"No","stateRegulatoryAgency":null,"permittingAuthorityId":"No","inspectionAuthorityId":"No","enforcementAuthorityId":"No","fedRegulatedId":"Yes","fedOwnerIds":"Fish and Wildlife Service","fedFundingIds":null,"fedDesignIds":null,"fedConstructionIds":"Fish and Wildlife Service","fedRegulatoryIds":"Fish and Wildlife Service","fedInspectionIds":"Fish and Wildlife Service","fedOperationIds":"Fish and Wildlife Service","fedOtherIds":null,"secretaryAgricultureBuiltId":"No","nrcsWatershedAuthorizationId":"N/A","primaryDamTypeId":"Earth","damTypeIds":"Earth","coreTypeIds":"Earth","foundationTypeIds":null,"damHeight":"12","hydraulicHeight":"9","structuralHeight":"15","nidHeight":"15","nidHeightId":"Less than 25 feet","damLength":"2372","volume":"40500","yearCompleted":"1967","yearCompletedId":"1960-1969","yearsModified":"1989H;1998H","nidStorage":"330","maxStorage":"330","normalStorage":"124","surfaceArea":"33","drainageArea":"746","maxDischarge":"264","spillwayTypeId":null,"spillwayWidth":"337","numberOfLocks":"0","lengthOfLocks":"0","widthOfLocks":"0","secondaryLengthOfLocks":null,"secondaryWidthOfLocks":null,"outletGateTypes":"Other Controlled;Other Controlled","dataUpdated":"2021-05-21","inspectionDate":"2020-09-21","inspectionFrequency":"5","publicHazardId":"Low","conditionAssessId":"Fair","conditionAssessDate":"2020-09-21","eapId":"Not Required","eapLastRevDate":null,"websiteUrl":"https://www.fws.gov/","usaceDivision":"Great Lakes and Ohio River Division","usaceDistrict":"Pittsburgh District","operationalStatusId":null,"operationalStatusDate":null,"inundationNidAddedId":"No","huc2":"05","huc4":"0501","huc6":"050100","huc8":"05010004","zipcode":"16327","nation":"USA","stateKey":"PA","femaRegion":"3","femaCommunity":"Randolph township, Pennsylvania","aiannh":null,"hasDamPhotoId":"No","sectionSevenAuthorityId":"No"},"geometry":{"type":"Point","coordinates":[-79.973213,41.603779]}},
{"type":"Feature","properties":{"fid":80179,"name":"Rainbow (Pa-460)","otherNames":"Rainbow Lake","formerNames":null,"nidId":"PA00177","otherStructureId":null,"federalId":"PA00177","ownerNames":"CITY OF MEADVILLE","ownerTypeIds":"Local Government","primaryOwnerTypeId":"Local Government","separateStructuresCount":"0","isAssociatedStructureId":"No","designerNames":"USDA NRCS","nonFederalDamOnFederalId":"No","primaryPurposeId":"Flood Risk Reduction","purposeIds":"Flood Risk Reduction","sourceAgency":"Pennsylvania","stateFedId":"D20-048","latitude":"41.63555556","longitude":"-80.13277778","state":"Pennsylvania","county":"Crawford","countyState":"Crawford, Pennsylvania","city":null,"distance":null,"riverName":"Mill Run","congDist":"Congressional District 16, Pennsylvania","stateRegulatedId":"Yes","jurisdictionAuthorityId":"Yes","stateRegulatoryAgency":"Pennsylvania Department of Environmental Protection","permittingAuthorityId":"Yes","inspectionAuthorityId":"Yes","enforcementAuthorityId":"Yes","fedRegulatedId":"No","fedOwnerIds":null,"fedFundingIds":"Natural Resources Conservation Service","fedDesignIds":"Natural Resources Conservation Service","fedConstructionIds":"Natural Resources Conservation Service","fedRegulatoryIds":null,"fedInspectionIds":"Natural Resources Conservation Service","fedOperationIds":null,"fedOtherIds":null,"secretaryAgricultureBuiltId":"Yes","nrcsWatershedAuthorizationId":"Watershed Protection and Flood Prevention Act of 1954 (Public Law 83-566)","primaryDamTypeId":"Earth","damTypeIds":"Earth","coreTypeIds":"Unlisted/Unknown;Unlisted/Unknown","foundationTypeIds":"Unlisted/Unknown","damHeight":"40","hydraulicHeight":null,"structuralHeight":null,"nidHeight":"40","nidHeightId":"25-50 feet","damLength":"420","volume":null,"yearCompleted":"1964","yearCompletedId":"1960-1969","yearsModified":null,"nidStorage":"850","maxStorage":"850","normalStorage":"30","surfaceArea":"4","drainageArea":"7.96","maxDischarge":null,"spillwayTypeId":null,"spillwayWidth":null,"numberOfLocks":null,"lengthOfLocks":null,"widthOfLocks":null,"secondaryLengthOfLocks":null,"secondaryWidthOfLocks":null,"outletGateTypes":null,"dataUpdated":"2021-05-24","inspectionDate":"2020-10-16","inspectionFrequency":"1","publicHazardId":"High","conditionAssessId":"Fair","conditionAssessDate":null,"eapId":"Yes","eapLastRevDate":null,"websiteUrl":"https://damsafety.org/pennsylvania","usaceDivision":"Great Lakes and Ohio River Division","usaceDistrict":"Pittsburgh District","operationalStatusId":null,"operationalStatusDate":null,"inundationNidAddedId":"No","huc2":"05","huc4":"0501","huc6":"050100","huc8":"05010004","zipcode":"16335","nation":"USA","stateKey":"PA","femaRegion":"3","femaCommunity":"Meadville city, Pennsylvania","aiannh":null,"hasDamPhotoId":"No","sectionSevenAuthorityId":"No"},"geometry":{"type":"Point","coordinates":[-80.13277778,41.63555556]}},
{"type":"Feature","properties":{"fid":80809,"name":"Cambridge Springs","otherNames":"Polish Pond","formerNames":"Alliance College Dam (1992)","nidId":"PA01486","otherStructureId":null,"federalId":"PA01486","ownerNames":"PA DEPT. OF CORRECTIONS","ownerTypeIds":"State","primaryOwnerTypeId":"State","separateStructuresCount":"0","isAssociatedStructureId":"No","designerNames":null,"nonFederalDamOnFederalId":"No","primaryPurposeId":"Recreation","purposeIds":"Recreation","sourceAgency":"Pennsylvania","stateFedId":"D20-068","latitude":"41.79361111","longitude":"-80.05333333","state":"Pennsylvania","county":"Crawford","countyState":"Crawford, Pennsylvania","city":null,"distance":null,"riverName":"Tr French Creek","congDist":"Congressional District 16, Pennsylvania","stateRegulatedId":"Yes","jurisdictionAuthorityId":"Yes","stateRegulatoryAgency":"Pennsylvania Department of Environmental Protection","permittingAuthorityId":"Yes","inspectionAuthorityId":"Yes","enforcementAuthorityId":"Yes","fedRegulatedId":"No","fedOwnerIds":null,"fedFundingIds":null,"fedDesignIds":null,"fedConstructionIds":null,"fedRegulatoryIds":null,"fedInspectionIds":null,"fedOperationIds":null,"fedOtherIds":null,"secretaryAgricultureBuiltId":"No","nrcsWatershedAuthorizationId":"N/A","primaryDamTypeId":"Earth","damTypeIds":"Earth","coreTypeIds":"Unlisted/Unknown;Unlisted/Unknown","foundationTypeIds":"Unlisted/Unknown","damHeight":"14","hydraulicHeight":null,"structuralHeight":null,"nidHeight":"14","nidHeightId":"Less than 25 feet","damLength":"600","volume":null,"yearCompleted":null,"yearCompletedId":"Undetermined","yearsModified":null,"nidStorage":"24","maxStorage":"24","normalStorage":"18","surfaceArea":"2.5","drainageArea":"1.1","maxDischarge":null,"spillwayTypeId":null,"spillwayWidth":null,"numberOfLocks":null,"lengthOfLocks":null,"widthOfLocks":null,"secondaryLengthOfLocks":null,"secondaryWidthOfLocks":null,"outletGateTypes":null,"dataUpdated":"2021-04-09","inspectionDate":"2020-07-16","inspectionFrequency":"1","publicHazardId":"High","conditionAssessId":"Poor","conditionAssessDate":null,"eapId":"Yes","eapLastRevDate":null,"websiteUrl":"https://damsafety.org/pennsylvania","usaceDivision":"Great Lakes and Ohio River Division","usaceDistrict":"Pittsburgh District","operationalStatusId":null,"operationalStatusDate":null,"inundationNidAddedId":"No","huc2":"05","huc4":"0501","huc6":"050100","huc8":"05010004","zipcode":"16403","nation":"USA","stateKey":"PA","femaRegion":"3","femaCommunity":"Cambridge township, Pennsylvania","aiannh":null,"hasDamPhotoId":"No","sectionSevenAuthorityId":"No"},"geometry":{"type":"Point","coordinates":[-80.05333333,41.79361111]}},
{"type":"Feature","properties":{"fid":80877,"name":"Tamarack Lake A (Pa-461a)","otherNames":null,"formerNames":null,"nidId":"PA00181","otherStructureId":null,"federalId":"PA00181","ownerNames":"PA FISH & BOAT COMMISSION","ownerTypeIds":"State","primaryOwnerTypeId":"State","separateStructuresCount":"0","isAssociatedStructureId":"No","designerNames":"USDA NRCS","nonFederalDamOnFederalId":"No","primaryPurposeId":"Flood Risk Reduction","purposeIds":"Flood Risk Reduction;Recreation","sourceAgency":"Pennsylvania","stateFedId":"D20-047","latitude":"41.615","longitude":"-80.1175","state":"Pennsylvania","county":"Crawford","countyState":"Crawford, Pennsylvania","city":null,"distance":null,"riverName":"Mill Run","congDist":"Congressional District 16, Pennsylvania","stateRegulatedId":"Yes","jurisdictionAuthorityId":"Yes","stateRegulatoryAgency":"Pennsylvania Department of Environmental Protection","permittingAuthorityId":"Yes","inspectionAuthorityId":"Yes","enforcementAuthorityId":"Yes","fedRegulatedId":"No","fedOwnerIds":null,"fedFundingIds":"Natural Resources Conservation Service","fedDesignIds":"Natural Resources Conservation Service","fedConstructionIds":"Natural Resources Conservation Service","fedRegulatoryIds":null,"fedInspectionIds":"Natural Resources Conservation Service","fedOperationIds":null,"fedOtherIds":null,"secretaryAgricultureBuiltId":"Yes","nrcsWatershedAuthorizationId":"Watershed Protection and Flood Prevention Act of 1954 (Public Law 83-566)","primaryDamTypeId":"Earth","damTypeIds":"Earth","coreTypeIds":"Unlisted/Unknown;Unlisted/Unknown","foundationTypeIds":"Unlisted/Unknown","damHeight":"23","hydraulicHeight":null,"structuralHeight":null,"nidHeight":"23","nidHeightId":"Less than 25 feet","damLength":"1000","volume":null,"yearCompleted":"1962","yearCompletedId":"1960-1969","yearsModified":"2005O","nidStorage":"8150","maxStorage":"8150","normalStorage":"3850","surfaceArea":"556","drainageArea":"4.99","maxDischarge":null,"spillwayTypeId":null,"spillwayWidth":null,"numberOfLocks":null,"lengthOfLocks":null,"widthOfLocks":null,"secondaryLengthOfLocks":null,"secondaryWidthOfLocks":null,"outletGateTypes":null,"dataUpdated":"2021-05-24","inspectionDate":"2020-09-18","inspectionFrequency":"1","publicHazardId":"High","conditionAssessId":"Unsatisfactory","conditionAssessDate":null,"eapId":"Yes","eapLastRevDate":null,"websiteUrl":"https://damsafety.org/pennsylvania","usaceDivision":"Great Lakes and Ohio River Division","usaceDistrict":"Pittsburgh District","operationalStatusId":null,"operationalStatusDate":null,"inundationNidAddedId":"No","huc2":"05","huc4":"0501","huc6":"050100","huc8":"05010004","zipcode":"16335","nation":"USA","stateKey":"PA","femaRegion":"3","femaCommunity":"West Mead township, Pennsylvania","aiannh":null,"hasDamPhotoId":"No","sectionSevenAuthorityId":"No"},"geometry":{"type":"Point","coordinates":[-80.1175,41.615]}},
{"type":"Feature","properties":{"fid":82043,"name":"Tamarack Lake B (Pa-461b)","otherNames":null,"formerNames":null,"nidId":"PA00746","otherStructureId":null,"federalId":"PA00746","ownerNames":"PA FISH & BOAT COMMISSION","ownerTypeIds":"State","primaryOwnerTypeId":"State","separateStructuresCount":"0","isAssociatedStructureId":"No","designerNames":null,"nonFederalDamOnFederalId":"No","primaryPurposeId":"Flood Risk Reduction","purposeIds":"Flood Risk Reduction;Recreation","sourceAgency":"Pennsylvania","stateFedId":"D20-070","latitude":"41.57861111","longitude":"-80.07666667","state":"Pennsylvania","county":"Crawford","countyState":"Crawford, Pennsylvania","city":null,"distance":null,"riverName":"Mud Run","congDist":"Congressional District 16, Pennsylvania","stateRegulatedId":"Yes","jurisdictionAuthorityId":"Yes","stateRegulatoryAgency":"Pennsylvania Department of Environmental Protection","permittingAuthorityId":"Yes","inspectionAuthorityId":"Yes","enforcementAuthorityId":"Yes","fedRegulatedId":"No","fedOwnerIds":null,"fedFundingIds":"Natural Resources Conservation Service","fedDesignIds":"Natural Resources Conservation Service","fedConstructionIds":"Natural Resources Conservation Service","fedRegulatoryIds":null,"fedInspectionIds":"Natural Resources Conservation Service","fedOperationIds":null,"fedOtherIds":null,"secretaryAgricultureBuiltId":"Yes","nrcsWatershedAuthorizationId":"Watershed Protection and Flood Prevention Act of 1954 (Public Law 83-566)","primaryDamTypeId":"Earth","damTypeIds":"Earth","coreTypeIds":"Unlisted/Unknown;Unlisted/Unknown","foundationTypeIds":"Unlisted/Unknown","damHeight":"21","hydraulicHeight":null,"structuralHeight":null,"nidHeight":"21","nidHeightId":"Less than 25 feet","damLength":"425","volume":null,"yearCompleted":"1962","yearCompletedId":"1960-1969","yearsModified":"1999H;2004O","nidStorage":"8150","maxStorage":"8150","normalStorage":"3850","surfaceArea":"556","drainageArea":"4.99","maxDischarge":null,"spillwayTypeId":null,"spillwayWidth":null,"numberOfLocks":null,"lengthOfLocks":null,"widthOfLocks":null,"secondaryLengthOfLocks":null,"secondaryWidthOfLocks":null,"outletGateTypes":null,"dataUpdated":"2021-05-24","inspectionDate":"2020-09-18","inspectionFrequency":"1","publicHazardId":"High","conditionAssessId":"Fair","conditionAssessDate":null,"eapId":"Yes","eapLastRevDate":null,"websiteUrl":"https://damsafety.org/pennsylvania","usaceDivision":"Great Lakes and Ohio River Division","usaceDistrict":"Pittsburgh District","operationalStatusId":null,"operationalStatusDate":null,"inundationNidAddedId":"No","huc2":"05","huc4":"0501","huc6":"050100","huc8":"05010004","zipcode":"16335","nation":"USA","stateKey":"PA","femaRegion":"3","femaCommunity":"East Fairfield township, Pennsylvania","aiannh":null,"hasDamPhotoId":"No","sectionSevenAuthorityId":"No"},"geometry":{"type":"Point","coordinates":[-80.07666667,41.57861111]}},
{"type":"Feature","properties":{"fid":84828,"name":"Erie Pool #4 Dam","otherNames":null,"formerNames":null,"nidId":"PA00217","otherStructureId":null,"federalId":"PA00217","ownerNames":"US FISH AND WILDLIFE SERVICE","ownerTypeIds":"Federal","primaryOwnerTypeId":"Federal","separateStructuresCount":"0","isAssociatedStructureId":"No","designerNames":"U. S. Fish and Wildlife Service","nonFederalDamOnFederalId":"No","primaryPurposeId":"Fish and Wildlife Pond","purposeIds":"Fish and Wildlife Pond","sourceAgency":"Fish and Wildlife Service","stateFedId":"PA00217","latitude":"41.618332","longitude":"-79.973335","state":"Pennsylvania","county":"Crawford","countyState":"Crawford, Pennsylvania","city":null,"distance":null,"riverName":"Lake Creek","congDist":"Congressional District 16, Pennsylvania","stateRegulatedId":"No","jurisdictionAuthorityId":"No","stateRegulatoryAgency":null,"permittingAuthorityId":"No","inspectionAuthorityId":"No","enforcementAuthorityId":"No","fedRegulatedId":"Yes","fedOwnerIds":"Fish and Wildlife Service","fedFundingIds":null,"fedDesignIds":"Fish and Wildlife Service","fedConstructionIds":"Fish and Wildlife Service","fedRegulatoryIds":"Fish and Wildlife Service","fedInspectionIds":"Fish and Wildlife Service","fedOperationIds":"Fish and Wildlife Service","fedOtherIds":"Fish and Wildlife Service","secretaryAgricultureBuiltId":"No","nrcsWatershedAuthorizationId":"N/A","primaryDamTypeId":"Earth","damTypeIds":"Earth","coreTypeIds":"Earth","foundationTypeIds":"Soil","damHeight":"11","hydraulicHeight":"11","structuralHeight":"12","nidHeight":"12","nidHeightId":"Less than 25 feet","damLength":"960","volume":null,"yearCompleted":"1980","yearCompletedId":"1980-1989","yearsModified":"1990H;1990S;2008H;2008S","nidStorage":"186","maxStorage":"186","normalStorage":"85","surfaceArea":"28","drainageArea":"4.1","maxDischarge":"1569","spillwayTypeId":null,"spillwayWidth":"388","numberOfLocks":"0","lengthOfLocks":"0","widthOfLocks":"0","secondaryLengthOfLocks":null,"secondaryWidthOfLocks":null,"outletGateTypes":"Other Controlled","dataUpdated":"2021-05-21","inspectionDate":"2020-09-21","inspectionFrequency":"5","publicHazardId":"Low","conditionAssessId":"Fair","conditionAssessDate":"2020-09-21","eapId":"Not Required","eapLastRevDate":null,"websiteUrl":"https://www.fws.gov/","usaceDivision":"Great Lakes and Ohio River Division","usaceDistrict":"Pittsburgh District","operationalStatusId":null,"operationalStatusDate":null,"inundationNidAddedId":"No","huc2":"05","huc4":"0501","huc6":"050100","huc8":"05010004","zipcode":"16327","nation":"USA","stateKey":"PA","femaRegion":"3","femaCommunity":"Randolph township, Pennsylvania","aiannh":null,"hasDamPhotoId":"No","sectionSevenAuthorityId":"No"},"geometry":{"type":"Point","coordinates":[-79.973335,41.618332]}},
{"type":"Feature","properties":{"fid":85639,"name":"Meyers Pond Dam","otherNames":"Lower K Pond","formerNames":null,"nidId":"PA01970","otherStructureId":null,"federalId":"PA01970","ownerNames":"US FISH AND WILDLIFE SERVICE","ownerTypeIds":"Federal","primaryOwnerTypeId":"Federal","separateStructuresCount":"0","isAssociatedStructureId":"No","designerNames":"Unknown, Ducks Unlimited","nonFederalDamOnFederalId":"No","primaryPurposeId":"Fish and Wildlife Pond","purposeIds":"Fish and Wildlife Pond","sourceAgency":"Fish and Wildlife Service","stateFedId":"PA01970","latitude":"41.579102","longitude":"-79.982697","state":"Pennsylvania","county":"Crawford","countyState":"Crawford, Pennsylvania","city":null,"distance":null,"riverName":"TR-Lake Creek","congDist":"Congressional District 16, Pennsylvania","stateRegulatedId":"No","jurisdictionAuthorityId":"No","stateRegulatoryAgency":null,"permittingAuthorityId":"No","inspectionAuthorityId":"No","enforcementAuthorityId":"No","fedRegulatedId":"Yes","fedOwnerIds":"Fish and Wildlife Service","fedFundingIds":null,"fedDesignIds":null,"fedConstructionIds":null,"fedRegulatoryIds":"Fish and Wildlife Service","fedInspectionIds":"Fish and Wildlife Service","fedOperationIds":"Fish and Wildlife Service","fedOtherIds":null,"secretaryAgricultureBuiltId":"No","nrcsWatershedAuthorizationId":"N/A","primaryDamTypeId":"Earth","damTypeIds":"Earth","coreTypeIds":"Earth","foundationTypeIds":null,"damHeight":"10","hydraulicHeight":"9","structuralHeight":"10","nidHeight":"10","nidHeightId":"Less than 25 feet","damLength":"1450","volume":"20700","yearCompleted":"1967","yearCompletedId":"1960-1969","yearsModified":"1968H;1979S;1993H;2006H","nidStorage":"103","maxStorage":"103","normalStorage":"28","surfaceArea":"11","drainageArea":"0.12","maxDischarge":"1078","spillwayTypeId":null,"spillwayWidth":"80","numberOfLocks":"0","lengthOfLocks":"0","widthOfLocks":"0","secondaryLengthOfLocks":null,"secondaryWidthOfLocks":null,"outletGateTypes":"Other Controlled","dataUpdated":"2021-05-21","inspectionDate":"2020-09-21","inspectionFrequency":"5","publicHazardId":"Low","conditionAssessId":"Poor","conditionAssessDate":"2020-09-21","eapId":"Not Required","eapLastRevDate":null,"websiteUrl":"https://www.fws.gov/","usaceDivision":"Great Lakes and Ohio River Division","usaceDistrict":"Pittsburgh District","operationalStatusId":null,"operationalStatusDate":null,"inundationNidAddedId":"No","huc2":"05","huc4":"0501","huc6":"050100","huc8":"05010004","zipcode":"16314","nation":"USA","stateKey":"PA","femaRegion":"3","femaCommunity":"Wayne township, Pennsylvania","aiannh":null,"hasDamPhotoId":"No","sectionSevenAuthorityId":"No"},"geometry":{"type":"Point","coordinates":[-79.982697,41.579102]}},
{"type":"Feature","properties":{"fid":86945,"name":"Erie Pool #9 Dam","otherNames":"N/A","formerNames":"N/A","nidId":"PA01670","otherStructureId":null,"federalId":"PA01670","ownerNames":"US FISH AND WILDLIFE SERVICE","ownerTypeIds":"Federal","primaryOwnerTypeId":"Federal","separateStructuresCount":"0","isAssociatedStructureId":"No","designerNames":"Bureau of Sport Fisheries and Wildlife, USFWS","nonFederalDamOnFederalId":"No","primaryPurposeId":"Fish and Wildlife Pond","purposeIds":"Fish and Wildlife Pond;Other","sourceAgency":"Fish and Wildlife Service","stateFedId":"PA01670","latitude":"41.579998","longitude":"-79.988327","state":"Pennsylvania","county":"Crawford","countyState":"Crawford, Pennsylvania","city":"Cooperstown, PA","distance":"8","riverName":"Lake Creek","congDist":"Congressional District 16, Pennsylvania","stateRegulatedId":"No","jurisdictionAuthorityId":"No","stateRegulatoryAgency":null,"permittingAuthorityId":"No","inspectionAuthorityId":"No","enforcementAuthorityId":"No","fedRegulatedId":"Yes","fedOwnerIds":"Fish and Wildlife Service","fedFundingIds":null,"fedDesignIds":null,"fedConstructionIds":null,"fedRegulatoryIds":"Fish and Wildlife Service","fedInspectionIds":"Fish and Wildlife Service","fedOperationIds":"Fish and Wildlife Service","fedOtherIds":"Fish and Wildlife Service","secretaryAgricultureBuiltId":"No","nrcsWatershedAuthorizationId":"N/A","primaryDamTypeId":"Earth","damTypeIds":"Earth","coreTypeIds":"Earth","foundationTypeIds":"Soil","damHeight":"15","hydraulicHeight":"12","structuralHeight":"22","nidHeight":"22","nidHeightId":"Less than 25 feet","damLength":"1200","volume":"21600","yearCompleted":"1968","yearCompletedId":"1960-1969","yearsModified":"2000H;2000O;2000S","nidStorage":"1000","maxStorage":"1000","normalStorage":"180","surfaceArea":"83","drainageArea":"11","maxDischarge":"11389","spillwayTypeId":null,"spillwayWidth":"818","numberOfLocks":"0","lengthOfLocks":"0","widthOfLocks":"0","secondaryLengthOfLocks":null,"secondaryWidthOfLocks":null,"outletGateTypes":"Other Controlled","dataUpdated":"2021-05-21","inspectionDate":"2020-09-21","inspectionFrequency":"5","publicHazardId":"Low","conditionAssessId":"Satisfactory","conditionAssessDate":"2020-09-21","eapId":"Not Required","eapLastRevDate":null,"websiteUrl":"https://www.fws.gov/","usaceDivision":"Great Lakes and Ohio River Division","usaceDistrict":"Pittsburgh District","operationalStatusId":null,"operationalStatusDate":null,"inundationNidAddedId":"No","huc2":"05","huc4":"0501","huc6":"050100","huc8":"05010004","zipcode":"16314","nation":"USA","stateKey":"PA","femaRegion":"3","femaCommunity":"Wayne township, Pennsylvania","aiannh":null,"hasDamPhotoId":"No","sectionSevenAuthorityId":"No"},"geometry":{"type":"Point","coordinates":[-79.988327,41.579998]}},
{"type":"Feature","properties":{"fid":92465,"name":"Woodcock Creek Dam","otherNames":"Woodcock Creek Lake","formerNames":null,"nidId":"PA00108","otherStructureId":null,"federalId":"PA00108","ownerNames":"USACE - Pittsburgh District","ownerTypeIds":"Federal","primaryOwnerTypeId":"Federal","separateStructuresCount":"0","isAssociatedStructureId":"No","designerNames":"CELRP","nonFederalDamOnFederalId":"No","primaryPurposeId":"Flood Risk Reduction","purposeIds":"Flood Risk Reduction;Other;Fish and Wildlife Pond;Recreation","sourceAgency":"US Army Corps of Engineers","stateFedId":"PA00108","latitude":"41.6972974560001","longitude":"-80.102185102","state":"Pennsylvania","county":"Crawford","countyState":"Crawford, Pennsylvania","city":"Meadville","distance":null,"riverName":"Woodcock Creek","congDist":"Congressional District 16, Pennsylvania","stateRegulatedId":"No","jurisdictionAuthorityId":"No","stateRegulatoryAgency":null,"permittingAuthorityId":"No","inspectionAuthorityId":"No","enforcementAuthorityId":"No","fedRegulatedId":"Yes","fedOwnerIds":"US Army Corps of Engineers","fedFundingIds":"US Army Corps of Engineers","fedDesignIds":"US Army Corps of Engineers","fedConstructionIds":"US Army Corps of Engineers","fedRegulatoryIds":"US Army Corps of Engineers","fedInspectionIds":"US Army Corps of Engineers","fedOperationIds":"US Army Corps of Engineers","fedOtherIds":"US Army Corps of Engineers","secretaryAgricultureBuiltId":null,"nrcsWatershedAuthorizationId":null,"primaryDamTypeId":"Earth","damTypeIds":"Earth","coreTypeIds":"Earth","foundationTypeIds":"Soil","damHeight":null,"hydraulicHeight":"85","structuralHeight":"90","nidHeight":"90","nidHeightId":"51-100 feet","damLength":"4650","volume":"2031900","yearCompleted":"1973","yearCompletedId":"1970-1979","yearsModified":null,"nidStorage":"31540","maxStorage":"31540","normalStorage":"4930","surfaceArea":"325","drainageArea":"46","maxDischarge":"24400","spillwayTypeId":"Uncontrolled","spillwayWidth":"141","numberOfLocks":"0","lengthOfLocks":"0","widthOfLocks":"0","secondaryLengthOfLocks":null,"secondaryWidthOfLocks":null,"outletGateTypes":"Slide (sluice gate)6","dataUpdated":"2026-09-16","inspectionDate":"2024-05-08","inspectionFrequency":"5","publicHazardId":"High","conditionAssessId":"Not Available","conditionAssessDate":null,"eapId":"Yes","eapLastRevDate":"2017-05-05","websiteUrl":"https://www.usace.army.mil/Missions/Civil-Works/Dam-Safety-Program/Article/2870967/dam-safety-program/","usaceDivision":"Great Lakes and Ohio River Division","usaceDistrict":"Pittsburgh District","operationalStatusId":"Normal Operations","operationalStatusDate":"2025-11-22","inundationNidAddedId":"Yes","huc2":"05","huc4":"0501","huc6":"050100","huc8":"05010004","zipcode":"16433","nation":"USA","stateKey":"PA","femaRegion":"3","femaCommunity":"Woodcock township, Pennsylvania","aiannh":null,"hasDamPhotoId":"Yes","sectionSevenAuthorityId":"No"},"geometry":{"type":"Point","coordinates":[-80.102185102,41.697297456000101]}},
{"type":"Feature","properties":{"fid":92534,"name":"Union City Dam","otherNames":"Union City Lake","formerNames":null,"nidId":"PA00103","otherStructureId":null,"federalId":"PA00103","ownerNames":"USACE - Pittsburgh District","ownerTypeIds":"Federal","primaryOwnerTypeId":"Federal","separateStructuresCount":"0","isAssociatedStructureId":"No","designerNames":"CELRP","nonFederalDamOnFederalId":"No","primaryPurposeId":"Flood Risk Reduction","purposeIds":"Flood Risk Reduction;Other;Fish and Wildlife Pond;Recreation","sourceAgency":"US Army Corps of Engineers","stateFedId":"PA00103","latitude":"41.9204990110001","longitude":"-79.900351499","state":"Pennsylvania","county":"Erie","countyState":"Erie, Pennsylvania","city":"Union City","distance":null,"riverName":"French Creek","congDist":"Congressional District 16, Pennsylvania","stateRegulatedId":"No","jurisdictionAuthorityId":"No","stateRegulatoryAgency":null,"permittingAuthorityId":"No","inspectionAuthorityId":"No","enforcementAuthorityId":"No","fedRegulatedId":"Yes","fedOwnerIds":"US Army Corps of Engineers","fedFundingIds":"US Army Corps of Engineers","fedDesignIds":"US Army Corps of Engineers","fedConstructionIds":"US Army Corps of Engineers","fedRegulatoryIds":"US Army Corps of Engineers","fedInspectionIds":"US Army Corps of Engineers","fedOperationIds":"US Army Corps of Engineers","fedOtherIds":"US Army Corps of Engineers","secretaryAgricultureBuiltId":null,"nrcsWatershedAuthorizationId":null,"primaryDamTypeId":"Earth","damTypeIds":"Earth","coreTypeIds":"Earth","foundationTypeIds":"Rock;Soil","damHeight":null,"hydraulicHeight":"83","structuralHeight":"88","nidHeight":"88","nidHeightId":"51-100 feet","damLength":"1420","volume":"1112600","yearCompleted":"1971","yearCompletedId":"1970-1979","yearsModified":null,"nidStorage":"94000","maxStorage":"94000","normalStorage":"0","surfaceArea":"1","drainageArea":"222","maxDischarge":"64000","spillwayTypeId":"Uncontrolled","spillwayWidth":"268","numberOfLocks":"0","lengthOfLocks":"0","widthOfLocks":"0","secondaryLengthOfLocks":null,"secondaryWidthOfLocks":null,"outletGateTypes":"Slide (sluice gate)1;Uncontrolled1","dataUpdated":"2026-09-16","inspectionDate":"2024-06-28","inspectionFrequency":"5","publicHazardId":"High","conditionAssessId":"Not Available","conditionAssessDate":null,"eapId":"Yes","eapLastRevDate":"2017-05-05","websiteUrl":"https://www.usace.army.mil/Missions/Civil-Works/Dam-Safety-Program/Article/2870967/dam-safety-program/","usaceDivision":"Great Lakes and Ohio River Division","usaceDistrict":"Pittsburgh District","operationalStatusId":"Normal Operations","operationalStatusDate":"2025-11-22","inundationNidAddedId":"Yes","huc2":"05","huc4":"0501","huc6":"050100","huc8":"05010004","zipcode":"16441","nation":"USA","stateKey":"PA","femaRegion":"3","femaCommunity":"Waterford township, Pennsylvania","aiannh":null,"hasDamPhotoId":"Yes","sectionSevenAuthorityId":"No"},"geometry":{"type":"Point","coordinates":[-79.900351499,41.920499011000103]}},
{"type":"Feature","properties":{"fid":50620,"name":"Amerikohl Management","otherNames":null,"formerNames":null,"nidId":"PA01526","otherStructureId":null,"federalId":"PA01526","ownerNames":"PETROLEUM VALLEY YOUTH COALITION","ownerTypeIds":"Private","primaryOwnerTypeId":"Private","separateStructuresCount":"0","isAssociatedStructureId":"No","designerNames":null,"nonFederalDamOnFederalId":"No","primaryPurposeId":"Other","purposeIds":"Other","sourceAgency":"Pennsylvania","stateFedId":"D10-081","latitude":"40.96361111","longitude":"-79.72611111","state":"Pennsylvania","county":"Butler","countyState":"Butler, Pennsylvania","city":null,"distance":null,"riverName":"Tr Buffalo Creek","congDist":"Congressional District 16, Pennsylvania","stateRegulatedId":"Yes","jurisdictionAuthorityId":"Yes","stateRegulatoryAgency":"Pennsylvania Department of Environmental Protection","permittingAuthorityId":"Yes","inspectionAuthorityId":"Yes","enforcementAuthorityId":"Yes","fedRegulatedId":"No","fedOwnerIds":null,"fedFundingIds":null,"fedDesignIds":null,"fedConstructionIds":null,"fedRegulatoryIds":null,"fedInspectionIds":null,"fedOperationIds":null,"fedOtherIds":null,"secretaryAgricultureBuiltId":"No","nrcsWatershedAuthorizationId":"N/A","primaryDamTypeId":"Earth","damTypeIds":"Earth","coreTypeIds":"Unlisted/Unknown;Unlisted/Unknown","foundationTypeIds":"Unlisted/Unknown","damHeight":"29","hydraulicHeight":null,"structuralHeight":null,"nidHeight":"29","nidHeightId":"25-50 feet","damLength":"377","volume":null,"yearCompleted":"1983","yearCompletedId":"1980-1989","yearsModified":null,"nidStorage":"50","maxStorage":"50","normalStorage":"29","surfaceArea":"4","drainageArea":"0.3","maxDischarge":null,"spillwayTypeId":null,"spillwayWidth":null,"numberOfLocks":null,"lengthOfLocks":null,"widthOfLocks":null,"secondaryLengthOfLocks":null,"secondaryWidthOfLocks":null,"outletGateTypes":null,"dataUpdated":"2021-04-09","inspectionDate":"2019-06-25","inspectionFrequency":"5","publicHazardId":"Low","conditionAssessId":"Not Rated","conditionAssessDate":null,"eapId":"Not Required","eapLastRevDate":null,"websiteUrl":"https://damsafety.org/pennsylvania","usaceDivision":"Great Lakes and Ohio River Division","usaceDistrict":"Pittsburgh District","operationalStatusId":null,"operationalStatusDate":null,"inundationNidAddedId":"No","huc2":"05","huc4":"0501","huc6":"050100","huc8":"05010009","zipcode":"16025","nation":"USA","stateKey":"PA","femaRegion":"3","femaCommunity":"Fairview township, Pennsylvania","aiannh":null,"hasDamPhotoId":"No","sectionSevenAuthorityId":"No"},"geometry":{"type":"Point","coordinates":[-79.72611111,40.96361111]}},
{"type":"Feature","properties":{"fid":60654,"name":"Kelly Farm","otherNames":null,"formerNames":null,"nidId":"PA01667","otherStructureId":null,"federalId":"PA01667","ownerNames":"DENNIS KELLY","ownerTypeIds":"Private","primaryOwnerTypeId":"Private","separateStructuresCount":"0","isAssociatedStructureId":"No","designerNames":null,"nonFederalDamOnFederalId":"No","primaryPurposeId":"Other","purposeIds":"Other","sourceAgency":"Pennsylvania","stateFedId":"D10-111","latitude":"41.005","longitude":"-79.74138889","state":"Pennsylvania","county":"Butler","countyState":"Butler, Pennsylvania","city":null,"distance":null,"riverName":"Tr South Branch Bear Creek","congDist":"Congressional District 16, Pennsylvania","stateRegulatedId":"Yes","jurisdictionAuthorityId":"Yes","stateRegulatoryAgency":"Pennsylvania Department of Environmental Protection","permittingAuthorityId":"Yes","inspectionAuthorityId":"Yes","enforcementAuthorityId":"Yes","fedRegulatedId":"No","fedOwnerIds":null,"fedFundingIds":null,"fedDesignIds":null,"fedConstructionIds":null,"fedRegulatoryIds":null,"fedInspectionIds":null,"fedOperationIds":null,"fedOtherIds":null,"secretaryAgricultureBuiltId":"No","nrcsWatershedAuthorizationId":"N/A","primaryDamTypeId":"Earth","damTypeIds":"Earth","coreTypeIds":"Unlisted/Unknown;Unlisted/Unknown","foundationTypeIds":"Unlisted/Unknown","damHeight":"30","hydraulicHeight":null,"structuralHeight":null,"nidHeight":"30","nidHeightId":"25-50 feet","damLength":"530","volume":null,"yearCompleted":null,"yearCompletedId":"Undetermined","yearsModified":null,"nidStorage":"31.1","maxStorage":"31.1","normalStorage":null,"surfaceArea":null,"drainageArea":"0.04","maxDischarge":null,"spillwayTypeId":null,"spillwayWidth":null,"numberOfLocks":null,"lengthOfLocks":null,"widthOfLocks":null,"secondaryLengthOfLocks":null,"secondaryWidthOfLocks":null,"outletGateTypes":null,"dataUpdated":"2021-04-09","inspectionDate":"2018-06-28","inspectionFrequency":"2","publicHazardId":"Significant","conditionAssessId":"Unsatisfactory","conditionAssessDate":null,"eapId":"No","eapLastRevDate":null,"websiteUrl":"https://damsafety.org/pennsylvania","usaceDivision":"Great Lakes and Ohio River Division","usaceDistrict":"Pittsburgh District","operationalStatusId":null,"operationalStatusDate":null,"inundationNidAddedId":"No","huc2":"05","huc4":"0501","huc6":"050100","huc8":"05010006","zipcode":"16041","nation":"USA","stateKey":"PA","femaRegion":"3","femaCommunity":"Fairview township, Pennsylvania","aiannh":null,"hasDamPhotoId":"No","sectionSevenAuthorityId":"No"},"geometry":{"type":"Point","coordinates":[-79.74138889,41.005]}},
{"type":"Feature","properties":{"fid":63157,"name":"Indspec No 3","otherNames":null,"formerNames":null,"nidId":"PA00902","otherStructureId":null,"federalId":"PA00902","ownerNames":"INDSPEC CHEMICAL CORPORATION","ownerTypeIds":"Private","primaryOwnerTypeId":"Private","separateStructuresCount":"0","isAssociatedStructureId":"No","designerNames":null,"nonFederalDamOnFederalId":"No","primaryPurposeId":"Grade Stabilization","purposeIds":"Grade Stabilization","sourceAgency":"Pennsylvania","stateFedId":"D10-074","latitude":"41.02111111","longitude":"-79.71027778","state":"Pennsylvania","county":"Butler","countyState":"Butler, Pennsylvania","city":null,"distance":null,"riverName":"Tr South Branch Bear Creek","congDist":"Congressional District 16, Pennsylvania","stateRegulatedId":"Yes","jurisdictionAuthorityId":"Yes","stateRegulatoryAgency":"Pennsylvania Department of Environmental Protection","permittingAuthorityId":"Yes","inspectionAuthorityId":"Yes","enforcementAuthorityId":"Yes","fedRegulatedId":"No","fedOwnerIds":null,"fedFundingIds":null,"fedDesignIds":null,"fedConstructionIds":null,"fedRegulatoryIds":null,"fedInspectionIds":null,"fedOperationIds":null,"fedOtherIds":null,"secretaryAgricultureBuiltId":"No","nrcsWatershedAuthorizationId":"N/A","primaryDamTypeId":"Earth","damTypeIds":"Earth","coreTypeIds":"Unlisted/Unknown;Unlisted/Unknown","foundationTypeIds":"Unlisted/Unknown","damHeight":"59","hydraulicHeight":null,"structuralHeight":null,"nidHeight":"59","nidHeightId":"51-100 feet","damLength":"710","volume":null,"yearCompleted":"1975","yearCompletedId":"1970-1979","yearsModified":null,"nidStorage":"278","maxStorage":"278","normalStorage":"181","surfaceArea":"10","drainageArea":"0.6","maxDischarge":null,"spillwayTypeId":null,"spillwayWidth":null,"numberOfLocks":null,"lengthOfLocks":null,"widthOfLocks":null,"secondaryLengthOfLocks":null,"secondaryWidthOfLocks":null,"outletGateTypes":null,"dataUpdated":"2021-04-09","inspectionDate":"2020-10-06","inspectionFrequency":"1","publicHazardId":"High","conditionAssessId":"Fair","conditionAssessDate":null,"eapId":"Yes","eapLastRevDate":null,"websiteUrl":"https://damsafety.org/pennsylvania","usaceDivision":"Great Lakes and Ohio River Division","usaceDistrict":"Pittsburgh District","operationalStatusId":null,"operationalStatusDate":null,"inundationNidAddedId":"No","huc2":"05","huc4":"0501","huc6":"050100","huc8":"05010006","zipcode":"16050","nation":"USA","stateKey":"PA","femaRegion":"3","femaCommunity":"Fairview township, Pennsylvania","aiannh":null,"hasDamPhotoId":"No","sectionSevenAuthorityId":"No"},"geometry":{"type":"Point","coordinates":[-79.71027778,41.02111111]}},
{"type":"Feature","properties":{"fid":40490,"name":"Johnston","otherNames":null,"formerNames":null,"nidId":"PA01075","otherStructureId":null,"federalId":"PA01075","ownerNames":"ROBERT J. JOHNSTON","ownerTypeIds":"Private","primaryOwnerTypeId":"Private","separateStructuresCount":"0","isAssociatedStructureId":"No","designerNames":null,"nonFederalDamOnFederalId":"No","primaryPurposeId":"Recreation","purposeIds":"Recreation","sourceAgency":"Pennsylvania","stateFedId":"D10-075","latitude":"41.155","longitude":"-79.77","state":"Pennsylvania","county":"Butler","countyState":"Butler, Pennsylvania","city":null,"distance":null,"riverName":"Tr Carrs Run","congDist":"Congressional District 16, Pennsylvania","stateRegulatedId":"Yes","jurisdictionAuthorityId":"Yes","stateRegulatoryAgency":"Pennsylvania Department of Environmental Protection","permittingAuthorityId":"Yes","inspectionAuthorityId":"Yes","enforcementAuthorityId":"Yes","fedRegulatedId":"No","fedOwnerIds":null,"fedFundingIds":null,"fedDesignIds":null,"fedConstructionIds":null,"fedRegulatoryIds":null,"fedInspectionIds":null,"fedOperationIds":null,"fedOtherIds":null,"secretaryAgricultureBuiltId":"No","nrcsWatershedAuthorizationId":"N/A","primaryDamTypeId":"Earth","damTypeIds":"Earth","coreTypeIds":"Unlisted/Unknown;Unlisted/Unknown","foundationTypeIds":"Unlisted/Unknown","damHeight":"26","hydraulicHeight":null,"structuralHeight":null,"nidHeight":"26","nidHeightId":"25-50 feet","damLength":"925","volume":null,"yearCompleted":"1978","yearCompletedId":"1970-1979","yearsModified":null,"nidStorage":"281","maxStorage":"281","normalStorage":"221","surfaceArea":"20","drainageArea":"0.42","maxDischarge":null,"spillwayTypeId":null,"spillwayWidth":null,"numberOfLocks":null,"lengthOfLocks":null,"widthOfLocks":null,"secondaryLengthOfLocks":null,"secondaryWidthOfLocks":null,"outletGateTypes":null,"dataUpdated":"2021-04-09","inspectionDate":"2015-06-11","inspectionFrequency":"5","publicHazardId":"Low","conditionAssessId":"Not Rated","conditionAssessDate":null,"eapId":"Not Required","eapLastRevDate":null,"websiteUrl":"https://damsafety.org/pennsylvania","usaceDivision":"Great Lakes and Ohio River Division","usaceDistrict":"Pittsburgh District","operationalStatusId":null,"operationalStatusDate":null,"inundationNidAddedId":"No","huc2":"05","huc4":"0501","huc6":"050100","huc8":"05010003","zipcode":"16373","nation":"USA","stateKey":"PA","femaRegion":"3","femaCommunity":"Allegheny township, Pennsylvania","aiannh":null,"hasDamPhotoId":"No","sectionSevenAuthorityId":"No"},"geometry":{"type":"Point","coordinates":[-79.77,41.155]}},
{"type":"Feature","properties":{"fid":46379,"name":"Kahle Lake","otherNames":null,"formerNames":null,"nidId":"PA00825","otherStructureId":null,"federalId":"PA00825","ownerNames":"PA FISH & BOAT COMMISSION","ownerTypeIds":"State","primaryOwnerTypeId":"State","separateStructuresCount":"0","isAssociatedStructureId":"No","designerNames":null,"nonFederalDamOnFederalId":"No","primaryPurposeId":"Recreation","purposeIds":"Recreation","sourceAgency":"Pennsylvania","stateFedId":"D61-020","latitude":"41.23527778","longitude":"-79.66222222","state":"Pennsylvania","county":"Venango","countyState":"Venango, Pennsylvania","city":null,"distance":null,"riverName":"Mill Creek","congDist":"Congressional District 15, Pennsylvania","stateRegulatedId":"Yes","jurisdictionAuthorityId":"Yes","stateRegulatoryAgency":"Pennsylvania Department of Environmental Protection","permittingAuthorityId":"Yes","inspectionAuthorityId":"Yes","enforcementAuthorityId":"Yes","fedRegulatedId":"No","fedOwnerIds":null,"fedFundingIds":null,"fedDesignIds":null,"fedConstructionIds":null,"fedRegulatoryIds":null,"fedInspectionIds":null,"fedOperationIds":null,"fedOtherIds":null,"secretaryAgricultureBuiltId":"No","nrcsWatershedAuthorizationId":"N/A","primaryDamTypeId":"Earth","damTypeIds":"Earth","coreTypeIds":"Unlisted/Unknown;Unlisted/Unknown","foundationTypeIds":"Unlisted/Unknown","damHeight":"45","hydraulicHeight":null,"structuralHeight":null,"nidHeight":"45","nidHeightId":"25-50 feet","damLength":"1143","volume":null,"yearCompleted":"1974","yearCompletedId":"1970-1979","yearsModified":"2005S","nidStorage":"5800","maxStorage":"5800","normalStorage":"4100","surfaceArea":"251","drainageArea":"4.5","maxDischarge":null,"spillwayTypeId":null,"spillwayWidth":null,"numberOfLocks":null,"lengthOfLocks":null,"widthOfLocks":null,"secondaryLengthOfLocks":null,"secondaryWidthOfLocks":null,"outletGateTypes":null,"dataUpdated":"2021-04-09","inspectionDate":"2020-07-31","inspectionFrequency":"2","publicHazardId":"Significant","conditionAssessId":"Not Rated","conditionAssessDate":null,"eapId":"Yes","eapLastRevDate":null,"websiteUrl":"https://damsafety.org/pennsylvania","usaceDivision":"Great Lakes and Ohio River Division","usaceDistrict":"Pittsburgh District","operationalStatusId":null,"operationalStatusDate":null,"inundationNidAddedId":"No","huc2":"05","huc4":"0501","huc6":"050100","huc8":"05010003","zipcode":"16373","nation":"USA","stateKey":"PA","femaRegion":"3","femaCommunity":"Richland township, Pennsylvania","aiannh":null,"hasDamPhotoId":"No","sectionSevenAuthorityId":"No"},"geometry":{"type":"Point","coordinates":[-79.66222222,41.23527778]}},
{"type":"Feature","properties":{"fid":54302,"name":"Ft Charles Young","otherNames":null,"formerNames":null,"nidId":"PA01655","otherStructureId":null,"federalId":"PA01655","ownerNames":"VISIONQUEST, INC.","ownerTypeIds":"Private","primaryOwnerTypeId":"Private","separateStructuresCount":"0","isAssociatedStructureId":"No","designerNames":null,"nonFederalDamOnFederalId":"No","primaryPurposeId":"Recreation","purposeIds":"Recreation","sourceAgency":"Pennsylvania","stateFedId":"D61-023","latitude":"41.33055556","longitude":"-79.84111111","state":"Pennsylvania","county":"Venango","countyState":"Venango, Pennsylvania","city":null,"distance":null,"riverName":"Tr Allegheny River","congDist":"Congressional District 16, Pennsylvania","stateRegulatedId":"Yes","jurisdictionAuthorityId":"Yes","stateRegulatoryAgency":"Pennsylvania Department of Environmental Protection","permittingAuthorityId":"Yes","inspectionAuthorityId":"Yes","enforcementAuthorityId":"Yes","fedRegulatedId":"No","fedOwnerIds":null,"fedFundingIds":null,"fedDesignIds":null,"fedConstructionIds":null,"fedRegulatoryIds":null,"fedInspectionIds":null,"fedOperationIds":null,"fedOtherIds":null,"secretaryAgricultureBuiltId":"No","nrcsWatershedAuthorizationId":"N/A","primaryDamTypeId":"Earth","damTypeIds":"Earth","coreTypeIds":"Unlisted/Unknown;Unlisted/Unknown","foundationTypeIds":"Unlisted/Unknown","damHeight":"75","hydraulicHeight":null,"structuralHeight":null,"nidHeight":"75","nidHeightId":"51-100 feet","damLength":null,"volume":null,"yearCompleted":null,"yearCompletedId":"Undetermined","yearsModified":null,"nidStorage":"31.93","maxStorage":"31.93","normalStorage":null,"surfaceArea":null,"drainageArea":"0.82","maxDischarge":null,"spillwayTypeId":null,"spillwayWidth":null,"numberOfLocks":null,"lengthOfLocks":null,"widthOfLocks":null,"secondaryLengthOfLocks":null,"secondaryWidthOfLocks":null,"outletGateTypes":null,"dataUpdated":"2021-04-09","inspectionDate":"2016-07-05","inspectionFrequency":"5","publicHazardId":"Low","conditionAssessId":"Not Rated","conditionAssessDate":null,"eapId":"Not Required","eapLastRevDate":null,"websiteUrl":"https://damsafety.org/pennsylvania","usaceDivision":"Great Lakes and Ohio River Division","usaceDistrict":"Pittsburgh District","operationalStatusId":null,"operationalStatusDate":null,"inundationNidAddedId":"No","huc2":"05","huc4":"0501","huc6":"050100","huc8":"05010003","zipcode":"16323","nation":"USA","stateKey":"PA","femaRegion":"3","femaCommunity":"Sandycreek township, Pennsylvania","aiannh":null,"hasDamPhotoId":"No","sectionSevenAuthorityId":"No"},"geometry":{"type":"Point","coordinates":[-79.84111111,41.33055556]}},
{"type":"Feature","properties":{"fid":49863,"name":"Culbertson","otherNames":null,"formerNames":null,"nidId":"PA01785","otherStructureId":null,"federalId":"PA01785","ownerNames":"TIMOTHY R. CULBERTSON","ownerTypeIds":"Private","primaryOwnerTypeId":"Private","separateStructuresCount":"0","isAssociatedStructureId":"No","designerNames":null,"nonFederalDamOnFederalId":"No","primaryPurposeId":"Other","purposeIds":"Other","sourceAgency":"Pennsylvania","stateFedId":"D61-018","latitude":"41.415","longitude":"-79.92277778","state":"Pennsylvania","county":"Venango","countyState":"Venango, Pennsylvania","city":null,"distance":null,"riverName":"Tr French Creek","congDist":"Congressional District 16, Pennsylvania","stateRegulatedId":"Yes","jurisdictionAuthorityId":"Yes","stateRegulatoryAgency":"Pennsylvania Department of Environmental Protection","permittingAuthorityId":"Yes","inspectionAuthorityId":"Yes","enforcementAuthorityId":"Yes","fedRegulatedId":"No","fedOwnerIds":null,"fedFundingIds":null,"fedDesignIds":null,"fedConstructionIds":null,"fedRegulatoryIds":null,"fedInspectionIds":null,"fedOperationIds":null,"fedOtherIds":null,"secretaryAgricultureBuiltId":"No","nrcsWatershedAuthorizationId":"N/A","primaryDamTypeId":"Earth","damTypeIds":"Earth","coreTypeIds":"Unlisted/Unknown;Unlisted/Unknown","foundationTypeIds":"Unlisted/Unknown","damHeight":"12","hydraulicHeight":null,"structuralHeight":null,"nidHeight":"12","nidHeightId":"Less than 25 feet","damLength":"250","volume":null,"yearCompleted":null,"yearCompletedId":"Undetermined","yearsModified":null,"nidStorage":"55","maxStorage":"55","normalStorage":null,"surfaceArea":null,"drainageArea":"0.3","maxDischarge":null,"spillwayTypeId":null,"spillwayWidth":null,"numberOfLocks":null,"lengthOfLocks":null,"widthOfLocks":null,"secondaryLengthOfLocks":null,"secondaryWidthOfLocks":null,"outletGateTypes":null,"dataUpdated":"2021-04-09","inspectionDate":"2017-06-08","inspectionFrequency":"5","publicHazardId":"Low","conditionAssessId":"Not Rated","conditionAssessDate":null,"eapId":"Not Required","eapLastRevDate":null,"websiteUrl":"https://damsafety.org/pennsylvania","usaceDivision":"Great Lakes and Ohio River Division","usaceDistrict":"Pittsburgh District","operationalStatusId":null,"operationalStatusDate":null,"inundationNidAddedId":"No","huc2":"05","huc4":"0501","huc6":"050100","huc8":"05010004","zipcode":"16323","nation":"USA","stateKey":"PA","femaRegion":"3","femaCommunity":"Sugarcreek borough, Pennsylvania","aiannh":null,"hasDamPhotoId":"No","sectionSevenAuthorityId":"No"},"geometry":{"type":"Point","coordinates":[-79.92277778,41.415]}},
{"type":"Feature","properties":{"fid":69731,"name":"Indspec No 2","otherNames":null,"formerNames":null,"nidId":"PA01210","otherStructureId":null,"federalId":"PA01210","ownerNames":"INDSPEC CHEMICAL CORPORATION","ownerTypeIds":"Private","primaryOwnerTypeId":"Private","separateStructuresCount":"0","isAssociatedStructureId":"No","designerNames":null,"nonFederalDamOnFederalId":"No","primaryPurposeId":"Grade Stabilization","purposeIds":"Grade Stabilization","sourceAgency":"Pennsylvania","stateFedId":"D10-079","latitude":"41.025","longitude":"-79.71777778","state":"Pennsylvania","county":"Butler","countyState":"Butler, Pennsylvania","city":null,"distance":null,"riverName":"Tr South Branch Bear Creek","congDist":"Congressional District 16, Pennsylvania","stateRegulatedId":"Yes","jurisdictionAuthorityId":"Yes","stateRegulatoryAgency":"Pennsylvania Department of Environmental Protection","permittingAuthorityId":"Yes","inspectionAuthorityId":"Yes","enforcementAuthorityId":"Yes","fedRegulatedId":"No","fedOwnerIds":null,"fedFundingIds":null,"fedDesignIds":null,"fedConstructionIds":null,"fedRegulatoryIds":null,"fedInspectionIds":null,"fedOperationIds":null,"fedOtherIds":null,"secretaryAgricultureBuiltId":"No","nrcsWatershedAuthorizationId":"N/A","primaryDamTypeId":"Earth","damTypeIds":"Earth","coreTypeIds":"Unlisted/Unknown;Unlisted/Unknown","foundationTypeIds":"Unlisted/Unknown","damHeight":"27","hydraulicHeight":null,"structuralHeight":null,"nidHeight":"27","nidHeightId":"25-50 feet","damLength":"360","volume":null,"yearCompleted":"1950","yearCompletedId":"1950-1959","yearsModified":null,"nidStorage":"37","maxStorage":"37","normalStorage":"25","surfaceArea":"2","drainageArea":"0.34","maxDischarge":null,"spillwayTypeId":null,"spillwayWidth":null,"numberOfLocks":null,"lengthOfLocks":null,"widthOfLocks":null,"secondaryLengthOfLocks":null,"secondaryWidthOfLocks":null,"outletGateTypes":null,"dataUpdated":"2021-04-09","inspectionDate":"2020-10-06","inspectionFrequency":"1","publicHazardId":"High","conditionAssessId":"Satisfactory","conditionAssessDate":null,"eapId":"Yes","eapLastRevDate":null,"websiteUrl":"https://damsafety.org/pennsylvania","usaceDivision":"Great Lakes and Ohio River Division","usaceDistrict":"Pittsburgh District","operationalStatusId":null,"operationalStatusDate":null,"inundationNidAddedId":"No","huc2":"05","huc4":"0501","huc6":"050100","huc8":"05010006","zipcode":"16050","nation":"USA","stateKey":"PA","femaRegion":"3","femaCommunity":"Petrolia borough, Pennsylvania","aiannh":null,"hasDamPhotoId":"No","sectionSevenAuthorityId":"No"},"geometry":{"type":"Point","coordinates":[-79.71777778,41.025]}},
{"type":"Feature","properties":{"fid":74023,"name":"Lake Wilhelm (Pa-475)","otherNames":null,"formerNames":null,"nidId":"PA00900","otherStructureId":null,"federalId":"PA00900","ownerNames":"DCNR","ownerTypeIds":"State","primaryOwnerTypeId":"State","separateStructuresCount":"0","isAssociatedStructureId":"No","designerNames":"USDA NRCS","nonFederalDamOnFederalId":"No","primaryPurposeId":"Flood Risk Reduction","purposeIds":"Flood Risk Reduction;Recreation","sourceAgency":"Pennsylvania","stateFedId":"D43-053","latitude":"41.36833333","longitude":"-80.08611111","state":"Pennsylvania","county":"Mercer","countyState":"Mercer, Pennsylvania","city":null,"distance":null,"riverName":"Sandy Creek","congDist":"Congressional District 16, Pennsylvania","stateRegulatedId":"Yes","jurisdictionAuthorityId":"Yes","stateRegulatoryAgency":"Pennsylvania Department of Environmental Protection","permittingAuthorityId":"Yes","inspectionAuthorityId":"Yes","enforcementAuthorityId":"Yes","fedRegulatedId":"No","fedOwnerIds":null,"fedFundingIds":"Natural Resources Conservation Service","fedDesignIds":"Natural Resources Conservation Service","fedConstructionIds":"Natural Resources Conservation Service","fedRegulatoryIds":null,"fedInspectionIds":"Natural Resources Conservation Service","fedOperationIds":null,"fedOtherIds":null,"secretaryAgricultureBuiltId":"Yes","nrcsWatershedAuthorizationId":"Watershed Protection and Flood Prevention Act of 1954 (Public Law 83-566)","primaryDamTypeId":"Earth","damTypeIds":"Earth","coreTypeIds":"Unlisted/Unknown;Unlisted/Unknown","foundationTypeIds":"Unlisted/Unknown","damHeight":"50","hydraulicHeight":null,"structuralHeight":null,"nidHeight":"50","nidHeightId":"51-100 feet","damLength":"500","volume":null,"yearCompleted":"1969","yearCompletedId":"1960-1969","yearsModified":null,"nidStorage":"66400","maxStorage":"66400","normalStorage":"17825","surfaceArea":"1680","drainageArea":"56.5","maxDischarge":null,"spillwayTypeId":null,"spillwayWidth":null,"numberOfLocks":null,"lengthOfLocks":null,"widthOfLocks":null,"secondaryLengthOfLocks":null,"secondaryWidthOfLocks":null,"outletGateTypes":null,"dataUpdated":"2021-05-24","inspectionDate":"2020-09-09","inspectionFrequency":"1","publicHazardId":"High","conditionAssessId":"Satisfactory","conditionAssessDate":null,"eapId":"Yes","eapLastRevDate":null,"websiteUrl":"https://damsafety.org/pennsylvania","usaceDivision":"Great Lakes and Ohio River Division","usaceDistrict":"Pittsburgh District","operationalStatusId":null,"operationalStatusDate":null,"inundationNidAddedId":"No","huc2":"05","huc4":"0501","huc6":"050100","huc8":"05010003","zipcode":"16145","nation":"USA","stateKey":"PA","femaRegion":"3","femaCommunity":"Sandy Lake township, Pennsylvania","aiannh":null,"hasDamPhotoId":"No","sectionSevenAuthorityId":"No"},"geometry":{"type":"Point","coordinates":[-80.08611111,41.36833333]}},
{"type":"Feature","properties":{"fid":75224,"name":"Stoneboro (Pa-474)","otherNames":null,"formerNames":null,"nidId":"PA00249","otherStructureId":null,"federalId":"PA00249","ownerNames":"MERCER COUNTY COMMISSIONERS","ownerTypeIds":"Local Government","primaryOwnerTypeId":"Local Government","separateStructuresCount":"0","isAssociatedStructureId":"No","designerNames":"USDA NRCS","nonFederalDamOnFederalId":"No","primaryPurposeId":"Flood Risk Reduction","purposeIds":"Flood Risk Reduction","sourceAgency":"Pennsylvania","stateFedId":"D43-050","latitude":"41.33444444","longitude":"-80.09527778","state":"Pennsylvania","county":"Mercer","countyState":"Mercer, Pennsylvania","city":null,"distance":null,"riverName":"Sawmill Run","congDist":"Congressional District 16, Pennsylvania","stateRegulatedId":"Yes","jurisdictionAuthorityId":"Yes","stateRegulatoryAgency":"Pennsylvania Department of Environmental Protection","permittingAuthorityId":"Yes","inspectionAuthorityId":"Yes","enforcementAuthorityId":"Yes","fedRegulatedId":"No","fedOwnerIds":null,"fedFundingIds":"Natural Resources Conservation Service","fedDesignIds":"Natural Resources Conservation Service","fedConstructionIds":"Natural Resources Conservation Service","fedRegulatoryIds":null,"fedInspectionIds":"Natural Resources Conservation Service","fedOperationIds":null,"fedOtherIds":null,"secretaryAgricultureBuiltId":"Yes","nrcsWatershedAuthorizationId":"Watershed Protection and Flood Prevention Act of 1954 (Public Law 83-566)","primaryDamTypeId":"Earth","damTypeIds":"Earth","coreTypeIds":"Unlisted/Unknown;Unlisted/Unknown","foundationTypeIds":"Unlisted/Unknown","damHeight":"30","hydraulicHeight":null,"structuralHeight":null,"nidHeight":"30","nidHeightId":"25-50 feet","damLength":"1640","volume":null,"yearCompleted":"1966","yearCompletedId":"1960-1969","yearsModified":null,"nidStorage":"814","maxStorage":"814","normalStorage":"14","surfaceArea":"2","drainageArea":"1.56","maxDischarge":null,"spillwayTypeId":null,"spillwayWidth":null,"numberOfLocks":null,"lengthOfLocks":null,"widthOfLocks":null,"secondaryLengthOfLocks":null,"secondaryWidthOfLocks":null,"outletGateTypes":null,"dataUpdated":"2021-05-24","inspectionDate":"2020-09-10","inspectionFrequency":"1","publicHazardId":"High","conditionAssessId":"Fair","conditionAssessDate":null,"eapId":"Yes","eapLastRevDate":null,"websiteUrl":"https://damsafety.org/pennsylvania","usaceDivision":"Great Lakes and Ohio River Division","usaceDistrict":"Pittsburgh District","operationalStatusId":null,"operationalStatusDate":null,"inundationNidAddedId":"No","huc2":"05","huc4":"0501","huc6":"050100","huc8":"05010003","zipcode":"16153","nation":"USA","stateKey":"PA","femaRegion":"3","femaCommunity":"Stoneboro borough, Pennsylvania","aiannh":null,"hasDamPhotoId":"No","sectionSevenAuthorityId":"No"},"geometry":{"type":"Point","coordinates":[-80.09527778,41.33444444]}},
{"type":"Feature","properties":{"fid":77465,"name":"Sonneborn (Witco) Reservoir","otherNames":null,"formerNames":"Witco Reservoir","nidId":"PA01359","otherStructureId":null,"federalId":"PA01359","ownerNames":"SONNEBORN, LLC","ownerTypeIds":"Private","primaryOwnerTypeId":"Private","separateStructuresCount":"0","isAssociatedStructureId":"No","designerNames":null,"nonFederalDamOnFederalId":"No","primaryPurposeId":"Grade Stabilization","purposeIds":"Grade Stabilization","sourceAgency":"Pennsylvania","stateFedId":"D10-055","latitude":"41.01416667","longitude":"-79.72138889","state":"Pennsylvania","county":"Butler","countyState":"Butler, Pennsylvania","city":null,"distance":null,"riverName":"Tr South Branch Bear Creek","congDist":"Congressional District 16, Pennsylvania","stateRegulatedId":"Yes","jurisdictionAuthorityId":"Yes","stateRegulatoryAgency":"Pennsylvania Department of Environmental Protection","permittingAuthorityId":"Yes","inspectionAuthorityId":"Yes","enforcementAuthorityId":"Yes","fedRegulatedId":"No","fedOwnerIds":null,"fedFundingIds":null,"fedDesignIds":null,"fedConstructionIds":null,"fedRegulatoryIds":null,"fedInspectionIds":null,"fedOperationIds":null,"fedOtherIds":null,"secretaryAgricultureBuiltId":"No","nrcsWatershedAuthorizationId":"N/A","primaryDamTypeId":"Earth","damTypeIds":"Earth","coreTypeIds":"Unlisted/Unknown;Unlisted/Unknown","foundationTypeIds":"Unlisted/Unknown","damHeight":"23","hydraulicHeight":null,"structuralHeight":null,"nidHeight":"23","nidHeightId":"Less than 25 feet","damLength":"280","volume":null,"yearCompleted":"1951","yearCompletedId":"1950-1959","yearsModified":"2010O","nidStorage":"55","maxStorage":"55","normalStorage":"19","surfaceArea":"3.4","drainageArea":"0.88","maxDischarge":null,"spillwayTypeId":null,"spillwayWidth":null,"numberOfLocks":null,"lengthOfLocks":null,"widthOfLocks":null,"secondaryLengthOfLocks":null,"secondaryWidthOfLocks":null,"outletGateTypes":null,"dataUpdated":"2021-04-09","inspectionDate":"2020-09-16","inspectionFrequency":"1","publicHazardId":"High","conditionAssessId":"Poor","conditionAssessDate":null,"eapId":"Yes","eapLastRevDate":null,"websiteUrl":"https://damsafety.org/pennsylvania","usaceDivision":"Great Lakes and Ohio River Division","usaceDistrict":"Pittsburgh District","operationalStatusId":null,"operationalStatusDate":null,"inundationNidAddedId":"No","huc2":"05","huc4":"0501","huc6":"050100","huc8":"05010006","zipcode":"16050","nation":"USA","stateKey":"PA","femaRegion":"3","femaCommunity":"Fairview township, Pennsylvania","aiannh":null,"hasDamPhotoId":"No","sectionSevenAuthorityId":"No"},"geometry":{"type":"Point","coordinates":[-79.72138889,41.01416667]}},
{"type":"Feature","properties":{"fid":83058,"name":"Two Mile Run","otherNames":"Justus Lake","formerNames":null,"nidId":"PA00254","otherStructureId":null,"federalId":"PA00254","ownerNames":"VENANGO COUNTY","ownerTypeIds":"Local Government","primaryOwnerTypeId":"Local Government","separateStructuresCount":"0","isAssociatedStructureId":"No","designerNames":"USDA NRCS","nonFederalDamOnFederalId":"No","primaryPurposeId":"Flood Risk Reduction","purposeIds":"Flood Risk Reduction;Recreation","sourceAgency":"Pennsylvania","stateFedId":"D61-019","latitude":"41.46611111","longitude":"-79.77138889","state":"Pennsylvania","county":"Venango","countyState":"Venango, Pennsylvania","city":null,"distance":null,"riverName":"Two Mile Run","congDist":"Congressional District 16, Pennsylvania","stateRegulatedId":"Yes","jurisdictionAuthorityId":"Yes","stateRegulatoryAgency":"Pennsylvania Department of Environmental Protection","permittingAuthorityId":"Yes","inspectionAuthorityId":"Yes","enforcementAuthorityId":"Yes","fedRegulatedId":"No","fedOwnerIds":null,"fedFundingIds":"Natural Resources Conservation Service","fedDesignIds":"Natural Resources Conservation Service","fedConstructionIds":"Natural Resources Conservation Service","fedRegulatoryIds":null,"fedInspectionIds":"Natural Resources Conservation Service","fedOperationIds":null,"fedOtherIds":null,"secretaryAgricultureBuiltId":"Yes","nrcsWatershedAuthorizationId":"1962 Resource Conservation and Development Act (Public Law 87-703)","primaryDamTypeId":"Earth","damTypeIds":"Earth","coreTypeIds":"Unlisted/Unknown;Unlisted/Unknown","foundationTypeIds":"Unlisted/Unknown","damHeight":"85","hydraulicHeight":null,"structuralHeight":null,"nidHeight":"85","nidHeightId":"51-100 feet","damLength":"1000","volume":null,"yearCompleted":"1971","yearCompletedId":"1970-1979","yearsModified":null,"nidStorage":"6300","maxStorage":"6300","normalStorage":"3270","surfaceArea":"144","drainageArea":"8.4","maxDischarge":null,"spillwayTypeId":null,"spillwayWidth":null,"numberOfLocks":null,"lengthOfLocks":null,"widthOfLocks":null,"secondaryLengthOfLocks":null,"secondaryWidthOfLocks":null,"outletGateTypes":null,"dataUpdated":"2021-05-24","inspectionDate":"2020-10-13","inspectionFrequency":"1","publicHazardId":"High","conditionAssessId":"Fair","conditionAssessDate":null,"eapId":"Yes","eapLastRevDate":null,"websiteUrl":"https://damsafety.org/pennsylvania","usaceDivision":"Great Lakes and Ohio River Division","usaceDistrict":"Pittsburgh District","operationalStatusId":null,"operationalStatusDate":null,"inundationNidAddedId":"No","huc2":"05","huc4":"0501","huc6":"050100","huc8":"05010003","zipcode":"16323","nation":"USA","stateKey":"PA","femaRegion":"3","femaCommunity":"Sugarcreek borough, Pennsylvania","aiannh":null,"hasDamPhotoId":"No","sectionSevenAuthorityId":"No"},"geometry":{"type":"Point","coordinates":[-79.77138889,41.46611111]}},
{"type":"Feature","properties":{"fid":83180,"name":"Clarion U.-Venango Campus West End","otherNames":null,"formerNames":null,"nidId":"PA01809","otherStructureId":null,"federalId":"PA01809","ownerNames":"CLARION UNIVERSITY OF PA- VENANGO CAMPUS","ownerTypeIds":"State","primaryOwnerTypeId":"State","separateStructuresCount":"0","isAssociatedStructureId":"No","designerNames":null,"nonFederalDamOnFederalId":"No","primaryPurposeId":"Recreation","purposeIds":"Recreation","sourceAgency":"Pennsylvania","stateFedId":"D61-024","latitude":"41.41111111","longitude":"-79.72805556","state":"Pennsylvania","county":"Venango","countyState":"Venango, Pennsylvania","city":null,"distance":null,"riverName":"Tr Allegheny River","congDist":"Congressional District 15, Pennsylvania","stateRegulatedId":"Yes","jurisdictionAuthorityId":"Yes","stateRegulatoryAgency":"Pennsylvania Department of Environmental Protection","permittingAuthorityId":"Yes","inspectionAuthorityId":"Yes","enforcementAuthorityId":"Yes","fedRegulatedId":"No","fedOwnerIds":null,"fedFundingIds":null,"fedDesignIds":null,"fedConstructionIds":null,"fedRegulatoryIds":null,"fedInspectionIds":null,"fedOperationIds":null,"fedOtherIds":null,"secretaryAgricultureBuiltId":"No","nrcsWatershedAuthorizationId":"N/A","primaryDamTypeId":"Earth","damTypeIds":"Earth","coreTypeIds":"Unlisted/Unknown;Unlisted/Unknown","foundationTypeIds":"Unlisted/Unknown","damHeight":"15","hydraulicHeight":null,"structuralHeight":null,"nidHeight":"15","nidHeightId":"Less than 25 feet","damLength":"200","volume":null,"yearCompleted":null,"yearCompletedId":"Undetermined","yearsModified":null,"nidStorage":"8.6","maxStorage":"8.6","normalStorage":"1.8","surfaceArea":"0.75","drainageArea":"1.25","maxDischarge":null,"spillwayTypeId":null,"spillwayWidth":null,"numberOfLocks":null,"lengthOfLocks":null,"widthOfLocks":null,"secondaryLengthOfLocks":null,"secondaryWidthOfLocks":null,"outletGateTypes":null,"dataUpdated":"2021-04-09","inspectionDate":"2020-10-12","inspectionFrequency":"1","publicHazardId":"High","conditionAssessId":"Satisfactory","conditionAssessDate":null,"eapId":"Yes","eapLastRevDate":null,"websiteUrl":"https://damsafety.org/pennsylvania","usaceDivision":"Great Lakes and Ohio River Division","usaceDistrict":"Pittsburgh District","operationalStatusId":null,"operationalStatusDate":null,"inundationNidAddedId":"No","huc2":"05","huc4":"0501","huc6":"050100","huc8":"05010003","zipcode":"16301","nation":"USA","stateKey":"PA","femaRegion":"3","femaCommunity":"Oil City city, Pennsylvania","aiannh":null,"hasDamPhotoId":"No","sectionSevenAuthorityId":"No"},"geometry":{"type":"Point","coordinates":[-79.72805556,41.41111111]}},
{"type":"Feature","properties":{"fid":69030,"name":"Pngc Reservoir No 6","otherNames":null,"formerNames":null,"nidId":"PA01509","otherStructureId":null,"federalId":"PA01509","ownerNames":"PITTSBURGH NORTH GOLF CLUB, INC.","ownerTypeIds":"Private","primaryOwnerTypeId":"Private","separateStructuresCount":"0","isAssociatedStructureId":"No","designerNames":null,"nonFederalDamOnFederalId":"No","primaryPurposeId":"Irrigation","purposeIds":"Irrigation","sourceAgency":"Pennsylvania","stateFedId":"D02-081","latitude":"40.65388889","longitude":"-79.94277778","state":"Pennsylvania","county":"Allegheny","countyState":"Allegheny, Pennsylvania","city":null,"distance":null,"riverName":"Tr Deer Creek","congDist":"Congressional District 17, Pennsylvania","stateRegulatedId":"Yes","jurisdictionAuthorityId":"Yes","stateRegulatoryAgency":"Pennsylvania Department of Environmental Protection","permittingAuthorityId":"Yes","inspectionAuthorityId":"Yes","enforcementAuthorityId":"Yes","fedRegulatedId":"No","fedOwnerIds":null,"fedFundingIds":null,"fedDesignIds":null,"fedConstructionIds":null,"fedRegulatoryIds":null,"fedInspectionIds":null,"fedOperationIds":null,"fedOtherIds":null,"secretaryAgricultureBuiltId":"No","nrcsWatershedAuthorizationId":"N/A","primaryDamTypeId":"Earth","damTypeIds":"Earth","coreTypeIds":"Unlisted/Unknown;Unlisted/Unknown","foundationTypeIds":"Unlisted/Unknown","damHeight":"11","hydraulicHeight":null,"structuralHeight":null,"nidHeight":"11","nidHeightId":"Less than 25 feet","damLength":"320","volume":null,"yearCompleted":null,"yearCompletedId":"Undetermined","yearsModified":null,"nidStorage":"16.7","maxStorage":"16.7","normalStorage":"5.5","surfaceArea":"2.1","drainageArea":"0.4","maxDischarge":null,"spillwayTypeId":null,"spillwayWidth":null,"numberOfLocks":null,"lengthOfLocks":null,"widthOfLocks":null,"secondaryLengthOfLocks":null,"secondaryWidthOfLocks":null,"outletGateTypes":null,"dataUpdated":"2021-04-09","inspectionDate":"2020-09-26","inspectionFrequency":"1","publicHazardId":"High","conditionAssessId":"Satisfactory","conditionAssessDate":null,"eapId":"Yes","eapLastRevDate":null,"websiteUrl":"https://damsafety.org/pennsylvania","usaceDivision":"Great Lakes and Ohio River Division","usaceDistrict":"Pittsburgh District","operationalStatusId":null,"operationalStatusDate":null,"inundationNidAddedId":"No","huc2":"05","huc4":"0501","huc6":"050100","huc8":"05010009","zipcode":"15044","nation":"USA","stateKey":"PA","femaRegion":"3","femaCommunity":"Richland township, Pennsylvania","aiannh":null,"hasDamPhotoId":"No","sectionSevenAuthorityId":"No"},"geometry":{"type":"Point","coordinates":[-79.94277778,40.65388889]}},
{"type":"Feature","properties":{"fid":60703,"name":"14-North Impoundment","otherNames":null,"formerNames":null,"nidId":"PA01438","otherStructureId":null,"federalId":"PA01438","ownerNames":"CONSOL MINING COMPANY LLC","ownerTypeIds":"Private","primaryOwnerTypeId":"Private","separateStructuresCount":"0","isAssociatedStructureId":"No","designerNames":null,"nonFederalDamOnFederalId":"No","primaryPurposeId":"Other","purposeIds":"Other","sourceAgency":"Pennsylvania","stateFedId":"D02-099","latitude":"40.54722222","longitude":"-79.87055556","state":"Pennsylvania","county":"Allegheny","countyState":"Allegheny, Pennsylvania","city":null,"distance":null,"riverName":"Tr Campbell Run","congDist":"Congressional District 17, Pennsylvania","stateRegulatedId":"Yes","jurisdictionAuthorityId":"Yes","stateRegulatoryAgency":"Pennsylvania Department of Environmental Protection","permittingAuthorityId":"Yes","inspectionAuthorityId":"Yes","enforcementAuthorityId":"Yes","fedRegulatedId":"No","fedOwnerIds":null,"fedFundingIds":null,"fedDesignIds":null,"fedConstructionIds":null,"fedRegulatoryIds":null,"fedInspectionIds":null,"fedOperationIds":null,"fedOtherIds":null,"secretaryAgricultureBuiltId":"No","nrcsWatershedAuthorizationId":"N/A","primaryDamTypeId":"Earth","damTypeIds":"Earth","coreTypeIds":"Unlisted/Unknown;Unlisted/Unknown","foundationTypeIds":"Unlisted/Unknown","damHeight":"42","hydraulicHeight":null,"structuralHeight":null,"nidHeight":"42","nidHeightId":"25-50 feet","damLength":"200","volume":null,"yearCompleted":null,"yearCompletedId":"Undetermined","yearsModified":null,"nidStorage":"25","maxStorage":"25","normalStorage":"17.5","surfaceArea":"1.4","drainageArea":"0.14","maxDischarge":null,"spillwayTypeId":null,"spillwayWidth":null,"numberOfLocks":null,"lengthOfLocks":null,"widthOfLocks":null,"secondaryLengthOfLocks":null,"secondaryWidthOfLocks":null,"outletGateTypes":null,"dataUpdated":"2021-04-09","inspectionDate":"2020-12-09","inspectionFrequency":"1","publicHazardId":"High","conditionAssessId":"Satisfactory","conditionAssessDate":null,"eapId":"Yes","eapLastRevDate":null,"websiteUrl":"https://damsafety.org/pennsylvania","usaceDivision":"Great Lakes and Ohio River Division","usaceDistrict":"Pittsburgh District","operationalStatusId":null,"operationalStatusDate":null,"inundationNidAddedId":"No","huc2":"05","huc4":"0501","huc6":"050100","huc8":"05010009","zipcode":"15238","nation":"USA","stateKey":"PA","femaRegion":"3","femaCommunity":"Indiana township, Pennsylvania","aiannh":null,"hasDamPhotoId":"No","sectionSevenAuthorityId":"No"},"geometry":{"type":"Point","coordinates":[-79.87055556,40.54722222]}},
{"type":"Feature","properties":{"fid":33829,"name":"Greisinger","otherNames":null,"formerNames":null,"nidId":"PA01072","otherStructureId":null,"federalId":"PA01072","ownerNames":"TRACEY,INC.","ownerTypeIds":"Private","primaryOwnerTypeId":"Private","separateStructuresCount":"0","isAssociatedStructureId":"No","designerNames":null,"nonFederalDamOnFederalId":"No","primaryPurposeId":"Recreation","purposeIds":"Recreation","sourceAgency":"Pennsylvania","stateFedId":"D10-061","latitude":"40.67666667","longitude":"-79.86833333","state":"Pennsylvania","county":"Butler","countyState":"Butler, Pennsylvania","city":null,"distance":null,"riverName":"Tr Bull Creek","congDist":"Congressional District 16, Pennsylvania","stateRegulatedId":"Yes","jurisdictionAuthorityId":"Yes","stateRegulatoryAgency":"Pennsylvania Department of Environmental Protection","permittingAuthorityId":"Yes","inspectionAuthorityId":"Yes","enforcementAuthorityId":"Yes","fedRegulatedId":"No","fedOwnerIds":null,"fedFundingIds":null,"fedDesignIds":null,"fedConstructionIds":null,"fedRegulatoryIds":null,"fedInspectionIds":null,"fedOperationIds":null,"fedOtherIds":null,"secretaryAgricultureBuiltId":"No","nrcsWatershedAuthorizationId":"N/A","primaryDamTypeId":"Earth","damTypeIds":"Earth","coreTypeIds":"Unlisted/Unknown;Unlisted/Unknown","foundationTypeIds":"Unlisted/Unknown","damHeight":"19","hydraulicHeight":null,"structuralHeight":null,"nidHeight":"19","nidHeightId":"Less than 25 feet","damLength":"370","volume":null,"yearCompleted":"1956","yearCompletedId":"1950-1959","yearsModified":null,"nidStorage":"72","maxStorage":"72","normalStorage":"40","surfaceArea":"5","drainageArea":"0.6","maxDischarge":null,"spillwayTypeId":null,"spillwayWidth":null,"numberOfLocks":null,"lengthOfLocks":null,"widthOfLocks":null,"secondaryLengthOfLocks":null,"secondaryWidthOfLocks":null,"outletGateTypes":null,"dataUpdated":"2021-04-09","inspectionDate":"2015-06-10","inspectionFrequency":"5","publicHazardId":"Low","conditionAssessId":"Not Rated","conditionAssessDate":null,"eapId":"Not Required","eapLastRevDate":null,"websiteUrl":"https://damsafety.org/pennsylvania","usaceDivision":"Great Lakes and Ohio River Division","usaceDistrict":"Pittsburgh District","operationalStatusId":null,"operationalStatusDate":null,"inundationNidAddedId":"No","huc2":"05","huc4":"0501","huc6":"050100","huc8":"05010009","zipcode":"16056","nation":"USA","stateKey":"PA","femaRegion":"3","femaCommunity":"Clinton township, Pennsylvania","aiannh":null,"hasDamPhotoId":"No","sectionSevenAuthorityId":"No"},"geometry":{"type":"Point","coordinates":[-79.86833333,40.67666667]}},
{"type":"Feature","properties":{"fid":71181,"name":"Harmar Storage Pond No 4","otherNames":null,"formerNames":null,"nidId":"PA01203","otherStructureId":null,"federalId":"PA01203","ownerNames":"IP HARMAR HOLDINGS LLC","ownerTypeIds":"Private","primaryOwnerTypeId":"Private","separateStructuresCount":"0","isAssociatedStructureId":"No","designerNames":null,"nonFederalDamOnFederalId":"No","primaryPurposeId":"Other","purposeIds":"Other","sourceAgency":"Pennsylvania","stateFedId":"D02-055","latitude":"40.53555556","longitude":"-79.8475","state":"Pennsylvania","county":"Allegheny","countyState":"Allegheny, Pennsylvania","city":null,"distance":null,"riverName":"Tr Guys Run","congDist":"Congressional District 17, Pennsylvania","stateRegulatedId":"Yes","jurisdictionAuthorityId":"Yes","stateRegulatoryAgency":"Pennsylvania Department of Environmental Protection","permittingAuthorityId":"Yes","inspectionAuthorityId":"Yes","enforcementAuthorityId":"Yes","fedRegulatedId":"Yes","fedOwnerIds":null,"fedFundingIds":null,"fedDesignIds":null,"fedConstructionIds":null,"fedRegulatoryIds":"Mine Safety and Health Administration","fedInspectionIds":"Mine Safety and Health Administration","fedOperationIds":null,"fedOtherIds":null,"secretaryAgricultureBuiltId":"No","nrcsWatershedAuthorizationId":"N/A","primaryDamTypeId":"Earth","damTypeIds":"Earth","coreTypeIds":"Unlisted/Unknown;Unlisted/Unknown","foundationTypeIds":"Unlisted/Unknown","damHeight":"39","hydraulicHeight":null,"structuralHeight":null,"nidHeight":"39","nidHeightId":"25-50 feet","damLength":"350","volume":null,"yearCompleted":"1980","yearCompletedId":"1980-1989","yearsModified":null,"nidStorage":"54.2","maxStorage":"54.2","normalStorage":"32.38","surfaceArea":"1.91","drainageArea":"0.1","maxDischarge":null,"spillwayTypeId":null,"spillwayWidth":null,"numberOfLocks":null,"lengthOfLocks":null,"widthOfLocks":null,"secondaryLengthOfLocks":null,"secondaryWidthOfLocks":null,"outletGateTypes":null,"dataUpdated":"2021-04-09","inspectionDate":"2019-05-30","inspectionFrequency":"5","publicHazardId":"Low","conditionAssessId":"Satisfactory","conditionAssessDate":null,"eapId":"Not Required","eapLastRevDate":null,"websiteUrl":"https://damsafety.org/pennsylvania","usaceDivision":"Great Lakes and Ohio River Division","usaceDistrict":"Pittsburgh District","operationalStatusId":null,"operationalStatusDate":null,"inundationNidAddedId":"No","huc2":"05","huc4":"0501","huc6":"050100","huc8":"05010009","zipcode":"15024","nation":"USA","stateKey":"PA","femaRegion":"3","femaCommunity":"Harmar township, Pennsylvania","aiannh":null,"hasDamPhotoId":"No","sectionSevenAuthorityId":"No"},"geometry":{"type":"Point","coordinates":[-79.8475,40.53555556]}},
{"type":"Feature","properties":{"fid":67263,"name":"Harmar Refuse Bank","otherNames":null,"formerNames":null,"nidId":"PA00835","otherStructureId":null,"federalId":"PA00835","ownerNames":"IP HARMAR HOLDINGS LLC","ownerTypeIds":"Private","primaryOwnerTypeId":"Private","separateStructuresCount":"0","isAssociatedStructureId":"No","designerNames":null,"nonFederalDamOnFederalId":"No","primaryPurposeId":"Other","purposeIds":"Other","sourceAgency":"Pennsylvania","stateFedId":"D02-053","latitude":"40.54444444","longitude":"-79.84638889","state":"Pennsylvania","county":"Allegheny","countyState":"Allegheny, Pennsylvania","city":null,"distance":null,"riverName":"Tr Guys Run","congDist":"Congressional District 17, Pennsylvania","stateRegulatedId":"Yes","jurisdictionAuthorityId":"Yes","stateRegulatoryAgency":"Pennsylvania Department of Environmental Protection","permittingAuthorityId":"Yes","inspectionAuthorityId":"Yes","enforcementAuthorityId":"Yes","fedRegulatedId":"Yes","fedOwnerIds":null,"fedFundingIds":null,"fedDesignIds":null,"fedConstructionIds":null,"fedRegulatoryIds":"Mine Safety and Health Administration","fedInspectionIds":"Mine Safety and Health Administration","fedOperationIds":null,"fedOtherIds":null,"secretaryAgricultureBuiltId":"No","nrcsWatershedAuthorizationId":"N/A","primaryDamTypeId":"Other","damTypeIds":"Other","coreTypeIds":"Unlisted/Unknown;Unlisted/Unknown","foundationTypeIds":"Unlisted/Unknown","damHeight":"410","hydraulicHeight":null,"structuralHeight":null,"nidHeight":"410","nidHeightId":"Greater than 100 feet","damLength":"900","volume":null,"yearCompleted":"1957","yearCompletedId":"1950-1959","yearsModified":null,"nidStorage":"1578","maxStorage":"1578","normalStorage":"146","surfaceArea":"15","drainageArea":"0.14","maxDischarge":null,"spillwayTypeId":null,"spillwayWidth":null,"numberOfLocks":null,"lengthOfLocks":null,"widthOfLocks":null,"secondaryLengthOfLocks":null,"secondaryWidthOfLocks":null,"outletGateTypes":null,"dataUpdated":"2021-04-09","inspectionDate":"2020-04-02","inspectionFrequency":"1","publicHazardId":"High","conditionAssessId":"Satisfactory","conditionAssessDate":null,"eapId":"Yes","eapLastRevDate":null,"websiteUrl":"https://damsafety.org/pennsylvania","usaceDivision":"Great Lakes and Ohio River Division","usaceDistrict":"Pittsburgh District","operationalStatusId":null,"operationalStatusDate":null,"inundationNidAddedId":"No","huc2":"05","huc4":"0501","huc6":"050100","huc8":"05010009","zipcode":"15024","nation":"USA","stateKey":"PA","femaRegion":"3","femaCommunity":"Harmar township, Pennsylvania","aiannh":null,"hasDamPhotoId":"No","sectionSevenAuthorityId":"No"},"geometry":{"type":"Point","coordinates":[-79.84638889,40.54444444]}},
{"type":"Feature","properties":{"fid":76097,"name":"Russelton Slurry Pond No 3","otherNames":null,"formerNames":null,"nidId":"PA00839","otherStructureId":null,"federalId":"PA00839","ownerNames":"BCNR MINING CORPORATION","ownerTypeIds":"Private","primaryOwnerTypeId":"Private","separateStructuresCount":"0","isAssociatedStructureId":"No","designerNames":null,"nonFederalDamOnFederalId":"No","primaryPurposeId":"Other","purposeIds":"Other","sourceAgency":"Pennsylvania","stateFedId":"D02-052","latitude":"40.59916667","longitude":"-79.84","state":"Pennsylvania","county":"Allegheny","countyState":"Allegheny, Pennsylvania","city":null,"distance":null,"riverName":"Tr Little Deer Creek","congDist":"Congressional District 17, Pennsylvania","stateRegulatedId":"Yes","jurisdictionAuthorityId":"Yes","stateRegulatoryAgency":"Pennsylvania Department of Environmental Protection","permittingAuthorityId":"Yes","inspectionAuthorityId":"Yes","enforcementAuthorityId":"Yes","fedRegulatedId":"No","fedOwnerIds":null,"fedFundingIds":null,"fedDesignIds":null,"fedConstructionIds":null,"fedRegulatoryIds":null,"fedInspectionIds":null,"fedOperationIds":null,"fedOtherIds":null,"secretaryAgricultureBuiltId":"No","nrcsWatershedAuthorizationId":"N/A","primaryDamTypeId":"Earth","damTypeIds":"Earth","coreTypeIds":"Unlisted/Unknown;Unlisted/Unknown","foundationTypeIds":"Unlisted/Unknown","damHeight":"153","hydraulicHeight":null,"structuralHeight":null,"nidHeight":"153","nidHeightId":"Greater than 100 feet","damLength":"860","volume":null,"yearCompleted":"1967","yearCompletedId":"1960-1969","yearsModified":null,"nidStorage":"290","maxStorage":"290","normalStorage":"24","surfaceArea":"26","drainageArea":"0.15","maxDischarge":null,"spillwayTypeId":null,"spillwayWidth":null,"numberOfLocks":null,"lengthOfLocks":null,"widthOfLocks":null,"secondaryLengthOfLocks":null,"secondaryWidthOfLocks":null,"outletGateTypes":null,"dataUpdated":"2021-04-09","inspectionDate":"2015-06-25","inspectionFrequency":"5","publicHazardId":"Low","conditionAssessId":"Satisfactory","conditionAssessDate":null,"eapId":"Not Required","eapLastRevDate":null,"websiteUrl":"https://damsafety.org/pennsylvania","usaceDivision":"Great Lakes and Ohio River Division","usaceDistrict":"Pittsburgh District","operationalStatusId":null,"operationalStatusDate":null,"inundationNidAddedId":"No","huc2":"05","huc4":"0501","huc6":"050100","huc8":"05010009","zipcode":"15076","nation":"USA","stateKey":"PA","femaRegion":"3","femaCommunity":"West Deer township, Pennsylvania","aiannh":null,"hasDamPhotoId":"No","sectionSevenAuthorityId":"No"},"geometry":{"type":"Point","coordinates":[-79.84,40.59916667]}},
{"type":"Feature","properties":{"fid":74532,"name":"Lower West Deer Lake","otherNames":null,"formerNames":null,"nidId":"PA01720","otherStructureId":null,"federalId":"PA01720","ownerNames":"ALLEGHENY COUNTY DEPARTMENT OF ENGINEERING","ownerTypeIds":"Local Government","primaryOwnerTypeId":"Local Government","separateStructuresCount":"0","isAssociatedStructureId":"No","designerNames":null,"nonFederalDamOnFederalId":"No","primaryPurposeId":"Recreation","purposeIds":"Recreation","sourceAgency":"Pennsylvania","stateFedId":"D02-122","latitude":"40.62","longitude":"-79.82888889","state":"Pennsylvania","county":"Allegheny","countyState":"Allegheny, Pennsylvania","city":null,"distance":null,"riverName":"Tr Little Deer Creek","congDist":"Congressional District 17, Pennsylvania","stateRegulatedId":"Yes","jurisdictionAuthorityId":"Yes","stateRegulatoryAgency":"Pennsylvania Department of Environmental Protection","permittingAuthorityId":"Yes","inspectionAuthorityId":"Yes","enforcementAuthorityId":"Yes","fedRegulatedId":"No","fedOwnerIds":null,"fedFundingIds":null,"fedDesignIds":null,"fedConstructionIds":null,"fedRegulatoryIds":null,"fedInspectionIds":null,"fedOperationIds":null,"fedOtherIds":null,"secretaryAgricultureBuiltId":"No","nrcsWatershedAuthorizationId":"N/A","primaryDamTypeId":"Earth","damTypeIds":"Earth","coreTypeIds":"Unlisted/Unknown;Unlisted/Unknown","foundationTypeIds":"Unlisted/Unknown","damHeight":"16","hydraulicHeight":null,"structuralHeight":null,"nidHeight":"16","nidHeightId":"Less than 25 feet","damLength":"285","volume":null,"yearCompleted":null,"yearCompletedId":"Undetermined","yearsModified":null,"nidStorage":"37","maxStorage":"37","normalStorage":"17","surfaceArea":"2.36","drainageArea":"0.6","maxDischarge":null,"spillwayTypeId":null,"spillwayWidth":"159","numberOfLocks":null,"lengthOfLocks":null,"widthOfLocks":null,"secondaryLengthOfLocks":null,"secondaryWidthOfLocks":null,"outletGateTypes":null,"dataUpdated":"2021-04-09","inspectionDate":"2020-10-26","inspectionFrequency":"1","publicHazardId":"High","conditionAssessId":"Satisfactory","conditionAssessDate":null,"eapId":"Yes","eapLastRevDate":null,"websiteUrl":"https://damsafety.org/pennsylvania","usaceDivision":"Great Lakes and Ohio River Division","usaceDistrict":"Pittsburgh District","operationalStatusId":null,"operationalStatusDate":null,"inundationNidAddedId":"No","huc2":"05","huc4":"0501","huc6":"050100","huc8":"05010009","zipcode":"15084","nation":"USA","stateKey":"PA","femaRegion":"3","femaCommunity":"West Deer township, Pennsylvania","aiannh":null,"hasDamPhotoId":"No","sectionSevenAuthorityId":"No"},"geometry":{"type":"Point","coordinates":[-79.82888889,40.62]}},
{"type":"Feature","properties":{"fid":59784,"name":"Rock Airport","otherNames":null,"formerNames":null,"nidId":"PA01676","otherStructureId":null,"federalId":"PA01676","ownerNames":"ALASKAN PROPERTY MANAGEMENT CO, LLC","ownerTypeIds":"Private","primaryOwnerTypeId":"Private","separateStructuresCount":"0","isAssociatedStructureId":"No","designerNames":null,"nonFederalDamOnFederalId":"No","primaryPurposeId":"Recreation","purposeIds":"Recreation","sourceAgency":"Pennsylvania","stateFedId":"D02-127","latitude":"40.59777778","longitude":"-79.81861111","state":"Pennsylvania","county":"Allegheny","countyState":"Allegheny, Pennsylvania","city":null,"distance":null,"riverName":"Tr Little Deer Creek","congDist":"Congressional District 17, Pennsylvania","stateRegulatedId":"Yes","jurisdictionAuthorityId":"Yes","stateRegulatoryAgency":"Pennsylvania Department of Environmental Protection","permittingAuthorityId":"Yes","inspectionAuthorityId":"Yes","enforcementAuthorityId":"Yes","fedRegulatedId":"No","fedOwnerIds":null,"fedFundingIds":null,"fedDesignIds":null,"fedConstructionIds":null,"fedRegulatoryIds":null,"fedInspectionIds":null,"fedOperationIds":null,"fedOtherIds":null,"secretaryAgricultureBuiltId":"No","nrcsWatershedAuthorizationId":"N/A","primaryDamTypeId":"Earth","damTypeIds":"Earth","coreTypeIds":"Earth","foundationTypeIds":"Unlisted/Unknown","damHeight":"11","hydraulicHeight":null,"structuralHeight":null,"nidHeight":"11","nidHeightId":"Less than 25 feet","damLength":"110","volume":null,"yearCompleted":null,"yearCompletedId":"Undetermined","yearsModified":null,"nidStorage":"8.8","maxStorage":"8.8","normalStorage":"8.8","surfaceArea":"2","drainageArea":"0.38","maxDischarge":null,"spillwayTypeId":null,"spillwayWidth":null,"numberOfLocks":null,"lengthOfLocks":null,"widthOfLocks":null,"secondaryLengthOfLocks":null,"secondaryWidthOfLocks":null,"outletGateTypes":null,"dataUpdated":"2021-04-09","inspectionDate":"2020-12-04","inspectionFrequency":"2","publicHazardId":"Significant","conditionAssessId":"Fair","conditionAssessDate":null,"eapId":"No","eapLastRevDate":null,"websiteUrl":"https://damsafety.org/pennsylvania","usaceDivision":"Great Lakes and Ohio River Division","usaceDistrict":"Pittsburgh District","operationalStatusId":null,"operationalStatusDate":null,"inundationNidAddedId":"No","huc2":"05","huc4":"0501","huc6":"050100","huc8":"05010009","zipcode":"15024","nation":"USA","stateKey":"PA","femaRegion":"3","femaCommunity":"Indiana township, Pennsylvania","aiannh":null,"hasDamPhotoId":"No","sectionSevenAuthorityId":"No"},"geometry":{"type":"Point","coordinates":[-79.81861111,40.59777778]}},
{"type":"Feature","properties":{"fid":69265,"name":"Fawn Mine #91 Refuse Impoundment","otherNames":null,"formerNames":null,"nidId":"PA01527","otherStructureId":null,"federalId":"PA01527","ownerNames":"GREENSPACE LAND, INC.","ownerTypeIds":"Private","primaryOwnerTypeId":"Private","separateStructuresCount":"0","isAssociatedStructureId":"No","designerNames":null,"nonFederalDamOnFederalId":"No","primaryPurposeId":"Other","purposeIds":"Other","sourceAgency":"Pennsylvania","stateFedId":"D10-087","latitude":"40.69555556","longitude":"-79.81861111","state":"Pennsylvania","county":"Butler","countyState":"Butler, Pennsylvania","city":null,"distance":null,"riverName":"Tr Lardintown Run","congDist":"Congressional District 16, Pennsylvania","stateRegulatedId":"Yes","jurisdictionAuthorityId":"Yes","stateRegulatoryAgency":"Pennsylvania Department of Environmental Protection","permittingAuthorityId":"Yes","inspectionAuthorityId":"Yes","enforcementAuthorityId":"Yes","fedRegulatedId":"No","fedOwnerIds":null,"fedFundingIds":null,"fedDesignIds":null,"fedConstructionIds":null,"fedRegulatoryIds":null,"fedInspectionIds":null,"fedOperationIds":null,"fedOtherIds":null,"secretaryAgricultureBuiltId":"No","nrcsWatershedAuthorizationId":"N/A","primaryDamTypeId":"Earth","damTypeIds":"Earth","coreTypeIds":"Unlisted/Unknown;Unlisted/Unknown","foundationTypeIds":"Unlisted/Unknown","damHeight":"120","hydraulicHeight":null,"structuralHeight":null,"nidHeight":"120","nidHeightId":"Greater than 100 feet","damLength":"1250","volume":null,"yearCompleted":null,"yearCompletedId":"Undetermined","yearsModified":null,"nidStorage":"985","maxStorage":"985","normalStorage":"760","surfaceArea":"24.2","drainageArea":"0.13","maxDischarge":null,"spillwayTypeId":null,"spillwayWidth":null,"numberOfLocks":null,"lengthOfLocks":null,"widthOfLocks":null,"secondaryLengthOfLocks":null,"secondaryWidthOfLocks":null,"outletGateTypes":null,"dataUpdated":"2021-04-09","inspectionDate":"2018-10-09","inspectionFrequency":"1","publicHazardId":"High","conditionAssessId":"Fair","conditionAssessDate":null,"eapId":"No","eapLastRevDate":null,"websiteUrl":"https://damsafety.org/pennsylvania","usaceDivision":"Great Lakes and Ohio River Division","usaceDistrict":"Pittsburgh District","operationalStatusId":null,"operationalStatusDate":null,"inundationNidAddedId":"No","huc2":"05","huc4":"0501","huc6":"050100","huc8":"05010009","zipcode":"16055","nation":"USA","stateKey":"PA","femaRegion":"3","femaCommunity":"Clinton township, Pennsylvania","aiannh":null,"hasDamPhotoId":"No","sectionSevenAuthorityId":"No"},"geometry":{"type":"Point","coordinates":[-79.81861111,40.69555556]}},
{"type":"Feature","properties":{"fid":47953,"name":"Lake Saxony","otherNames":null,"formerNames":null,"nidId":"PA01073","otherStructureId":null,"federalId":"PA01073","ownerNames":"CONCORDIA LUTHERAN MINISTRIES","ownerTypeIds":"Private","primaryOwnerTypeId":"Private","separateStructuresCount":"0","isAssociatedStructureId":"No","designerNames":null,"nonFederalDamOnFederalId":"No","primaryPurposeId":"Irrigation","purposeIds":"Irrigation;Recreation","sourceAgency":"Pennsylvania","stateFedId":"D10-063","latitude":"40.75277778","longitude":"-79.79388889","state":"Pennsylvania","county":"Butler","countyState":"Butler, Pennsylvania","city":null,"distance":null,"riverName":"Sarver Run","congDist":"Congressional District 16, Pennsylvania","stateRegulatedId":"Yes","jurisdictionAuthorityId":"Yes","stateRegulatoryAgency":"Pennsylvania Department of Environmental Protection","permittingAuthorityId":"Yes","inspectionAuthorityId":"Yes","enforcementAuthorityId":"Yes","fedRegulatedId":"No","fedOwnerIds":null,"fedFundingIds":null,"fedDesignIds":null,"fedConstructionIds":null,"fedRegulatoryIds":null,"fedInspectionIds":null,"fedOperationIds":null,"fedOtherIds":null,"secretaryAgricultureBuiltId":"No","nrcsWatershedAuthorizationId":"N/A","primaryDamTypeId":"Earth","damTypeIds":"Earth","coreTypeIds":"Unlisted/Unknown;Unlisted/Unknown","foundationTypeIds":"Unlisted/Unknown","damHeight":"26","hydraulicHeight":null,"structuralHeight":null,"nidHeight":"26","nidHeightId":"25-50 feet","damLength":"350","volume":null,"yearCompleted":"1958","yearCompletedId":"1950-1959","yearsModified":"2005H","nidStorage":"320","maxStorage":"320","normalStorage":"45","surfaceArea":"9.6","drainageArea":"1.1","maxDischarge":null,"spillwayTypeId":null,"spillwayWidth":null,"numberOfLocks":null,"lengthOfLocks":null,"widthOfLocks":null,"secondaryLengthOfLocks":null,"secondaryWidthOfLocks":null,"outletGateTypes":null,"dataUpdated":"2021-04-09","inspectionDate":"2020-09-25","inspectionFrequency":"1","publicHazardId":"High","conditionAssessId":"Fair","conditionAssessDate":null,"eapId":"Yes","eapLastRevDate":null,"websiteUrl":"https://damsafety.org/pennsylvania","usaceDivision":"Great Lakes and Ohio River Division","usaceDistrict":"Pittsburgh District","operationalStatusId":null,"operationalStatusDate":null,"inundationNidAddedId":"No","huc2":"05","huc4":"0501","huc6":"050100","huc8":"05010009","zipcode":"16023","nation":"USA","stateKey":"PA","femaRegion":"3","femaCommunity":"Jefferson township, Pennsylvania","aiannh":null,"hasDamPhotoId":"No","sectionSevenAuthorityId":"No"},"geometry":{"type":"Point","coordinates":[-79.79388889,40.75277778]}},
{"type":"Feature","properties":{"fid":50616,"name":"Weaver Lake","otherNames":null,"formerNames":null,"nidId":"PA01657","otherStructureId":null,"federalId":"PA01657","ownerNames":"DINO R. AQUILINE","ownerTypeIds":"Private","primaryOwnerTypeId":"Private","separateStructuresCount":"0","isAssociatedStructureId":"No","designerNames":null,"nonFederalDamOnFederalId":"No","primaryPurposeId":"Recreation","purposeIds":"Recreation;Irrigation","sourceAgency":"Pennsylvania","stateFedId":"D65-183","latitude":"40.56611111","longitude":"-79.61027778","state":"Pennsylvania","county":"Westmoreland","countyState":"Westmoreland, Pennsylvania","city":null,"distance":null,"riverName":"Tr Pine Run","congDist":"Congressional District 14, Pennsylvania","stateRegulatedId":"Yes","jurisdictionAuthorityId":"Yes","stateRegulatoryAgency":"Pennsylvania Department of Environmental Protection","permittingAuthorityId":"Yes","inspectionAuthorityId":"Yes","enforcementAuthorityId":"Yes","fedRegulatedId":"No","fedOwnerIds":null,"fedFundingIds":null,"fedDesignIds":null,"fedConstructionIds":null,"fedRegulatoryIds":null,"fedInspectionIds":null,"fedOperationIds":null,"fedOtherIds":null,"secretaryAgricultureBuiltId":"No","nrcsWatershedAuthorizationId":"N/A","primaryDamTypeId":"Earth","damTypeIds":"Earth","coreTypeIds":"Unlisted/Unknown;Unlisted/Unknown","foundationTypeIds":"Unlisted/Unknown","damHeight":"25","hydraulicHeight":null,"structuralHeight":null,"nidHeight":"25","nidHeightId":"25-50 feet","damLength":"270","volume":null,"yearCompleted":"1961","yearCompletedId":"1960-1969","yearsModified":null,"nidStorage":"46","maxStorage":"46","normalStorage":"23","surfaceArea":"0.8","drainageArea":"0.75","maxDischarge":null,"spillwayTypeId":null,"spillwayWidth":null,"numberOfLocks":null,"lengthOfLocks":null,"widthOfLocks":null,"secondaryLengthOfLocks":null,"secondaryWidthOfLocks":null,"outletGateTypes":null,"dataUpdated":"2021-04-09","inspectionDate":"2019-03-14","inspectionFrequency":"1","publicHazardId":"High","conditionAssessId":"Fair","conditionAssessDate":null,"eapId":"No","eapLastRevDate":null,"websiteUrl":"https://damsafety.org/pennsylvania","usaceDivision":"Great Lakes and Ohio River Division","usaceDistrict":"Pittsburgh District","operationalStatusId":null,"operationalStatusDate":null,"inundationNidAddedId":"No","huc2":"05","huc4":"0501","huc6":"050100","huc8":"05010008","zipcode":"15613","nation":"USA","stateKey":"PA","femaRegion":"3","femaCommunity":"Allegheny township, Pennsylvania","aiannh":null,"hasDamPhotoId":"No","sectionSevenAuthorityId":"No"},"geometry":{"type":"Point","coordinates":[-79.61027778,40.56611111]}},
{"type":"Feature","properties":{"fid":58143,"name":"Ambrose Mine","otherNames":null,"formerNames":null,"nidId":"PA01511","otherStructureId":null,"federalId":"PA01511","ownerNames":"SAMUEL W. MONTGOMERY","ownerTypeIds":"Private","primaryOwnerTypeId":"Private","separateStructuresCount":"0","isAssociatedStructureId":"No","designerNames":null,"nonFederalDamOnFederalId":"No","primaryPurposeId":"Other","purposeIds":"Other;Recreation","sourceAgency":"Pennsylvania","stateFedId":"D03-036","latitude":"40.85583333","longitude":"-79.54694444","state":"Pennsylvania","county":"Armstrong","countyState":"Armstrong, Pennsylvania","city":null,"distance":null,"riverName":"Tr Allegheny River","congDist":"Congressional District 15, Pennsylvania","stateRegulatedId":"Yes","jurisdictionAuthorityId":"Yes","stateRegulatoryAgency":"Pennsylvania Department of Environmental Protection","permittingAuthorityId":"Yes","inspectionAuthorityId":"Yes","enforcementAuthorityId":"Yes","fedRegulatedId":"No","fedOwnerIds":null,"fedFundingIds":null,"fedDesignIds":null,"fedConstructionIds":null,"fedRegulatoryIds":null,"fedInspectionIds":null,"fedOperationIds":null,"fedOtherIds":null,"secretaryAgricultureBuiltId":"No","nrcsWatershedAuthorizationId":"N/A","primaryDamTypeId":"Earth","damTypeIds":"Earth","coreTypeIds":"Unlisted/Unknown;Unlisted/Unknown","foundationTypeIds":"Unlisted/Unknown","damHeight":"26","hydraulicHeight":null,"structuralHeight":null,"nidHeight":"26","nidHeightId":"25-50 feet","damLength":"260","volume":null,"yearCompleted":null,"yearCompletedId":"Undetermined","yearsModified":null,"nidStorage":"30","maxStorage":"30","normalStorage":"11","surfaceArea":"2","drainageArea":"0.25","maxDischarge":null,"spillwayTypeId":null,"spillwayWidth":null,"numberOfLocks":null,"lengthOfLocks":null,"widthOfLocks":null,"secondaryLengthOfLocks":null,"secondaryWidthOfLocks":null,"outletGateTypes":null,"dataUpdated":"2021-04-09","inspectionDate":"2017-11-02","inspectionFrequency":"5","publicHazardId":"Low","conditionAssessId":"Not Rated","conditionAssessDate":null,"eapId":"Not Required","eapLastRevDate":null,"websiteUrl":"https://damsafety.org/pennsylvania","usaceDivision":"Great Lakes and Ohio River Division","usaceDistrict":"Pittsburgh District","operationalStatusId":null,"operationalStatusDate":null,"inundationNidAddedId":"No","huc2":"05","huc4":"0501","huc6":"050100","huc8":"05010006","zipcode":"16201","nation":"USA","stateKey":"PA","femaRegion":"3","femaCommunity":"East Franklin township, Pennsylvania","aiannh":null,"hasDamPhotoId":"No","sectionSevenAuthorityId":"No"},"geometry":{"type":"Point","coordinates":[-79.54694444,40.85583333]}},
{"type":"Feature","properties":{"fid":77248,"name":"Campbells Pond","otherNames":"Campbell'S Pond","formerNames":null,"nidId":"PA01340","otherStructureId":null,"federalId":"PA01340","ownerNames":"G. KEITH TURNBULL","ownerTypeIds":"Private","primaryOwnerTypeId":"Private","separateStructuresCount":"0","isAssociatedStructureId":"No","designerNames":null,"nonFederalDamOnFederalId":"No","primaryPurposeId":"Recreation","purposeIds":"Recreation","sourceAgency":"Pennsylvania","stateFedId":"D02-032","latitude":"40.54083333","longitude":"-79.89055556","state":"Pennsylvania","county":"Allegheny","countyState":"Allegheny, Pennsylvania","city":null,"distance":null,"riverName":"Squaw Run","congDist":"Congressional District 17, Pennsylvania","stateRegulatedId":"Yes","jurisdictionAuthorityId":"Yes","stateRegulatoryAgency":"Pennsylvania Department of Environmental Protection","permittingAuthorityId":"Yes","inspectionAuthorityId":"Yes","enforcementAuthorityId":"Yes","fedRegulatedId":"No","fedOwnerIds":null,"fedFundingIds":null,"fedDesignIds":null,"fedConstructionIds":null,"fedRegulatoryIds":null,"fedInspectionIds":null,"fedOperationIds":null,"fedOtherIds":null,"secretaryAgricultureBuiltId":"No","nrcsWatershedAuthorizationId":"N/A","primaryDamTypeId":"Earth","damTypeIds":"Earth","coreTypeIds":"Unlisted/Unknown;Unlisted/Unknown","foundationTypeIds":"Unlisted/Unknown","damHeight":"19","hydraulicHeight":null,"structuralHeight":null,"nidHeight":"19","nidHeightId":"Less than 25 feet","damLength":"340","volume":null,"yearCompleted":"1946","yearCompletedId":"1940-1949","yearsModified":"2013H","nidStorage":"34","maxStorage":"34","normalStorage":"17","surfaceArea":"5","drainageArea":"0.7","maxDischarge":null,"spillwayTypeId":null,"spillwayWidth":null,"numberOfLocks":null,"lengthOfLocks":null,"widthOfLocks":null,"secondaryLengthOfLocks":null,"secondaryWidthOfLocks":null,"outletGateTypes":null,"dataUpdated":"2021-04-09","inspectionDate":"2020-12-04","inspectionFrequency":"2","publicHazardId":"Significant","conditionAssessId":"Satisfactory","conditionAssessDate":null,"eapId":"Yes","eapLastRevDate":null,"websiteUrl":"https://damsafety.org/pennsylvania","usaceDivision":"Great Lakes and Ohio River Division","usaceDistrict":"Pittsburgh District","operationalStatusId":null,"operationalStatusDate":null,"inundationNidAddedId":"No","huc2":"05","huc4":"0501","huc6":"050100","huc8":"05010009","zipcode":"15238","nation":"USA","stateKey":"PA","femaRegion":"3","femaCommunity":"Fox Chapel borough, Pennsylvania","aiannh":null,"hasDamPhotoId":"No","sectionSevenAuthorityId":"No"},"geometry":{"type":"Point","coordinates":[-79.89055556,40.54083333]}},
{"type":"Feature","properties":{"fid":78400,"name":"Northmoreland Lake (Pa-117)","otherNames":null,"formerNames":null,"nidId":"PA01416","otherStructureId":null,"federalId":"PA01416","ownerNames":"WESTMORELAND COUNTY COMMISSIONERS","ownerTypeIds":"Local Government","primaryOwnerTypeId":"Local Government","separateStructuresCount":"0","isAssociatedStructureId":"No","designerNames":"USDA NRCS","nonFederalDamOnFederalId":"No","primaryPurposeId":"Recreation","purposeIds":"Recreation","sourceAgency":"Pennsylvania","stateFedId":"D65-164","latitude":"40.57583333","longitude":"-79.61444444","state":"Pennsylvania","county":"Westmoreland","countyState":"Westmoreland, Pennsylvania","city":null,"distance":null,"riverName":"Tr Pine Run","congDist":"Congressional District 14, Pennsylvania","stateRegulatedId":"Yes","jurisdictionAuthorityId":"Yes","stateRegulatoryAgency":"Pennsylvania Department of Environmental Protection","permittingAuthorityId":"Yes","inspectionAuthorityId":"Yes","enforcementAuthorityId":"Yes","fedRegulatedId":"No","fedOwnerIds":null,"fedFundingIds":"Natural Resources Conservation Service","fedDesignIds":"Natural Resources Conservation Service","fedConstructionIds":"Natural Resources Conservation Service","fedRegulatoryIds":null,"fedInspectionIds":"Natural Resources Conservation Service","fedOperationIds":null,"fedOtherIds":null,"secretaryAgricultureBuiltId":"Yes","nrcsWatershedAuthorizationId":"1962 Resource Conservation and Development Act (Public Law 87-703)","primaryDamTypeId":"Earth","damTypeIds":"Earth","coreTypeIds":"Unlisted/Unknown;Unlisted/Unknown","foundationTypeIds":"Unlisted/Unknown","damHeight":"38","hydraulicHeight":null,"structuralHeight":null,"nidHeight":"38","nidHeightId":"25-50 feet","damLength":"585","volume":null,"yearCompleted":"1989","yearCompletedId":"1980-1989","yearsModified":null,"nidStorage":"531","maxStorage":"531","normalStorage":"139","surfaceArea":"17","drainageArea":"1.56","maxDischarge":null,"spillwayTypeId":null,"spillwayWidth":null,"numberOfLocks":null,"lengthOfLocks":null,"widthOfLocks":null,"secondaryLengthOfLocks":null,"secondaryWidthOfLocks":null,"outletGateTypes":null,"dataUpdated":"2021-05-24","inspectionDate":"2019-08-08","inspectionFrequency":"1","publicHazardId":"High","conditionAssessId":"Satisfactory","conditionAssessDate":null,"eapId":"Yes","eapLastRevDate":null,"websiteUrl":"https://damsafety.org/pennsylvania","usaceDivision":"Great Lakes and Ohio River Division","usaceDistrict":"Pittsburgh District","operationalStatusId":null,"operationalStatusDate":null,"inundationNidAddedId":"No","huc2":"05","huc4":"0501","huc6":"050100","huc8":"05010008","zipcode":"15613","nation":"USA","stateKey":"PA","femaRegion":"3","femaCommunity":"Allegheny township, Pennsylvania","aiannh":null,"hasDamPhotoId":"No","sectionSevenAuthorityId":"No"},"geometry":{"type":"Point","coordinates":[-79.61444444,40.57583333]}},
{"type":"Feature","properties":{"fid":80140,"name":"Upper West Deer Lake","otherNames":null,"formerNames":null,"nidId":"PA01705","otherStructureId":null,"federalId":"PA01705","ownerNames":"ALLEGHENY COUNTY DEPARTMENT OF PUBLIC WORKS","ownerTypeIds":"Local Government","primaryOwnerTypeId":"Local Government","separateStructuresCount":"0","isAssociatedStructureId":"No","designerNames":null,"nonFederalDamOnFederalId":"No","primaryPurposeId":"Recreation","purposeIds":"Recreation","sourceAgency":"Pennsylvania","stateFedId":"D02-123","latitude":"40.62027778","longitude":"-79.82138889","state":"Pennsylvania","county":"Allegheny","countyState":"Allegheny, Pennsylvania","city":null,"distance":null,"riverName":"Tr Little Deer Creek","congDist":"Congressional District 17, Pennsylvania","stateRegulatedId":"Yes","jurisdictionAuthorityId":"Yes","stateRegulatoryAgency":"Pennsylvania Department of Environmental Protection","permittingAuthorityId":"Yes","inspectionAuthorityId":"Yes","enforcementAuthorityId":"Yes","fedRegulatedId":"No","fedOwnerIds":null,"fedFundingIds":null,"fedDesignIds":null,"fedConstructionIds":null,"fedRegulatoryIds":null,"fedInspectionIds":null,"fedOperationIds":null,"fedOtherIds":null,"secretaryAgricultureBuiltId":"No","nrcsWatershedAuthorizationId":"N/A","primaryDamTypeId":"Earth","damTypeIds":"Earth","coreTypeIds":"Unlisted/Unknown;Unlisted/Unknown","foundationTypeIds":"Unlisted/Unknown","damHeight":"24","hydraulicHeight":null,"structuralHeight":null,"nidHeight":"24","nidHeightId":"Less than 25 feet","damLength":"230","volume":null,"yearCompleted":null,"yearCompletedId":"Undetermined","yearsModified":"2005H;2005S","nidStorage":"45","maxStorage":"45","normalStorage":"27","surfaceArea":null,"drainageArea":"0.19","maxDischarge":null,"spillwayTypeId":null,"spillwayWidth":"20","numberOfLocks":null,"lengthOfLocks":null,"widthOfLocks":null,"secondaryLengthOfLocks":null,"secondaryWidthOfLocks":null,"outletGateTypes":null,"dataUpdated":"2021-04-09","inspectionDate":"2020-10-26","inspectionFrequency":"1","publicHazardId":"High","conditionAssessId":"Satisfactory","conditionAssessDate":null,"eapId":"Yes","eapLastRevDate":null,"websiteUrl":"https://damsafety.org/pennsylvania","usaceDivision":"Great Lakes and Ohio River Division","usaceDistrict":"Pittsburgh District","operationalStatusId":null,"operationalStatusDate":null,"inundationNidAddedId":"No","huc2":"05","huc4":"0501","huc6":"050100","huc8":"05010009","zipcode":"15084","nation":"USA","stateKey":"PA","femaRegion":"3","femaCommunity":"West Deer township, Pennsylvania","aiannh":null,"hasDamPhotoId":"No","sectionSevenAuthorityId":"No"},"geometry":{"type":"Point","coordinates":[-79.82138889,40.62027778]}},
{"type":"Feature","properties":{"fid":81642,"name":"Middle West Deer","otherNames":"West Deer Lakes","formerNames":null,"nidId":"PA01729","otherStructureId":null,"federalId":"PA01729","ownerNames":"ALLEGHENY COUNTY DEPARTMENT OF ENGINEERING","ownerTypeIds":"Local Government","primaryOwnerTypeId":"Local Government","separateStructuresCount":"0","isAssociatedStructureId":"No","designerNames":null,"nonFederalDamOnFederalId":"No","primaryPurposeId":"Recreation","purposeIds":"Recreation","sourceAgency":"Pennsylvania","stateFedId":"D02-047","latitude":"40.62222222","longitude":"-79.82472222","state":"Pennsylvania","county":"Allegheny","countyState":"Allegheny, Pennsylvania","city":null,"distance":null,"riverName":"Tr Little Deer Creek","congDist":"Congressional District 17, Pennsylvania","stateRegulatedId":"Yes","jurisdictionAuthorityId":"Yes","stateRegulatoryAgency":"Pennsylvania Department of Environmental Protection","permittingAuthorityId":"Yes","inspectionAuthorityId":"Yes","enforcementAuthorityId":"Yes","fedRegulatedId":"No","fedOwnerIds":null,"fedFundingIds":null,"fedDesignIds":null,"fedConstructionIds":null,"fedRegulatoryIds":null,"fedInspectionIds":null,"fedOperationIds":null,"fedOtherIds":null,"secretaryAgricultureBuiltId":"No","nrcsWatershedAuthorizationId":"N/A","primaryDamTypeId":"Earth","damTypeIds":"Earth","coreTypeIds":"Unlisted/Unknown;Unlisted/Unknown","foundationTypeIds":"Unlisted/Unknown","damHeight":"16","hydraulicHeight":null,"structuralHeight":null,"nidHeight":"16","nidHeightId":"Less than 25 feet","damLength":"240","volume":null,"yearCompleted":null,"yearCompletedId":"Undetermined","yearsModified":null,"nidStorage":"41","maxStorage":"41","normalStorage":"20","surfaceArea":null,"drainageArea":"0.5","maxDischarge":null,"spillwayTypeId":null,"spillwayWidth":"135","numberOfLocks":null,"lengthOfLocks":null,"widthOfLocks":null,"secondaryLengthOfLocks":null,"secondaryWidthOfLocks":null,"outletGateTypes":null,"dataUpdated":"2021-04-09","inspectionDate":"2020-10-26","inspectionFrequency":"1","publicHazardId":"High","conditionAssessId":"Satisfactory","conditionAssessDate":null,"eapId":"Yes","eapLastRevDate":null,"websiteUrl":"https://damsafety.org/pennsylvania","usaceDivision":"Great Lakes and Ohio River Division","usaceDistrict":"Pittsburgh District","operationalStatusId":null,"operationalStatusDate":null,"inundationNidAddedId":"No","huc2":"05","huc4":"0501","huc6":"050100","huc8":"05010009","zipcode":"15084","nation":"USA","stateKey":"PA","femaRegion":"3","femaCommunity":"West Deer township, Pennsylvania","aiannh":null,"hasDamPhotoId":"No","sectionSevenAuthorityId":"No"},"geometry":{"type":"Point","coordinates":[-79.82472222,40.62222222]}},
{"type":"Feature","properties":{"fid":81745,"name":"Orchard Park Meadows Retention Bas","otherNames":null,"formerNames":null,"nidId":"PA01419","otherStructureId":null,"federalId":"PA01419","ownerNames":"FIFTY-FIVE FIFTY, INC.","ownerTypeIds":"Private","primaryOwnerTypeId":"Private","separateStructuresCount":"0","isAssociatedStructureId":"No","designerNames":null,"nonFederalDamOnFederalId":"No","primaryPurposeId":"Flood Risk Reduction","purposeIds":"Flood Risk Reduction","sourceAgency":"Pennsylvania","stateFedId":"D02-075","latitude":"40.6214974","longitude":"-79.9272805","state":"Pennsylvania","county":"Allegheny","countyState":"Allegheny, Pennsylvania","city":null,"distance":null,"riverName":"Tr West Branch Deer Creek","congDist":"Congressional District 17, Pennsylvania","stateRegulatedId":"Yes","jurisdictionAuthorityId":"Yes","stateRegulatoryAgency":"Pennsylvania Department of Environmental Protection","permittingAuthorityId":"Yes","inspectionAuthorityId":"Yes","enforcementAuthorityId":"Yes","fedRegulatedId":"No","fedOwnerIds":null,"fedFundingIds":null,"fedDesignIds":null,"fedConstructionIds":null,"fedRegulatoryIds":null,"fedInspectionIds":null,"fedOperationIds":null,"fedOtherIds":null,"secretaryAgricultureBuiltId":"No","nrcsWatershedAuthorizationId":"N/A","primaryDamTypeId":"Earth","damTypeIds":"Earth","coreTypeIds":"Unlisted/Unknown;Unlisted/Unknown;Unlisted/Unknown;Unlisted/Unknown","foundationTypeIds":"Unlisted/Unknown","damHeight":"21","hydraulicHeight":null,"structuralHeight":null,"nidHeight":"21","nidHeightId":"Less than 25 feet","damLength":"140","volume":null,"yearCompleted":"1989","yearCompletedId":"1980-1989","yearsModified":null,"nidStorage":"13.3","maxStorage":"13.3","normalStorage":null,"surfaceArea":null,"drainageArea":"0.3","maxDischarge":null,"spillwayTypeId":null,"spillwayWidth":null,"numberOfLocks":null,"lengthOfLocks":null,"widthOfLocks":null,"secondaryLengthOfLocks":null,"secondaryWidthOfLocks":null,"outletGateTypes":null,"dataUpdated":"2025-05-21","inspectionDate":"2021-03-05","inspectionFrequency":"1","publicHazardId":"High","conditionAssessId":"Fair","conditionAssessDate":null,"eapId":"Yes","eapLastRevDate":null,"websiteUrl":"https://damsafety.org/pennsylvania","usaceDivision":"Great Lakes and Ohio River Division","usaceDistrict":"Pittsburgh District","operationalStatusId":null,"operationalStatusDate":null,"inundationNidAddedId":"No","huc2":"05","huc4":"0501","huc6":"050100","huc8":"05010009","zipcode":"15044","nation":"USA","stateKey":"PA","femaRegion":"3","femaCommunity":"Richland township","aiannh":null,"hasDamPhotoId":"No","sectionSevenAuthorityId":"No"},"geometry":{"type":"Point","coordinates":[-79.9272805,40.6214974]}},
{"type":"Feature","properties":{"fid":91882,"name":"Allegheny River Lock and Dam 4 - Braeburn Dike","otherNames":null,"formerNames":null,"nidId":"PA00114","otherStructureId":"S001","federalId":"PA00114S001","ownerNames":"USACE - Pittsburgh District","ownerTypeIds":"Federal","primaryOwnerTypeId":"Federal","separateStructuresCount":null,"isAssociatedStructureId":"Yes","designerNames":null,"nonFederalDamOnFederalId":"No","primaryPurposeId":null,"purposeIds":null,"sourceAgency":"US Army Corps of Engineers","stateFedId":"PA00114S001","latitude":"40.614461","longitude":"-79.71343333","state":"Pennsylvania","county":"Westmoreland","countyState":"Westmoreland, Pennsylvania","city":null,"distance":null,"riverName":"Allegheny","congDist":"Congressional District 14, Pennsylvania","stateRegulatedId":"No","jurisdictionAuthorityId":null,"stateRegulatoryAgency":null,"permittingAuthorityId":null,"inspectionAuthorityId":null,"enforcementAuthorityId":null,"fedRegulatedId":"Yes","fedOwnerIds":"US Army Corps of Engineers","fedFundingIds":"US Army Corps of Engineers","fedDesignIds":"US Army Corps of Engineers","fedConstructionIds":"US Army Corps of Engineers","fedRegulatoryIds":"US Army Corps of Engineers","fedInspectionIds":"US Army Corps of Engineers","fedOperationIds":"US Army Corps of Engineers","fedOtherIds":"US Army Corps of Engineers","secretaryAgricultureBuiltId":"No","nrcsWatershedAuthorizationId":null,"primaryDamTypeId":"Earth","damTypeIds":"Earth","coreTypeIds":null,"foundationTypeIds":null,"damHeight":"8","hydraulicHeight":"8","structuralHeight":"8","nidHeight":"8","nidHeightId":"Less than 25 feet","damLength":null,"volume":null,"yearCompleted":"1927","yearCompletedId":"1920-1929","yearsModified":null,"nidStorage":"0","maxStorage":null,"normalStorage":null,"surfaceArea":null,"drainageArea":null,"maxDischarge":null,"spillwayTypeId":null,"spillwayWidth":null,"numberOfLocks":null,"lengthOfLocks":null,"widthOfLocks":null,"secondaryLengthOfLocks":null,"secondaryWidthOfLocks":null,"outletGateTypes":null,"dataUpdated":"2025-12-04","inspectionDate":"2018-11-07","inspectionFrequency":"5","publicHazardId":"High","conditionAssessId":"Not Available","conditionAssessDate":null,"eapId":"Yes","eapLastRevDate":null,"websiteUrl":null,"usaceDivision":"Great Lakes and Ohio River Division","usaceDistrict":"Pittsburgh District","operationalStatusId":"Not Applicable","operationalStatusDate":"2025-11-20","inundationNidAddedId":"N/A","huc2":"05","huc4":"0501","huc6":"050100","huc8":"05010009","zipcode":"15068","nation":"USA","stateKey":"PA","femaRegion":"3","femaCommunity":"Lower Burrell city","aiannh":null,"hasDamPhotoId":"No","sectionSevenAuthorityId":"No"},"geometry":{"type":"Point","coordinates":[-79.71343333,40.614461]}},
{"type":"Feature","properties":{"fid":91889,"name":"Crooked Creek Dam","otherNames":"Crooked Creek Lake","formerNames":null,"nidId":"PA00102","otherStructureId":null,"federalId":"PA00102","ownerNames":"USACE - Pittsburgh District","ownerTypeIds":"Federal","primaryOwnerTypeId":"Federal","separateStructuresCount":"0","isAssociatedStructureId":"No","designerNames":"CELRP","nonFederalDamOnFederalId":"No","primaryPurposeId":"Flood Risk Reduction","purposeIds":"Flood Risk Reduction;Recreation","sourceAgency":"US Army Corps of Engineers","stateFedId":"PA00102","latitude":"40.715295586","longitude":"-79.5101886859999","state":"Pennsylvania","county":"Armstrong","countyState":"Armstrong, Pennsylvania","city":"Ford City","distance":null,"riverName":"Crooked Creek","congDist":"Congressional District 15, Pennsylvania","stateRegulatedId":"No","jurisdictionAuthorityId":"No","stateRegulatoryAgency":null,"permittingAuthorityId":"No","inspectionAuthorityId":"No","enforcementAuthorityId":"No","fedRegulatedId":"Yes","fedOwnerIds":"US Army Corps of Engineers","fedFundingIds":"US Army Corps of Engineers","fedDesignIds":"US Army Corps of Engineers","fedConstructionIds":"US Army Corps of Engineers","fedRegulatoryIds":"US Army Corps of Engineers","fedInspectionIds":"US Army Corps of Engineers","fedOperationIds":"US Army Corps of Engineers","fedOtherIds":"US Army Corps of Engineers","secretaryAgricultureBuiltId":null,"nrcsWatershedAuthorizationId":null,"primaryDamTypeId":"Earth","damTypeIds":"Earth","coreTypeIds":"Earth","foundationTypeIds":"Rock;Soil","damHeight":null,"hydraulicHeight":"134","structuralHeight":"143","nidHeight":"143","nidHeightId":"Greater than 100 feet","damLength":"1480","volume":"1400000","yearCompleted":"1940","yearCompletedId":"1940-1949","yearsModified":null,"nidStorage":"132000","maxStorage":"132000","normalStorage":"4500","surfaceArea":"350","drainageArea":"277","maxDischarge":"103200","spillwayTypeId":"Uncontrolled","spillwayWidth":"390","numberOfLocks":"0","lengthOfLocks":"0","widthOfLocks":"0","secondaryLengthOfLocks":null,"secondaryWidthOfLocks":null,"outletGateTypes":"Valve2;Vertical Lift3","dataUpdated":"2026-09-16","inspectionDate":"2021-10-12","inspectionFrequency":"5","publicHazardId":"High","conditionAssessId":"Not Available","conditionAssessDate":null,"eapId":"Yes","eapLastRevDate":null,"websiteUrl":"https://www.usace.army.mil/Missions/Civil-Works/Dam-Safety-Program/Article/2870967/dam-safety-program/","usaceDivision":"Great Lakes and Ohio River Division","usaceDistrict":"Pittsburgh District","operationalStatusId":"Normal Operations","operationalStatusDate":"2025-11-20","inundationNidAddedId":"Yes","huc2":"05","huc4":"0501","huc6":"050100","huc8":"05010006","zipcode":"16226","nation":"USA","stateKey":"PA","femaRegion":"3","femaCommunity":"Manor township, Pennsylvania","aiannh":null,"hasDamPhotoId":"Yes","sectionSevenAuthorityId":"No"},"geometry":{"type":"Point","coordinates":[-79.510188685999907,40.715295586]}},
{"type":"Feature","properties":{"fid":92275,"name":"Allegheny River Lock and Dam 2","otherNames":"Allegheny River Pool 02","formerNames":null,"nidId":"PA00112","otherStructureId":null,"federalId":"PA00112","ownerNames":"USACE - Pittsburgh District","ownerTypeIds":"Federal","primaryOwnerTypeId":"Federal","separateStructuresCount":"0","isAssociatedStructureId":"No","designerNames":"CELRP","nonFederalDamOnFederalId":"No","primaryPurposeId":"Navigation","purposeIds":"Navigation","sourceAgency":"US Army Corps of Engineers","stateFedId":"PA00112","latitude":"40.487919619","longitude":"-79.91459846","state":"Pennsylvania","county":"Allegheny","countyState":"Allegheny, Pennsylvania","city":"Sharpsburg","distance":"1","riverName":"Allegheny River","congDist":"Congressional District 12, Pennsylvania","stateRegulatedId":"No","jurisdictionAuthorityId":"No","stateRegulatoryAgency":null,"permittingAuthorityId":"No","inspectionAuthorityId":"No","enforcementAuthorityId":"No","fedRegulatedId":"Yes","fedOwnerIds":"US Army Corps of Engineers","fedFundingIds":"US Army Corps of Engineers","fedDesignIds":"US Army Corps of Engineers","fedConstructionIds":"US Army Corps of Engineers","fedRegulatoryIds":"US Army Corps of Engineers","fedInspectionIds":"US Army Corps of Engineers","fedOperationIds":"US Army Corps of Engineers","fedOtherIds":"US Army Corps of Engineers","secretaryAgricultureBuiltId":null,"nrcsWatershedAuthorizationId":null,"primaryDamTypeId":"Gravity","damTypeIds":"Gravity","coreTypeIds":"Concrete","foundationTypeIds":"Rock","damHeight":null,"hydraulicHeight":"58","structuralHeight":"58","nidHeight":"58","nidHeightId":"51-100 feet","damLength":"1473","volume":"0","yearCompleted":"1934","yearCompletedId":"1930-1939","yearsModified":null,"nidStorage":"14500","maxStorage":"14500","normalStorage":"14500","surfaceArea":"1120","drainageArea":"11636","maxDischarge":"200000","spillwayTypeId":"Uncontrolled","spillwayWidth":"1393","numberOfLocks":"1","lengthOfLocks":"360","widthOfLocks":"56","secondaryLengthOfLocks":null,"secondaryWidthOfLocks":null,"outletGateTypes":"None0;Uncontrolled0","dataUpdated":"2026-09-16","inspectionDate":"2023-11-16","inspectionFrequency":"5","publicHazardId":"Significant","conditionAssessId":"Not Available","conditionAssessDate":null,"eapId":"Yes","eapLastRevDate":"2023-10-31","websiteUrl":"https://www.usace.army.mil/Missions/Civil-Works/Dam-Safety-Program/Article/2870967/dam-safety-program/","usaceDivision":"Great Lakes and Ohio River Division","usaceDistrict":"Pittsburgh District","operationalStatusId":"Normal Operations","operationalStatusDate":"2025-11-20","inundationNidAddedId":"N/A","huc2":"05","huc4":"0501","huc6":"050100","huc8":"05010009","zipcode":"15206","nation":"USA","stateKey":"PA","femaRegion":"3","femaCommunity":"Pittsburgh city, Pennsylvania","aiannh":null,"hasDamPhotoId":"Yes","sectionSevenAuthorityId":"No"},"geometry":{"type":"Point","coordinates":[-79.91459846,40.487919619]}},
{"type":"Feature","properties":{"fid":92284,"name":"Allegheny River Lock and Dam 5","otherNames":null,"formerNames":null,"nidId":"PA00115","otherStructureId":null,"federalId":"PA00115","ownerNames":"USACE - Pittsburgh District","ownerTypeIds":"Federal","primaryOwnerTypeId":"Federal","separateStructuresCount":"0","isAssociatedStructureId":"No","designerNames":"CELRP","nonFederalDamOnFederalId":"No","primaryPurposeId":null,"purposeIds":"Irrigation;Navigation","sourceAgency":"US Army Corps of Engineers","stateFedId":"PA00115","latitude":"40.6836","longitude":"-79.66662","state":"Pennsylvania","county":"Armstrong","countyState":"Armstrong, Pennsylvania","city":"Freeport","distance":"1","riverName":"Allegheny River","congDist":"Congressional District 15, Pennsylvania","stateRegulatedId":"No","jurisdictionAuthorityId":"No","stateRegulatoryAgency":null,"permittingAuthorityId":"No","inspectionAuthorityId":"No","enforcementAuthorityId":"No","fedRegulatedId":"Yes","fedOwnerIds":"US Army Corps of Engineers","fedFundingIds":"US Army Corps of Engineers","fedDesignIds":"US Army Corps of Engineers","fedConstructionIds":"US Army Corps of Engineers","fedRegulatoryIds":"US Army Corps of Engineers","fedInspectionIds":"US Army Corps of Engineers","fedOperationIds":"US Army Corps of Engineers","fedOtherIds":"US Army Corps of Engineers","secretaryAgricultureBuiltId":null,"nrcsWatershedAuthorizationId":null,"primaryDamTypeId":"Gravity","damTypeIds":"Gravity","coreTypeIds":"Concrete","foundationTypeIds":"Rock","damHeight":null,"hydraulicHeight":"16","structuralHeight":"16","nidHeight":"16","nidHeightId":"Less than 25 feet","damLength":"856","volume":"0","yearCompleted":"1927","yearCompletedId":"1920-1929","yearsModified":null,"nidStorage":"9800","maxStorage":"9800","normalStorage":"9800","surfaceArea":"660","drainageArea":"9351","maxDischarge":"82000","spillwayTypeId":"Uncontrolled","spillwayWidth":"632","numberOfLocks":"1","lengthOfLocks":"360","widthOfLocks":"56","secondaryLengthOfLocks":null,"secondaryWidthOfLocks":null,"outletGateTypes":null,"dataUpdated":"2026-09-16","inspectionDate":"2024-08-09","inspectionFrequency":"5","publicHazardId":"Low","conditionAssessId":"Not Available","conditionAssessDate":null,"eapId":"Yes","eapLastRevDate":"2023-10-31","websiteUrl":"https://www.usace.army.mil/Missions/Civil-Works/Dam-Safety-Program/Article/2870967/dam-safety-program/","usaceDivision":"Great Lakes and Ohio River Division","usaceDistrict":"Pittsburgh District","operationalStatusId":"Normal Operations","operationalStatusDate":"2025-11-20","inundationNidAddedId":"N/A","huc2":"05","huc4":"0501","huc6":"050100","huc8":"05010006","zipcode":"15656","nation":"USA","stateKey":"PA","femaRegion":"3","femaCommunity":"Gilpin township, Pennsylvania","aiannh":null,"hasDamPhotoId":"Yes","sectionSevenAuthorityId":"No"},"geometry":{"type":"Point","coordinates":[-79.66662,40.6836]}},
{"type":"Feature","properties":{"fid":92314,"name":"Allegheny River Lock and Dam 9","otherNames":"Allegheny River Pool 09","formerNames":null,"nidId":"PA00119","otherStructureId":null,"federalId":"PA00119","ownerNames":"USACE - Pittsburgh District","ownerTypeIds":"Federal","primaryOwnerTypeId":"Federal","separateStructuresCount":"0","isAssociatedStructureId":"No","designerNames":"CELRP","nonFederalDamOnFederalId":"No","primaryPurposeId":"Navigation","purposeIds":"Navigation;Hydroelectric","sourceAgency":"US Army Corps of Engineers","stateFedId":"PA00119","latitude":"40.9562738920001","longitude":"-79.548755964","state":"Pennsylvania","county":"Armstrong","countyState":"Armstrong, Pennsylvania","city":"Rimer","distance":"2","riverName":"Allegheny River","congDist":"Congressional District 15, Pennsylvania","stateRegulatedId":"No","jurisdictionAuthorityId":"No","stateRegulatoryAgency":null,"permittingAuthorityId":"No","inspectionAuthorityId":"No","enforcementAuthorityId":"No","fedRegulatedId":"Yes","fedOwnerIds":"US Army Corps of Engineers","fedFundingIds":"US Army Corps of Engineers","fedDesignIds":"US Army Corps of Engineers","fedConstructionIds":"US Army Corps of Engineers","fedRegulatoryIds":"US Army Corps of Engineers","fedInspectionIds":"US Army Corps of Engineers","fedOperationIds":"US Army Corps of Engineers","fedOtherIds":"US Army Corps of Engineers","secretaryAgricultureBuiltId":null,"nrcsWatershedAuthorizationId":null,"primaryDamTypeId":"Gravity","damTypeIds":"Gravity","coreTypeIds":"Concrete","foundationTypeIds":"Rock","damHeight":null,"hydraulicHeight":"30","structuralHeight":"55","nidHeight":"55","nidHeightId":"51-100 feet","damLength":"1040","volume":"0","yearCompleted":"1938","yearCompletedId":"1930-1939","yearsModified":null,"nidStorage":"13500","maxStorage":"13500","normalStorage":"13500","surfaceArea":"1040","drainageArea":"8401","maxDischarge":"125000","spillwayTypeId":"Uncontrolled","spillwayWidth":"918","numberOfLocks":"1","lengthOfLocks":"360","widthOfLocks":"56","secondaryLengthOfLocks":null,"secondaryWidthOfLocks":null,"outletGateTypes":"None0;Uncontrolled0","dataUpdated":"2026-09-16","inspectionDate":"2024-09-20","inspectionFrequency":"5","publicHazardId":"Low","conditionAssessId":"Not Available","conditionAssessDate":null,"eapId":"Yes","eapLastRevDate":"2016-03-28","websiteUrl":"https://www.usace.army.mil/Missions/Civil-Works/Dam-Safety-Program/Article/2870967/dam-safety-program/","usaceDivision":"Great Lakes and Ohio River Division","usaceDistrict":"Pittsburgh District","operationalStatusId":"Normal Operations","operationalStatusDate":"2025-11-20","inundationNidAddedId":"N/A","huc2":"05","huc4":"0501","huc6":"050100","huc8":"05010006","zipcode":"16259","nation":"USA","stateKey":"PA","femaRegion":"3","femaCommunity":"Madison township, Pennsylvania","aiannh":null,"hasDamPhotoId":"Yes","sectionSevenAuthorityId":"No"},"geometry":{"type":"Point","coordinates":[-79.548755964,40.956273892000098]}},
{"type":"Feature","properties":{"fid":92336,"name":"Allegheny River Lock and Dam 7","otherNames":"Allegheny River Pool 07","formerNames":null,"nidId":"PA00117","otherStructureId":null,"federalId":"PA00117","ownerNames":"USACE - Pittsburgh District","ownerTypeIds":"Federal","primaryOwnerTypeId":"Federal","separateStructuresCount":"0","isAssociatedStructureId":"No","designerNames":"CELRP","nonFederalDamOnFederalId":"No","primaryPurposeId":"Navigation","purposeIds":"Navigation","sourceAgency":"US Army Corps of Engineers","stateFedId":"PA00117","latitude":"40.8191114260001","longitude":"-79.529376855","state":"Pennsylvania","county":"Armstrong","countyState":"Armstrong, Pennsylvania","city":"Kittanning","distance":"1","riverName":"Allegheny River","congDist":"Congressional District 15, Pennsylvania","stateRegulatedId":"No","jurisdictionAuthorityId":"No","stateRegulatoryAgency":null,"permittingAuthorityId":"No","inspectionAuthorityId":"No","enforcementAuthorityId":"No","fedRegulatedId":"Yes","fedOwnerIds":"US Army Corps of Engineers","fedFundingIds":"US Army Corps of Engineers","fedDesignIds":"US Army Corps of Engineers","fedConstructionIds":"US Army Corps of Engineers","fedRegulatoryIds":"US Army Corps of Engineers","fedInspectionIds":"US Army Corps of Engineers","fedOperationIds":"US Army Corps of Engineers","fedOtherIds":"US Army Corps of Engineers","secretaryAgricultureBuiltId":null,"nrcsWatershedAuthorizationId":null,"primaryDamTypeId":"Gravity","damTypeIds":"Gravity","coreTypeIds":"Concrete","foundationTypeIds":"Soil","damHeight":null,"hydraulicHeight":"32","structuralHeight":"19","nidHeight":"32","nidHeightId":"25-50 feet","damLength":"996","volume":"0","yearCompleted":"1931","yearCompletedId":"1930-1939","yearsModified":null,"nidStorage":"8400","maxStorage":"8400","normalStorage":"8400","surfaceArea":"640","drainageArea":"8982","maxDischarge":"110000","spillwayTypeId":"Uncontrolled","spillwayWidth":"916","numberOfLocks":"1","lengthOfLocks":"360","widthOfLocks":"56","secondaryLengthOfLocks":null,"secondaryWidthOfLocks":null,"outletGateTypes":"None0;Uncontrolled0","dataUpdated":"2026-09-16","inspectionDate":"2021-07-21","inspectionFrequency":"5","publicHazardId":"Low","conditionAssessId":"Not Available","conditionAssessDate":null,"eapId":"Yes","eapLastRevDate":"2016-03-28","websiteUrl":"https://www.usace.army.mil/Missions/Civil-Works/Dam-Safety-Program/Article/2870967/dam-safety-program/","usaceDivision":"Great Lakes and Ohio River Division","usaceDistrict":"Pittsburgh District","operationalStatusId":"Normal Operations","operationalStatusDate":"2025-11-20","inundationNidAddedId":"N/A","huc2":"05","huc4":"0501","huc6":"050100","huc8":"05010006","zipcode":"16201","nation":"USA","stateKey":"PA","femaRegion":"3","femaCommunity":"East Franklin township, Pennsylvania","aiannh":null,"hasDamPhotoId":"Yes","sectionSevenAuthorityId":"No"},"geometry":{"type":"Point","coordinates":[-79.529376855,40.819111426000099]}},
{"type":"Feature","properties":{"fid":92350,"name":"Allegheny River Lock and Dam 6","otherNames":"Allegheny River Pool 06","formerNames":null,"nidId":"PA00116","otherStructureId":null,"federalId":"PA00116","ownerNames":"USACE - Pittsburgh District","ownerTypeIds":"Federal","primaryOwnerTypeId":"Federal","separateStructuresCount":"0","isAssociatedStructureId":"No","designerNames":"CELRP","nonFederalDamOnFederalId":"No","primaryPurposeId":"Navigation","purposeIds":"Navigation;Hydroelectric","sourceAgency":"US Army Corps of Engineers","stateFedId":"PA00116","latitude":"40.7159423030001","longitude":"-79.5797448129999","state":"Pennsylvania","county":"Armstrong","countyState":"Armstrong, Pennsylvania","city":"Freeport","distance":"7","riverName":"Allegheny River","congDist":"Congressional District 15, Pennsylvania","stateRegulatedId":"No","jurisdictionAuthorityId":"No","stateRegulatoryAgency":null,"permittingAuthorityId":"No","inspectionAuthorityId":"No","enforcementAuthorityId":"No","fedRegulatedId":"Yes","fedOwnerIds":"US Army Corps of Engineers","fedFundingIds":"US Army Corps of Engineers","fedDesignIds":"US Army Corps of Engineers","fedConstructionIds":"US Army Corps of Engineers","fedRegulatoryIds":"US Army Corps of Engineers","fedInspectionIds":"US Army Corps of Engineers","fedOperationIds":"US Army Corps of Engineers","fedOtherIds":"US Army Corps of Engineers","secretaryAgricultureBuiltId":null,"nrcsWatershedAuthorizationId":null,"primaryDamTypeId":"Gravity","damTypeIds":"Gravity","coreTypeIds":"Concrete","foundationTypeIds":"Rock","damHeight":null,"hydraulicHeight":"21","structuralHeight":"21","nidHeight":"21","nidHeightId":"Less than 25 feet","damLength":"1212","volume":"0","yearCompleted":"1928","yearCompletedId":"1920-1929","yearsModified":null,"nidStorage":"14000","maxStorage":"14000","normalStorage":"14000","surfaceArea":"1260","drainageArea":"9332","maxDischarge":"120000","spillwayTypeId":"Uncontrolled","spillwayWidth":"1140","numberOfLocks":"1","lengthOfLocks":"360","widthOfLocks":"56","secondaryLengthOfLocks":null,"secondaryWidthOfLocks":null,"outletGateTypes":"None0;Uncontrolled0","dataUpdated":"2026-09-16","inspectionDate":"2023-05-02","inspectionFrequency":"5","publicHazardId":"Low","conditionAssessId":"Not Available","conditionAssessDate":null,"eapId":"Yes","eapLastRevDate":"2016-03-28","websiteUrl":"https://www.usace.army.mil/Missions/Civil-Works/Dam-Safety-Program/Article/2870967/dam-safety-program/","usaceDivision":"Great Lakes and Ohio River Division","usaceDistrict":"Pittsburgh District","operationalStatusId":"Normal Operations","operationalStatusDate":"2025-11-20","inundationNidAddedId":"N/A","huc2":"05","huc4":"0501","huc6":"050100","huc8":"05010006","zipcode":"16229","nation":"USA","stateKey":"PA","femaRegion":"3","femaCommunity":"South Buffalo township, Pennsylvania","aiannh":null,"hasDamPhotoId":"Yes","sectionSevenAuthorityId":"No"},"geometry":{"type":"Point","coordinates":[-79.579744812999905,40.715942303000098]}},
{"type":"Feature","properties":{"fid":92354,"name":"C.W. Bill Young Lock and Dam","otherNames":null,"formerNames":"Allegheny River Lock and Dam 3","nidId":"PA00113","otherStructureId":null,"federalId":"PA00113","ownerNames":"USACE - Pittsburgh District","ownerTypeIds":"Federal","primaryOwnerTypeId":"Federal","separateStructuresCount":"0","isAssociatedStructureId":"No","designerNames":"CELRP","nonFederalDamOnFederalId":"No","primaryPurposeId":"Navigation","purposeIds":"Navigation","sourceAgency":"US Army Corps of Engineers","stateFedId":"PA00113","latitude":"40.5382032860001","longitude":"-79.815366303","state":"Pennsylvania","county":"Allegheny","countyState":"Allegheny, Pennsylvania","city":"Oakmont","distance":"1","riverName":"Allegheny River","congDist":"Congressional District 17, Pennsylvania","stateRegulatedId":"No","jurisdictionAuthorityId":"No","stateRegulatoryAgency":null,"permittingAuthorityId":"No","inspectionAuthorityId":"No","enforcementAuthorityId":"No","fedRegulatedId":"Yes","fedOwnerIds":"US Army Corps of Engineers","fedFundingIds":"US Army Corps of Engineers","fedDesignIds":"US Army Corps of Engineers","fedConstructionIds":"US Army Corps of Engineers","fedRegulatoryIds":"US Army Corps of Engineers","fedInspectionIds":"US Army Corps of Engineers","fedOperationIds":"US Army Corps of Engineers","fedOtherIds":"US Army Corps of Engineers","secretaryAgricultureBuiltId":null,"nrcsWatershedAuthorizationId":null,"primaryDamTypeId":"Gravity","damTypeIds":"Gravity","coreTypeIds":"Concrete","foundationTypeIds":"Rock","damHeight":null,"hydraulicHeight":"36","structuralHeight":"36","nidHeight":"36","nidHeightId":"25-50 feet","damLength":"1550","volume":"0","yearCompleted":"1934","yearCompletedId":"1930-1939","yearsModified":null,"nidStorage":"16800","maxStorage":"16800","normalStorage":"16800","surfaceArea":"1220","drainageArea":"11537","maxDischarge":"200000","spillwayTypeId":"Uncontrolled","spillwayWidth":"1436","numberOfLocks":"1","lengthOfLocks":"360","widthOfLocks":"56","secondaryLengthOfLocks":null,"secondaryWidthOfLocks":null,"outletGateTypes":"None0;Uncontrolled0","dataUpdated":"2026-09-16","inspectionDate":"2018-10-03","inspectionFrequency":"5","publicHazardId":"Significant","conditionAssessId":"Not Available","conditionAssessDate":null,"eapId":"Yes","eapLastRevDate":"2016-03-28","websiteUrl":"https://www.usace.army.mil/Missions/Civil-Works/Dam-Safety-Program/Article/2870967/dam-safety-program/","usaceDivision":"Great Lakes and Ohio River Division","usaceDistrict":"Pittsburgh District","operationalStatusId":"Normal Operations","operationalStatusDate":"2020-03-30","inundationNidAddedId":"N/A","huc2":"05","huc4":"0501","huc6":"050100","huc8":"05010009","zipcode":"15024","nation":"USA","stateKey":"PA","femaRegion":"3","femaCommunity":"Harmar township, Pennsylvania","aiannh":null,"hasDamPhotoId":"Yes","sectionSevenAuthorityId":"No"},"geometry":{"type":"Point","coordinates":[-79.815366303,40.538203286000098]}},
{"type":"Feature","properties":{"fid":92373,"name":"Allegheny River Lock and Dam 4","otherNames":"Allegheny River Pool 04","formerNames":null,"nidId":"PA00114","otherStructureId":null,"federalId":"PA00114","ownerNames":"USACE - Pittsburgh District","ownerTypeIds":"Federal","primaryOwnerTypeId":"Federal","separateStructuresCount":"0","isAssociatedStructureId":"No","designerNames":"CELRP","nonFederalDamOnFederalId":"No","primaryPurposeId":"Navigation","purposeIds":"Navigation","sourceAgency":"US Army Corps of Engineers","stateFedId":"PA00114","latitude":"40.613589839","longitude":"-79.718029048","state":"Pennsylvania","county":"Allegheny","countyState":"Allegheny, Pennsylvania","city":"Brackenridge","distance":"1","riverName":"Allegheny River","congDist":"Congressional District 17, Pennsylvania","stateRegulatedId":"No","jurisdictionAuthorityId":"No","stateRegulatoryAgency":null,"permittingAuthorityId":"No","inspectionAuthorityId":"No","enforcementAuthorityId":"No","fedRegulatedId":"Yes","fedOwnerIds":"US Army Corps of Engineers","fedFundingIds":"US Army Corps of Engineers","fedDesignIds":"US Army Corps of Engineers","fedConstructionIds":"US Army Corps of Engineers","fedRegulatoryIds":"US Army Corps of Engineers","fedInspectionIds":"US Army Corps of Engineers","fedOperationIds":"US Army Corps of Engineers","fedOtherIds":"US Army Corps of Engineers","secretaryAgricultureBuiltId":null,"nrcsWatershedAuthorizationId":null,"primaryDamTypeId":"Gravity","damTypeIds":"Gravity","coreTypeIds":"Concrete","foundationTypeIds":"Rock","damHeight":null,"hydraulicHeight":"29","structuralHeight":"29","nidHeight":"29","nidHeightId":"25-50 feet","damLength":"954","volume":"0","yearCompleted":"1927","yearCompletedId":"1920-1929","yearsModified":null,"nidStorage":"9000","maxStorage":"9000","normalStorage":"9000","surfaceArea":"710","drainageArea":"11419","maxDischarge":"140000","spillwayTypeId":"Uncontrolled","spillwayWidth":"876","numberOfLocks":"1","lengthOfLocks":"360","widthOfLocks":"56","secondaryLengthOfLocks":null,"secondaryWidthOfLocks":null,"outletGateTypes":"None0;Uncontrolled0","dataUpdated":"2026-09-16","inspectionDate":"2018-11-07","inspectionFrequency":"5","publicHazardId":"Significant","conditionAssessId":"Not Available","conditionAssessDate":null,"eapId":"Yes","eapLastRevDate":"2023-10-31","websiteUrl":"https://www.usace.army.mil/Missions/Civil-Works/Dam-Safety-Program/Article/2870967/dam-safety-program/","usaceDivision":"Great Lakes and Ohio River Division","usaceDistrict":"Pittsburgh District","operationalStatusId":"Normal Operations","operationalStatusDate":"2020-09-01","inundationNidAddedId":"N/A","huc2":"05","huc4":"0501","huc6":"050100","huc8":"05010009","zipcode":"15065","nation":"USA","stateKey":"PA","femaRegion":"3","femaCommunity":"Harrison township, Pennsylvania","aiannh":null,"hasDamPhotoId":"Yes","sectionSevenAuthorityId":"No"},"geometry":{"type":"Point","coordinates":[-79.718029048,40.613589839]}},
{"type":"Feature","properties":{"fid":59937,"name":"Colver","otherNames":null,"formerNames":null,"nidId":"PA00437","otherStructureId":null,"federalId":"PA00437","ownerNames":"CAMBRIA TOWNSHIP WATER AUTHORITY","ownerTypeIds":"Local Government","primaryOwnerTypeId":"Local Government","separateStructuresCount":"0","isAssociatedStructureId":"No","designerNames":null,"nonFederalDamOnFederalId":"No","primaryPurposeId":"Water Supply","purposeIds":"Water Supply","sourceAgency":"Pennsylvania","stateFedId":"D11-020","latitude":"40.57111111","longitude":"-78.78138889","state":"Pennsylvania","county":"Cambria","countyState":"Cambria, Pennsylvania","city":null,"distance":null,"riverName":"North Branch Black Lick Creek","congDist":"Congressional District 13, Pennsylvania","stateRegulatedId":"Yes","jurisdictionAuthorityId":"Yes","stateRegulatoryAgency":"Pennsylvania Department of Environmental Protection","permittingAuthorityId":"Yes","inspectionAuthorityId":"Yes","enforcementAuthorityId":"Yes","fedRegulatedId":"No","fedOwnerIds":null,"fedFundingIds":null,"fedDesignIds":null,"fedConstructionIds":null,"fedRegulatoryIds":null,"fedInspectionIds":null,"fedOperationIds":null,"fedOtherIds":null,"secretaryAgricultureBuiltId":"No","nrcsWatershedAuthorizationId":"N/A","primaryDamTypeId":"Earth","damTypeIds":"Earth","coreTypeIds":"Unlisted/Unknown;Unlisted/Unknown","foundationTypeIds":"Unlisted/Unknown","damHeight":"52","hydraulicHeight":null,"structuralHeight":null,"nidHeight":"52","nidHeightId":"51-100 feet","damLength":"1200","volume":null,"yearCompleted":"1994","yearCompletedId":"1990-1999","yearsModified":null,"nidStorage":"2263","maxStorage":"2263","normalStorage":"1309","surfaceArea":"76.4","drainageArea":"5.3","maxDischarge":null,"spillwayTypeId":null,"spillwayWidth":null,"numberOfLocks":null,"lengthOfLocks":null,"widthOfLocks":null,"secondaryLengthOfLocks":null,"secondaryWidthOfLocks":null,"outletGateTypes":null,"dataUpdated":"2021-04-09","inspectionDate":"2019-10-02","inspectionFrequency":"1","publicHazardId":"High","conditionAssessId":"Fair","conditionAssessDate":null,"eapId":"Yes","eapLastRevDate":null,"websiteUrl":"https://damsafety.org/pennsylvania","usaceDivision":"Great Lakes and Ohio River Division","usaceDistrict":"Pittsburgh District","operationalStatusId":null,"operationalStatusDate":null,"inundationNidAddedId":"No","huc2":"05","huc4":"0501","huc6":"050100","huc8":"05010007","zipcode":"15931","nation":"USA","stateKey":"PA","femaRegion":"3","femaCommunity":"Cambria township, Pennsylvania","aiannh":null,"hasDamPhotoId":"No","sectionSevenAuthorityId":"No"},"geometry":{"type":"Point","coordinates":[-78.78138889,40.57111111]}},
{"type":"Feature","properties":{"fid":47378,"name":"Williams Run","otherNames":null,"formerNames":null,"nidId":"PA00432","otherStructureId":null,"federalId":"PA00432","ownerNames":"NANTY GLO WATER AUTHORITY","ownerTypeIds":"Local Government","primaryOwnerTypeId":"Local Government","separateStructuresCount":"0","isAssociatedStructureId":"No","designerNames":null,"nonFederalDamOnFederalId":"No","primaryPurposeId":"Water Supply","purposeIds":"Water Supply","sourceAgency":"Pennsylvania","stateFedId":"D11-097","latitude":"40.50111111","longitude":"-78.77166667","state":"Pennsylvania","county":"Cambria","countyState":"Cambria, Pennsylvania","city":null,"distance":null,"riverName":"Williams Run","congDist":"Congressional District 13, Pennsylvania","stateRegulatedId":"Yes","jurisdictionAuthorityId":"Yes","stateRegulatoryAgency":"Pennsylvania Department of Environmental Protection","permittingAuthorityId":"Yes","inspectionAuthorityId":"Yes","enforcementAuthorityId":"Yes","fedRegulatedId":"No","fedOwnerIds":null,"fedFundingIds":null,"fedDesignIds":null,"fedConstructionIds":null,"fedRegulatoryIds":null,"fedInspectionIds":null,"fedOperationIds":null,"fedOtherIds":null,"secretaryAgricultureBuiltId":"No","nrcsWatershedAuthorizationId":"N/A","primaryDamTypeId":"Earth","damTypeIds":"Earth","coreTypeIds":"Unlisted/Unknown;Unlisted/Unknown","foundationTypeIds":"Unlisted/Unknown","damHeight":"43","hydraulicHeight":null,"structuralHeight":null,"nidHeight":"43","nidHeightId":"25-50 feet","damLength":"370","volume":null,"yearCompleted":"1956","yearCompletedId":"1950-1959","yearsModified":"2004O","nidStorage":"1530","maxStorage":"1530","normalStorage":"480","surfaceArea":"70","drainageArea":"4.45","maxDischarge":null,"spillwayTypeId":null,"spillwayWidth":null,"numberOfLocks":null,"lengthOfLocks":null,"widthOfLocks":null,"secondaryLengthOfLocks":null,"secondaryWidthOfLocks":null,"outletGateTypes":null,"dataUpdated":"2021-04-09","inspectionDate":"2020-09-23","inspectionFrequency":"1","publicHazardId":"High","conditionAssessId":"Fair","conditionAssessDate":null,"eapId":"Yes","eapLastRevDate":null,"websiteUrl":"https://damsafety.org/pennsylvania","usaceDivision":"Great Lakes and Ohio River Division","usaceDistrict":"Pittsburgh District","operationalStatusId":null,"operationalStatusDate":null,"inundationNidAddedId":"No","huc2":"05","huc4":"0501","huc6":"050100","huc8":"05010007","zipcode":"15931","nation":"USA","stateKey":"PA","femaRegion":"3","femaCommunity":"Cambria township, Pennsylvania","aiannh":null,"hasDamPhotoId":"No","sectionSevenAuthorityId":"No"},"geometry":{"type":"Point","coordinates":[-78.77166667,40.50111111]}},
{"type":"Feature","properties":{"fid":29854,"name":"Helvetia","otherNames":null,"formerNames":null,"nidId":"PA01055","otherStructureId":null,"federalId":"PA01055","ownerNames":"ANDY AND GEORGE KOVALCHICK","ownerTypeIds":"Private","primaryOwnerTypeId":"Private","separateStructuresCount":"0","isAssociatedStructureId":"No","designerNames":null,"nonFederalDamOnFederalId":"No","primaryPurposeId":"Recreation","purposeIds":"Recreation","sourceAgency":"Pennsylvania","stateFedId":"D17-076","latitude":"41.045","longitude":"-78.76833333","state":"Pennsylvania","county":"Clearfield","countyState":"Clearfield, Pennsylvania","city":null,"distance":null,"riverName":"Stump Creek","congDist":"Congressional District 15, Pennsylvania","stateRegulatedId":"Yes","jurisdictionAuthorityId":"Yes","stateRegulatoryAgency":"Pennsylvania Department of Environmental Protection","permittingAuthorityId":"Yes","inspectionAuthorityId":"Yes","enforcementAuthorityId":"Yes","fedRegulatedId":"No","fedOwnerIds":null,"fedFundingIds":null,"fedDesignIds":null,"fedConstructionIds":null,"fedRegulatoryIds":null,"fedInspectionIds":null,"fedOperationIds":null,"fedOtherIds":null,"secretaryAgricultureBuiltId":"No","nrcsWatershedAuthorizationId":"N/A","primaryDamTypeId":"Earth","damTypeIds":"Earth","coreTypeIds":"Unlisted/Unknown;Unlisted/Unknown","foundationTypeIds":"Unlisted/Unknown","damHeight":"15","hydraulicHeight":null,"structuralHeight":null,"nidHeight":"15","nidHeightId":"Less than 25 feet","damLength":"1200","volume":null,"yearCompleted":"1921","yearCompletedId":"1920-1929","yearsModified":null,"nidStorage":"109","maxStorage":"109","normalStorage":"49","surfaceArea":"15","drainageArea":"3","maxDischarge":null,"spillwayTypeId":null,"spillwayWidth":null,"numberOfLocks":null,"lengthOfLocks":null,"widthOfLocks":null,"secondaryLengthOfLocks":null,"secondaryWidthOfLocks":null,"outletGateTypes":null,"dataUpdated":"2021-04-09","inspectionDate":"2015-07-09","inspectionFrequency":"5","publicHazardId":"Low","conditionAssessId":"Not Rated","conditionAssessDate":null,"eapId":"Not Required","eapLastRevDate":null,"websiteUrl":"https://damsafety.org/pennsylvania","usaceDivision":"Great Lakes and Ohio River Division","usaceDistrict":"Pittsburgh District","operationalStatusId":null,"operationalStatusDate":null,"inundationNidAddedId":"No","huc2":"05","huc4":"0501","huc6":"050100","huc8":"05010006","zipcode":"15848","nation":"USA","stateKey":"PA","femaRegion":"3","femaCommunity":"Brady township, Pennsylvania","aiannh":null,"hasDamPhotoId":"No","sectionSevenAuthorityId":"No"},"geometry":{"type":"Point","coordinates":[-78.76833333,41.045]}},
{"type":"Feature","properties":{"fid":41755,"name":"Juniata Lake","otherNames":null,"formerNames":null,"nidId":"PA01458","otherStructureId":null,"federalId":"PA01458","ownerNames":"CITY OF DUBOIS","ownerTypeIds":"Local Government","primaryOwnerTypeId":"Local Government","separateStructuresCount":"0","isAssociatedStructureId":"No","designerNames":null,"nonFederalDamOnFederalId":"No","primaryPurposeId":"Recreation","purposeIds":"Recreation","sourceAgency":"Pennsylvania","stateFedId":"D17-092","latitude":"41.13333333","longitude":"-78.75666667","state":"Pennsylvania","county":"Clearfield","countyState":"Clearfield, Pennsylvania","city":null,"distance":null,"riverName":"Juniata Run","congDist":"Congressional District 15, Pennsylvania","stateRegulatedId":"Yes","jurisdictionAuthorityId":"Yes","stateRegulatoryAgency":"Pennsylvania Department of Environmental Protection","permittingAuthorityId":"Yes","inspectionAuthorityId":"Yes","enforcementAuthorityId":"Yes","fedRegulatedId":"No","fedOwnerIds":null,"fedFundingIds":null,"fedDesignIds":null,"fedConstructionIds":null,"fedRegulatoryIds":null,"fedInspectionIds":null,"fedOperationIds":null,"fedOtherIds":null,"secretaryAgricultureBuiltId":"No","nrcsWatershedAuthorizationId":"N/A","primaryDamTypeId":"Earth","damTypeIds":"Earth","coreTypeIds":"Unlisted/Unknown;Unlisted/Unknown","foundationTypeIds":"Unlisted/Unknown","damHeight":"10","hydraulicHeight":null,"structuralHeight":null,"nidHeight":"10","nidHeightId":"Less than 25 feet","damLength":"350","volume":null,"yearCompleted":"1934","yearCompletedId":"1930-1939","yearsModified":null,"nidStorage":"32","maxStorage":"32","normalStorage":"20","surfaceArea":"5","drainageArea":"1.1","maxDischarge":null,"spillwayTypeId":null,"spillwayWidth":null,"numberOfLocks":null,"lengthOfLocks":null,"widthOfLocks":null,"secondaryLengthOfLocks":null,"secondaryWidthOfLocks":null,"outletGateTypes":null,"dataUpdated":"2021-04-09","inspectionDate":"2017-11-02","inspectionFrequency":"2","publicHazardId":"Significant","conditionAssessId":"Fair","conditionAssessDate":null,"eapId":"No","eapLastRevDate":null,"websiteUrl":"https://damsafety.org/pennsylvania","usaceDivision":"Great Lakes and Ohio River Division","usaceDistrict":"Pittsburgh District","operationalStatusId":null,"operationalStatusDate":null,"inundationNidAddedId":"No","huc2":"05","huc4":"0501","huc6":"050100","huc8":"05010006","zipcode":"15801","nation":"USA","stateKey":"PA","femaRegion":"3","femaCommunity":"DuBois city, Pennsylvania","aiannh":null,"hasDamPhotoId":"No","sectionSevenAuthorityId":"No"},"geometry":{"type":"Point","coordinates":[-78.75666667,41.13333333]}},
{"type":"Feature","properties":{"fid":41695,"name":"Ebensburg Storage","otherNames":null,"formerNames":null,"nidId":"PA00442","otherStructureId":null,"federalId":"PA00442","ownerNames":"BOROUGH OF EBENSBURG","ownerTypeIds":"Local Government","primaryOwnerTypeId":"Local Government","separateStructuresCount":"0","isAssociatedStructureId":"No","designerNames":null,"nonFederalDamOnFederalId":"No","primaryPurposeId":"Water Supply","purposeIds":"Water Supply","sourceAgency":"Pennsylvania","stateFedId":"D11-061","latitude":"40.48944444","longitude":"-78.7175","state":"Pennsylvania","county":"Cambria","countyState":"Cambria, Pennsylvania","city":null,"distance":null,"riverName":"Howells Run","congDist":"Congressional District 13, Pennsylvania","stateRegulatedId":"Yes","jurisdictionAuthorityId":"Yes","stateRegulatoryAgency":"Pennsylvania Department of Environmental Protection","permittingAuthorityId":"Yes","inspectionAuthorityId":"Yes","enforcementAuthorityId":"Yes","fedRegulatedId":"No","fedOwnerIds":null,"fedFundingIds":null,"fedDesignIds":null,"fedConstructionIds":null,"fedRegulatoryIds":null,"fedInspectionIds":null,"fedOperationIds":null,"fedOtherIds":null,"secretaryAgricultureBuiltId":"No","nrcsWatershedAuthorizationId":"N/A","primaryDamTypeId":"Earth","damTypeIds":"Earth","coreTypeIds":"Unlisted/Unknown;Unlisted/Unknown","foundationTypeIds":"Unlisted/Unknown","damHeight":"16","hydraulicHeight":null,"structuralHeight":null,"nidHeight":"16","nidHeightId":"Less than 25 feet","damLength":"670","volume":null,"yearCompleted":"1923","yearCompletedId":"1920-1929","yearsModified":null,"nidStorage":"139","maxStorage":"139","normalStorage":"92","surfaceArea":"9","drainageArea":"1.9","maxDischarge":null,"spillwayTypeId":null,"spillwayWidth":null,"numberOfLocks":null,"lengthOfLocks":null,"widthOfLocks":null,"secondaryLengthOfLocks":null,"secondaryWidthOfLocks":null,"outletGateTypes":null,"dataUpdated":"2021-04-09","inspectionDate":"2020-09-23","inspectionFrequency":"1","publicHazardId":"High","conditionAssessId":"Poor","conditionAssessDate":null,"eapId":"Yes","eapLastRevDate":null,"websiteUrl":"https://damsafety.org/pennsylvania","usaceDivision":"Great Lakes and Ohio River Division","usaceDistrict":"Pittsburgh District","operationalStatusId":null,"operationalStatusDate":null,"inundationNidAddedId":"No","huc2":"05","huc4":"0501","huc6":"050100","huc8":"05010007","zipcode":"15931","nation":"USA","stateKey":"PA","femaRegion":"3","femaCommunity":"Ebensburg borough, Pennsylvania","aiannh":null,"hasDamPhotoId":"No","sectionSevenAuthorityId":"No"},"geometry":{"type":"Point","coordinates":[-78.7175,40.48944444]}},
{"type":"Feature","properties":{"fid":43092,"name":"Lake Rowena","otherNames":null,"formerNames":null,"nidId":"PA01054","otherStructureId":null,"federalId":"PA01054","ownerNames":"BOROUGH OF EBENSBURG","ownerTypeIds":"Local Government","primaryOwnerTypeId":"Local Government","separateStructuresCount":"0","isAssociatedStructureId":"No","designerNames":null,"nonFederalDamOnFederalId":"No","primaryPurposeId":"Recreation","purposeIds":"Recreation","sourceAgency":"Pennsylvania","stateFedId":"D11-024","latitude":"40.47972222","longitude":"-78.71638889","state":"Pennsylvania","county":"Cambria","countyState":"Cambria, Pennsylvania","city":null,"distance":null,"riverName":"Howells Run","congDist":"Congressional District 13, Pennsylvania","stateRegulatedId":"Yes","jurisdictionAuthorityId":"Yes","stateRegulatoryAgency":"Pennsylvania Department of Environmental Protection","permittingAuthorityId":"Yes","inspectionAuthorityId":"Yes","enforcementAuthorityId":"Yes","fedRegulatedId":"No","fedOwnerIds":null,"fedFundingIds":null,"fedDesignIds":null,"fedConstructionIds":null,"fedRegulatoryIds":null,"fedInspectionIds":null,"fedOperationIds":null,"fedOtherIds":null,"secretaryAgricultureBuiltId":"No","nrcsWatershedAuthorizationId":"N/A","primaryDamTypeId":"Earth","damTypeIds":"Earth","coreTypeIds":"Unlisted/Unknown;Unlisted/Unknown","foundationTypeIds":"Unlisted/Unknown","damHeight":"17","hydraulicHeight":null,"structuralHeight":null,"nidHeight":"17","nidHeightId":"Less than 25 feet","damLength":"548","volume":null,"yearCompleted":"1951","yearCompletedId":"1950-1959","yearsModified":null,"nidStorage":"118","maxStorage":"118","normalStorage":"21","surfaceArea":"14","drainageArea":"4.5","maxDischarge":null,"spillwayTypeId":null,"spillwayWidth":null,"numberOfLocks":null,"lengthOfLocks":null,"widthOfLocks":null,"secondaryLengthOfLocks":null,"secondaryWidthOfLocks":null,"outletGateTypes":null,"dataUpdated":"2021-04-09","inspectionDate":"2017-07-19","inspectionFrequency":"5","publicHazardId":"Low","conditionAssessId":"Not Rated","conditionAssessDate":null,"eapId":"Not Required","eapLastRevDate":null,"websiteUrl":"https://damsafety.org/pennsylvania","usaceDivision":"Great Lakes and Ohio River Division","usaceDistrict":"Pittsburgh District","operationalStatusId":null,"operationalStatusDate":null,"inundationNidAddedId":"No","huc2":"05","huc4":"0501","huc6":"050100","huc8":"05010007","zipcode":"15931","nation":"USA","stateKey":"PA","femaRegion":"3","femaCommunity":"Ebensburg borough, Pennsylvania","aiannh":null,"hasDamPhotoId":"No","sectionSevenAuthorityId":"No"},"geometry":{"type":"Point","coordinates":[-78.71638889,40.47972222]}},
{"type":"Feature","properties":{"fid":41412,"name":"Mine 33 Sed Pond No. 1","otherNames":null,"formerNames":null,"nidId":"PA83539","otherStructureId":null,"federalId":"PA83539","ownerNames":"Robindale Energy Services, Inc.","ownerTypeIds":"Private","primaryOwnerTypeId":"Private","separateStructuresCount":"0","isAssociatedStructureId":"No","designerNames":null,"nonFederalDamOnFederalId":null,"primaryPurposeId":"Other","purposeIds":"Other","sourceAgency":"Mine Safety and Health Administration","stateFedId":"PA02-00254-02","latitude":"40.455","longitude":"-78.700556","state":"Pennsylvania","county":"Cambria","countyState":"Cambria, Pennsylvania","city":"Portage","distance":"4.7","riverName":null,"congDist":"Congressional District 13, Pennsylvania","stateRegulatedId":"No","jurisdictionAuthorityId":"No","stateRegulatoryAgency":null,"permittingAuthorityId":"No","inspectionAuthorityId":"No","enforcementAuthorityId":"No","fedRegulatedId":"Yes","fedOwnerIds":null,"fedFundingIds":null,"fedDesignIds":null,"fedConstructionIds":null,"fedRegulatoryIds":"Mine Safety and Health Administration","fedInspectionIds":"Mine Safety and Health Administration","fedOperationIds":null,"fedOtherIds":null,"secretaryAgricultureBuiltId":"No","nrcsWatershedAuthorizationId":"N/A","primaryDamTypeId":"Earth","damTypeIds":"Earth","coreTypeIds":null,"foundationTypeIds":null,"damHeight":"32","hydraulicHeight":null,"structuralHeight":null,"nidHeight":"32","nidHeightId":"25-50 feet","damLength":"300","volume":null,"yearCompleted":null,"yearCompletedId":"Undetermined","yearsModified":null,"nidStorage":"67","maxStorage":"67","normalStorage":null,"surfaceArea":null,"drainageArea":null,"maxDischarge":null,"spillwayTypeId":null,"spillwayWidth":null,"numberOfLocks":null,"lengthOfLocks":null,"widthOfLocks":null,"secondaryLengthOfLocks":null,"secondaryWidthOfLocks":null,"outletGateTypes":null,"dataUpdated":"2021-05-03","inspectionDate":null,"inspectionFrequency":null,"publicHazardId":"Low","conditionAssessId":"Not Available","conditionAssessDate":null,"eapId":"Not Required","eapLastRevDate":null,"websiteUrl":"https://www.msha.gov/training-education/safety-and-health-materials/safety-topic-impoundments-and-dams","usaceDivision":"Great Lakes and Ohio River Division","usaceDistrict":"Pittsburgh District","operationalStatusId":null,"operationalStatusDate":null,"inundationNidAddedId":"No","huc2":"05","huc4":"0501","huc6":"050100","huc8":"05010007","zipcode":"15931","nation":"USA","stateKey":"PA","femaRegion":"3","femaCommunity":"Cambria township, Pennsylvania","aiannh":null,"hasDamPhotoId":"No","sectionSevenAuthorityId":"No"},"geometry":{"type":"Point","coordinates":[-78.700556,40.455]}},
{"type":"Feature","properties":{"fid":45888,"name":"Lake Sabula","otherNames":null,"formerNames":null,"nidId":"PA00425","otherStructureId":null,"federalId":"PA00425","ownerNames":"SABULA OUTING CLUB","ownerTypeIds":"Private","primaryOwnerTypeId":"Private","separateStructuresCount":"0","isAssociatedStructureId":"No","designerNames":null,"nonFederalDamOnFederalId":"No","primaryPurposeId":"Recreation","purposeIds":"Recreation","sourceAgency":"Pennsylvania","stateFedId":"D17-010","latitude":"41.15361111","longitude":"-78.66666667","state":"Pennsylvania","county":"Clearfield","countyState":"Clearfield, Pennsylvania","city":null,"distance":null,"riverName":"Sandy Lick Creek","congDist":"Congressional District 15, Pennsylvania","stateRegulatedId":"Yes","jurisdictionAuthorityId":"Yes","stateRegulatoryAgency":"Pennsylvania Department of Environmental Protection","permittingAuthorityId":"Yes","inspectionAuthorityId":"Yes","enforcementAuthorityId":"Yes","fedRegulatedId":"No","fedOwnerIds":null,"fedFundingIds":null,"fedDesignIds":null,"fedConstructionIds":null,"fedRegulatoryIds":null,"fedInspectionIds":null,"fedOperationIds":null,"fedOtherIds":null,"secretaryAgricultureBuiltId":"No","nrcsWatershedAuthorizationId":"N/A","primaryDamTypeId":"Earth","damTypeIds":"Earth","coreTypeIds":"Unlisted/Unknown;Unlisted/Unknown","foundationTypeIds":"Unlisted/Unknown","damHeight":"22","hydraulicHeight":null,"structuralHeight":null,"nidHeight":"22","nidHeightId":"Less than 25 feet","damLength":"600","volume":null,"yearCompleted":"1870","yearCompletedId":"Before 1900","yearsModified":null,"nidStorage":"500","maxStorage":"500","normalStorage":"307","surfaceArea":"42","drainageArea":"3.6","maxDischarge":null,"spillwayTypeId":null,"spillwayWidth":null,"numberOfLocks":null,"lengthOfLocks":null,"widthOfLocks":null,"secondaryLengthOfLocks":null,"secondaryWidthOfLocks":null,"outletGateTypes":null,"dataUpdated":"2021-04-09","inspectionDate":"2017-11-02","inspectionFrequency":"2","publicHazardId":"Significant","conditionAssessId":"Satisfactory","conditionAssessDate":null,"eapId":"Yes","eapLastRevDate":null,"websiteUrl":"https://damsafety.org/pennsylvania","usaceDivision":"Great Lakes and Ohio River Division","usaceDistrict":"Pittsburgh District","operationalStatusId":null,"operationalStatusDate":null,"inundationNidAddedId":"No","huc2":"02","huc4":"0205","huc6":"020502","huc8":"02050202","zipcode":"15801","nation":"USA","stateKey":"PA","femaRegion":"3","femaCommunity":"Sandy township, Pennsylvania","aiannh":null,"hasDamPhotoId":"No","sectionSevenAuthorityId":"No"},"geometry":{"type":"Point","coordinates":[-78.66666667,41.15361111]}},
{"type":"Feature","properties":{"fid":53420,"name":"Leachate Equalization Impoundment","otherNames":null,"formerNames":null,"nidId":"PA01542","otherStructureId":null,"federalId":"PA01542","ownerNames":"THAD SORG","ownerTypeIds":"Private","primaryOwnerTypeId":"Private","separateStructuresCount":"0","isAssociatedStructureId":"No","designerNames":null,"nonFederalDamOnFederalId":"No","primaryPurposeId":"Other","purposeIds":"Other","sourceAgency":"Pennsylvania","stateFedId":"D24-058","latitude":"41.29611111","longitude":"-78.64805556","state":"Pennsylvania","county":"Elk","countyState":"Elk, Pennsylvania","city":null,"distance":null,"riverName":"Tr Sawmill Run","congDist":"Congressional District 15, Pennsylvania","stateRegulatedId":"Yes","jurisdictionAuthorityId":"Yes","stateRegulatoryAgency":"Pennsylvania Department of Environmental Protection","permittingAuthorityId":"Yes","inspectionAuthorityId":"Yes","enforcementAuthorityId":"Yes","fedRegulatedId":"No","fedOwnerIds":null,"fedFundingIds":null,"fedDesignIds":null,"fedConstructionIds":null,"fedRegulatoryIds":null,"fedInspectionIds":null,"fedOperationIds":null,"fedOtherIds":null,"secretaryAgricultureBuiltId":"No","nrcsWatershedAuthorizationId":"N/A","primaryDamTypeId":"Earth","damTypeIds":"Earth","coreTypeIds":"Unlisted/Unknown;Unlisted/Unknown","foundationTypeIds":"Unlisted/Unknown","damHeight":"95","hydraulicHeight":null,"structuralHeight":null,"nidHeight":"95","nidHeightId":"51-100 feet","damLength":"700","volume":null,"yearCompleted":"1992","yearCompletedId":"1990-1999","yearsModified":null,"nidStorage":"22.2","maxStorage":"22.2","normalStorage":null,"surfaceArea":null,"drainageArea":"2.02","maxDischarge":null,"spillwayTypeId":null,"spillwayWidth":null,"numberOfLocks":null,"lengthOfLocks":null,"widthOfLocks":null,"secondaryLengthOfLocks":null,"secondaryWidthOfLocks":null,"outletGateTypes":null,"dataUpdated":"2021-04-09","inspectionDate":"2015-07-16","inspectionFrequency":"5","publicHazardId":"Low","conditionAssessId":"Not Rated","conditionAssessDate":null,"eapId":"Not Required","eapLastRevDate":null,"websiteUrl":"https://damsafety.org/pennsylvania","usaceDivision":"Great Lakes and Ohio River Division","usaceDistrict":"Pittsburgh District","operationalStatusId":null,"operationalStatusDate":null,"inundationNidAddedId":"No","huc2":"05","huc4":"0501","huc6":"050100","huc8":"05010005","zipcode":"15846","nation":"USA","stateKey":"PA","femaRegion":"3","femaCommunity":"Fox township, Pennsylvania","aiannh":null,"hasDamPhotoId":"No","sectionSevenAuthorityId":"No"},"geometry":{"type":"Point","coordinates":[-78.64805556,41.29611111]}},
{"type":"Feature","properties":{"fid":61390,"name":"Howells Run","otherNames":"New City Reservoir","formerNames":null,"nidId":"PA00434","otherStructureId":null,"federalId":"PA00434","ownerNames":"BOROUGH OF EBENSBURG","ownerTypeIds":"Local Government","primaryOwnerTypeId":"Local Government","separateStructuresCount":"0","isAssociatedStructureId":"No","designerNames":null,"nonFederalDamOnFederalId":"No","primaryPurposeId":"Water Supply","purposeIds":"Water Supply","sourceAgency":"Pennsylvania","stateFedId":"D11-103","latitude":"40.49666667","longitude":"-78.71666667","state":"Pennsylvania","county":"Cambria","countyState":"Cambria, Pennsylvania","city":null,"distance":null,"riverName":"Howells Run","congDist":"Congressional District 13, Pennsylvania","stateRegulatedId":"Yes","jurisdictionAuthorityId":"Yes","stateRegulatoryAgency":"Pennsylvania Department of Environmental Protection","permittingAuthorityId":"Yes","inspectionAuthorityId":"Yes","enforcementAuthorityId":"Yes","fedRegulatedId":"No","fedOwnerIds":null,"fedFundingIds":null,"fedDesignIds":null,"fedConstructionIds":null,"fedRegulatoryIds":null,"fedInspectionIds":null,"fedOperationIds":null,"fedOtherIds":null,"secretaryAgricultureBuiltId":"No","nrcsWatershedAuthorizationId":"N/A","primaryDamTypeId":"Earth","damTypeIds":"Earth","coreTypeIds":"Unlisted/Unknown;Unlisted/Unknown","foundationTypeIds":"Unlisted/Unknown","damHeight":"64","hydraulicHeight":null,"structuralHeight":null,"nidHeight":"64","nidHeightId":"51-100 feet","damLength":"670","volume":null,"yearCompleted":"1964","yearCompletedId":"1960-1969","yearsModified":null,"nidStorage":"2076","maxStorage":"2076","normalStorage":"1324","surfaceArea":"82","drainageArea":"1.4","maxDischarge":null,"spillwayTypeId":null,"spillwayWidth":null,"numberOfLocks":null,"lengthOfLocks":null,"widthOfLocks":null,"secondaryLengthOfLocks":null,"secondaryWidthOfLocks":null,"outletGateTypes":null,"dataUpdated":"2021-04-09","inspectionDate":"2020-09-23","inspectionFrequency":"1","publicHazardId":"High","conditionAssessId":"Satisfactory","conditionAssessDate":null,"eapId":"Yes","eapLastRevDate":null,"websiteUrl":"https://damsafety.org/pennsylvania","usaceDivision":"Great Lakes and Ohio River Division","usaceDistrict":"Pittsburgh District","operationalStatusId":null,"operationalStatusDate":null,"inundationNidAddedId":"No","huc2":"05","huc4":"0501","huc6":"050100","huc8":"05010007","zipcode":"15931","nation":"USA","stateKey":"PA","femaRegion":"3","femaCommunity":"Cambria township, Pennsylvania","aiannh":null,"hasDamPhotoId":"No","sectionSevenAuthorityId":"No"},"geometry":{"type":"Point","coordinates":[-78.71666667,40.49666667]}},
{"type":"Feature","properties":{"fid":66238,"name":"H B Norton","otherNames":null,"formerNames":null,"nidId":"PA00385","otherStructureId":null,"federalId":"PA00385","ownerNames":"BOROUGH OF RIDGWAY","ownerTypeIds":"Local Government","primaryOwnerTypeId":"Local Government","separateStructuresCount":"0","isAssociatedStructureId":"No","designerNames":null,"nonFederalDamOnFederalId":"No","primaryPurposeId":"Water Supply","purposeIds":"Water Supply;Recreation","sourceAgency":"Pennsylvania","stateFedId":"D24-035","latitude":"41.42472222","longitude":"-78.77805556","state":"Pennsylvania","county":"Elk","countyState":"Elk, Pennsylvania","city":null,"distance":null,"riverName":"Big Mill Creek","congDist":"Congressional District 15, Pennsylvania","stateRegulatedId":"Yes","jurisdictionAuthorityId":"Yes","stateRegulatoryAgency":"Pennsylvania Department of Environmental Protection","permittingAuthorityId":"Yes","inspectionAuthorityId":"Yes","enforcementAuthorityId":"Yes","fedRegulatedId":"No","fedOwnerIds":null,"fedFundingIds":null,"fedDesignIds":null,"fedConstructionIds":null,"fedRegulatoryIds":null,"fedInspectionIds":null,"fedOperationIds":null,"fedOtherIds":null,"secretaryAgricultureBuiltId":"No","nrcsWatershedAuthorizationId":"N/A","primaryDamTypeId":"Earth","damTypeIds":"Earth","coreTypeIds":"Unlisted/Unknown;Unlisted/Unknown","foundationTypeIds":"Unlisted/Unknown","damHeight":"37","hydraulicHeight":null,"structuralHeight":null,"nidHeight":"37","nidHeightId":"25-50 feet","damLength":"900","volume":null,"yearCompleted":"1932","yearCompletedId":"1930-1939","yearsModified":"2003H;2011H;2011S","nidStorage":"1450","maxStorage":"1450","normalStorage":"835","surfaceArea":"80","drainageArea":"30.1","maxDischarge":null,"spillwayTypeId":null,"spillwayWidth":null,"numberOfLocks":null,"lengthOfLocks":null,"widthOfLocks":null,"secondaryLengthOfLocks":null,"secondaryWidthOfLocks":null,"outletGateTypes":null,"dataUpdated":"2021-04-09","inspectionDate":"2020-10-01","inspectionFrequency":"1","publicHazardId":"High","conditionAssessId":"Satisfactory","conditionAssessDate":null,"eapId":"Yes","eapLastRevDate":null,"websiteUrl":"https://damsafety.org/pennsylvania","usaceDivision":"Great Lakes and Ohio River Division","usaceDistrict":"Pittsburgh District","operationalStatusId":null,"operationalStatusDate":null,"inundationNidAddedId":"No","huc2":"05","huc4":"0501","huc6":"050100","huc8":"05010005","zipcode":"15853","nation":"USA","stateKey":"PA","femaRegion":"3","femaCommunity":"Ridgway township, Pennsylvania","aiannh":null,"hasDamPhotoId":"No","sectionSevenAuthorityId":"No"},"geometry":{"type":"Point","coordinates":[-78.77805556,41.42472222]}},
{"type":"Feature","properties":{"fid":68708,"name":"Gravel Lick","otherNames":null,"formerNames":null,"nidId":"PA00807","otherStructureId":null,"federalId":"PA00807","ownerNames":"TREASURE LAKE PROPERTY OWNERS ASSOCIATION, INC.","ownerTypeIds":"Private","primaryOwnerTypeId":"Private","separateStructuresCount":"0","isAssociatedStructureId":"No","designerNames":null,"nonFederalDamOnFederalId":"No","primaryPurposeId":"Recreation","purposeIds":"Recreation","sourceAgency":"Pennsylvania","stateFedId":"D17-109","latitude":"41.1375","longitude":"-78.71111111","state":"Pennsylvania","county":"Clearfield","countyState":"Clearfield, Pennsylvania","city":null,"distance":null,"riverName":"Gravel Lick Run","congDist":"Congressional District 15, Pennsylvania","stateRegulatedId":"Yes","jurisdictionAuthorityId":"Yes","stateRegulatoryAgency":"Pennsylvania Department of Environmental Protection","permittingAuthorityId":"Yes","inspectionAuthorityId":"Yes","enforcementAuthorityId":"Yes","fedRegulatedId":"No","fedOwnerIds":null,"fedFundingIds":null,"fedDesignIds":null,"fedConstructionIds":null,"fedRegulatoryIds":null,"fedInspectionIds":null,"fedOperationIds":null,"fedOtherIds":null,"secretaryAgricultureBuiltId":"No","nrcsWatershedAuthorizationId":"N/A","primaryDamTypeId":"Earth","damTypeIds":"Earth","coreTypeIds":"Unlisted/Unknown;Unlisted/Unknown","foundationTypeIds":"Unlisted/Unknown","damHeight":"75","hydraulicHeight":null,"structuralHeight":null,"nidHeight":"75","nidHeightId":"51-100 feet","damLength":"1800","volume":null,"yearCompleted":"1974","yearCompletedId":"1970-1979","yearsModified":null,"nidStorage":"7800","maxStorage":"7800","normalStorage":"5500","surfaceArea":"203","drainageArea":"1.32","maxDischarge":null,"spillwayTypeId":null,"spillwayWidth":null,"numberOfLocks":null,"lengthOfLocks":null,"widthOfLocks":null,"secondaryLengthOfLocks":null,"secondaryWidthOfLocks":null,"outletGateTypes":null,"dataUpdated":"2021-04-09","inspectionDate":"2020-08-11","inspectionFrequency":"1","publicHazardId":"High","conditionAssessId":"Fair","conditionAssessDate":null,"eapId":"Yes","eapLastRevDate":null,"websiteUrl":"https://damsafety.org/pennsylvania","usaceDivision":"Great Lakes and Ohio River Division","usaceDistrict":"Pittsburgh District","operationalStatusId":null,"operationalStatusDate":null,"inundationNidAddedId":"No","huc2":"05","huc4":"0501","huc6":"050100","huc8":"05010006","zipcode":"15801","nation":"USA","stateKey":"PA","femaRegion":"3","femaCommunity":"Sandy township, Pennsylvania","aiannh":null,"hasDamPhotoId":"No","sectionSevenAuthorityId":"No"},"geometry":{"type":"Point","coordinates":[-78.71111111,41.1375]}},
{"type":"Feature","properties":{"fid":69815,"name":"Shirfs Run","otherNames":null,"formerNames":null,"nidId":"PA00438","otherStructureId":null,"federalId":"PA00438","ownerNames":"SPANGLER MUNICIPAL AUTHORITY","ownerTypeIds":"Local Government","primaryOwnerTypeId":"Local Government","separateStructuresCount":"0","isAssociatedStructureId":"No","designerNames":null,"nonFederalDamOnFederalId":"No","primaryPurposeId":"Water Supply","purposeIds":"Water Supply","sourceAgency":"Pennsylvania","stateFedId":"D11-071","latitude":"40.59027778","longitude":"-78.79388889","state":"Pennsylvania","county":"Cambria","countyState":"Cambria, Pennsylvania","city":null,"distance":null,"riverName":"Tr North Br Black Lick Creek","congDist":"Congressional District 13, Pennsylvania","stateRegulatedId":"Yes","jurisdictionAuthorityId":"Yes","stateRegulatoryAgency":"Pennsylvania Department of Environmental Protection","permittingAuthorityId":"Yes","inspectionAuthorityId":"Yes","enforcementAuthorityId":"Yes","fedRegulatedId":"No","fedOwnerIds":null,"fedFundingIds":null,"fedDesignIds":null,"fedConstructionIds":null,"fedRegulatoryIds":null,"fedInspectionIds":null,"fedOperationIds":null,"fedOtherIds":null,"secretaryAgricultureBuiltId":"No","nrcsWatershedAuthorizationId":"N/A","primaryDamTypeId":"Earth","damTypeIds":"Earth","coreTypeIds":"Unlisted/Unknown;Unlisted/Unknown","foundationTypeIds":"Unlisted/Unknown","damHeight":"15","hydraulicHeight":null,"structuralHeight":null,"nidHeight":"15","nidHeightId":"Less than 25 feet","damLength":"320","volume":null,"yearCompleted":"1925","yearCompletedId":"1920-1929","yearsModified":null,"nidStorage":"124","maxStorage":"124","normalStorage":"61","surfaceArea":"6","drainageArea":"2.1","maxDischarge":null,"spillwayTypeId":null,"spillwayWidth":null,"numberOfLocks":null,"lengthOfLocks":null,"widthOfLocks":null,"secondaryLengthOfLocks":null,"secondaryWidthOfLocks":null,"outletGateTypes":null,"dataUpdated":"2021-04-09","inspectionDate":"2019-03-20","inspectionFrequency":"2","publicHazardId":"Significant","conditionAssessId":"Not Rated","conditionAssessDate":null,"eapId":"Yes","eapLastRevDate":null,"websiteUrl":"https://damsafety.org/pennsylvania","usaceDivision":"Great Lakes and Ohio River Division","usaceDistrict":"Pittsburgh District","operationalStatusId":null,"operationalStatusDate":null,"inundationNidAddedId":"No","huc2":"05","huc4":"0501","huc6":"050100","huc8":"05010007","zipcode":"15762","nation":"USA","stateKey":"PA","femaRegion":"3","femaCommunity":"Barr township, Pennsylvania","aiannh":null,"hasDamPhotoId":"No","sectionSevenAuthorityId":"No"},"geometry":{"type":"Point","coordinates":[-78.79388889,40.59027778]}},
{"type":"Feature","properties":{"fid":69896,"name":"Cambria Slurry Pond #4","otherNames":null,"formerNames":null,"nidId":"PA01630","otherStructureId":null,"federalId":"PA01630","ownerNames":"ROBINDALE ENERGY SERVICES, INC.","ownerTypeIds":"Private","primaryOwnerTypeId":"Private","separateStructuresCount":"0","isAssociatedStructureId":"No","designerNames":null,"nonFederalDamOnFederalId":"No","primaryPurposeId":"Other","purposeIds":"Other","sourceAgency":"Pennsylvania","stateFedId":"D11-111","latitude":"40.4608403","longitude":"-78.7011656","state":"Pennsylvania","county":"Cambria","countyState":"Cambria, Pennsylvania","city":null,"distance":null,"riverName":"Sanders Run","congDist":"Congressional District 13, Pennsylvania","stateRegulatedId":"Yes","jurisdictionAuthorityId":"Yes","stateRegulatoryAgency":"Pennsylvania Department of Environmental Protection","permittingAuthorityId":"Yes","inspectionAuthorityId":"Yes","enforcementAuthorityId":"Yes","fedRegulatedId":"Yes","fedOwnerIds":null,"fedFundingIds":null,"fedDesignIds":null,"fedConstructionIds":null,"fedRegulatoryIds":"Mine Safety and Health Administration","fedInspectionIds":"Mine Safety and Health Administration","fedOperationIds":null,"fedOtherIds":null,"secretaryAgricultureBuiltId":"No","nrcsWatershedAuthorizationId":"N/A","primaryDamTypeId":"Earth","damTypeIds":"Earth","coreTypeIds":"Unlisted/Unknown;Unlisted/Unknown;Unlisted/Unknown;Unlisted/Unknown","foundationTypeIds":"Unlisted/Unknown","damHeight":"178","hydraulicHeight":null,"structuralHeight":null,"nidHeight":"178","nidHeightId":"Greater than 100 feet","damLength":"1270","volume":null,"yearCompleted":null,"yearCompletedId":"Undetermined","yearsModified":null,"nidStorage":"1015","maxStorage":"1015","normalStorage":null,"surfaceArea":null,"drainageArea":"0.46","maxDischarge":null,"spillwayTypeId":null,"spillwayWidth":null,"numberOfLocks":null,"lengthOfLocks":null,"widthOfLocks":null,"secondaryLengthOfLocks":null,"secondaryWidthOfLocks":null,"outletGateTypes":null,"dataUpdated":"2025-05-21","inspectionDate":"2020-07-10","inspectionFrequency":"1","publicHazardId":"High","conditionAssessId":"Fair","conditionAssessDate":null,"eapId":"Yes","eapLastRevDate":null,"websiteUrl":"https://damsafety.org/pennsylvania","usaceDivision":"Great Lakes and Ohio River Division","usaceDistrict":"Pittsburgh District","operationalStatusId":null,"operationalStatusDate":null,"inundationNidAddedId":"No","huc2":"05","huc4":"0501","huc6":"050100","huc8":"05010007","zipcode":"15931","nation":"USA","stateKey":"PA","femaRegion":"3","femaCommunity":"Cambria township","aiannh":null,"hasDamPhotoId":"No","sectionSevenAuthorityId":"No"},"geometry":{"type":"Point","coordinates":[-78.7011656,40.4608403]}},
{"type":"Feature","properties":{"fid":70911,"name":"Laurel Run Reservoir","otherNames":null,"formerNames":null,"nidId":"PA00387","otherStructureId":null,"federalId":"PA00387","ownerNames":"ST. MARYS JOINT WATER AUTHORITY","ownerTypeIds":"Local Government","primaryOwnerTypeId":"Local Government","separateStructuresCount":"0","isAssociatedStructureId":"No","designerNames":null,"nonFederalDamOnFederalId":"No","primaryPurposeId":"Water Supply","purposeIds":"Water Supply","sourceAgency":"Pennsylvania","stateFedId":"D24-054","latitude":"41.41638889","longitude":"-78.60361111","state":"Pennsylvania","county":"Elk","countyState":"Elk, Pennsylvania","city":null,"distance":null,"riverName":"Laurel Run","congDist":"Congressional District 15, Pennsylvania","stateRegulatedId":"Yes","jurisdictionAuthorityId":"Yes","stateRegulatoryAgency":"Pennsylvania Department of Environmental Protection","permittingAuthorityId":"Yes","inspectionAuthorityId":"Yes","enforcementAuthorityId":"Yes","fedRegulatedId":"No","fedOwnerIds":null,"fedFundingIds":null,"fedDesignIds":null,"fedConstructionIds":null,"fedRegulatoryIds":null,"fedInspectionIds":null,"fedOperationIds":null,"fedOtherIds":null,"secretaryAgricultureBuiltId":"No","nrcsWatershedAuthorizationId":"N/A","primaryDamTypeId":"Earth","damTypeIds":"Earth","coreTypeIds":"Unlisted/Unknown;Unlisted/Unknown","foundationTypeIds":"Unlisted/Unknown","damHeight":"84","hydraulicHeight":null,"structuralHeight":null,"nidHeight":"84","nidHeightId":"51-100 feet","damLength":"1124","volume":null,"yearCompleted":"1970","yearCompletedId":"1970-1979","yearsModified":null,"nidStorage":"3682","maxStorage":"3682","normalStorage":"2679","surfaceArea":"92","drainageArea":"8.8","maxDischarge":null,"spillwayTypeId":null,"spillwayWidth":null,"numberOfLocks":null,"lengthOfLocks":null,"widthOfLocks":null,"secondaryLengthOfLocks":null,"secondaryWidthOfLocks":null,"outletGateTypes":null,"dataUpdated":"2021-04-09","inspectionDate":"2020-09-21","inspectionFrequency":"1","publicHazardId":"High","conditionAssessId":"Poor","conditionAssessDate":null,"eapId":"Yes","eapLastRevDate":null,"websiteUrl":"https://damsafety.org/pennsylvania","usaceDivision":"Great Lakes and Ohio River Division","usaceDistrict":"Pittsburgh District","operationalStatusId":null,"operationalStatusDate":null,"inundationNidAddedId":"No","huc2":"05","huc4":"0501","huc6":"050100","huc8":"05010005","zipcode":"15857","nation":"USA","stateKey":"PA","femaRegion":"3","femaCommunity":"St. Marys city, Pennsylvania","aiannh":null,"hasDamPhotoId":"No","sectionSevenAuthorityId":"No"},"geometry":{"type":"Point","coordinates":[-78.60361111,41.41638889]}},
{"type":"Feature","properties":{"fid":73222,"name":"Clear Spring Lake","otherNames":null,"formerNames":"Natcher Dam","nidId":"PA01631","otherStructureId":null,"federalId":"PA01631","ownerNames":"PHILLIP H SCAGLIONE","ownerTypeIds":"Private","primaryOwnerTypeId":"Private","separateStructuresCount":"0","isAssociatedStructureId":"No","designerNames":null,"nonFederalDamOnFederalId":"No","primaryPurposeId":"Recreation","purposeIds":"Recreation","sourceAgency":"Pennsylvania","stateFedId":"D11-116","latitude":"40.49805556","longitude":"-78.75166667","state":"Pennsylvania","county":"Cambria","countyState":"Cambria, Pennsylvania","city":null,"distance":null,"riverName":"Wtrshd S Br Blacklick Creek","congDist":"Congressional District 13, Pennsylvania","stateRegulatedId":"No","jurisdictionAuthorityId":"No","stateRegulatoryAgency":null,"permittingAuthorityId":"No","inspectionAuthorityId":"No","enforcementAuthorityId":"No","fedRegulatedId":"No","fedOwnerIds":null,"fedFundingIds":null,"fedDesignIds":null,"fedConstructionIds":null,"fedRegulatoryIds":null,"fedInspectionIds":null,"fedOperationIds":null,"fedOtherIds":null,"secretaryAgricultureBuiltId":"No","nrcsWatershedAuthorizationId":"N/A","primaryDamTypeId":"Earth","damTypeIds":"Earth;Gravity","coreTypeIds":"Unlisted/Unknown;Unlisted/Unknown","foundationTypeIds":"Unlisted/Unknown","damHeight":"20","hydraulicHeight":null,"structuralHeight":null,"nidHeight":"20","nidHeightId":"Less than 25 feet","damLength":null,"volume":null,"yearCompleted":"1977","yearCompletedId":"1970-1979","yearsModified":null,"nidStorage":"67","maxStorage":"67","normalStorage":null,"surfaceArea":null,"drainageArea":"0.03","maxDischarge":null,"spillwayTypeId":null,"spillwayWidth":null,"numberOfLocks":null,"lengthOfLocks":null,"widthOfLocks":null,"secondaryLengthOfLocks":null,"secondaryWidthOfLocks":null,"outletGateTypes":null,"dataUpdated":"2021-04-09","inspectionDate":"2018-06-19","inspectionFrequency":null,"publicHazardId":"Undetermined","conditionAssessId":"Not Rated","conditionAssessDate":null,"eapId":"Not Required","eapLastRevDate":null,"websiteUrl":"https://damsafety.org/pennsylvania","usaceDivision":"Great Lakes and Ohio River Division","usaceDistrict":"Pittsburgh District","operationalStatusId":null,"operationalStatusDate":null,"inundationNidAddedId":"No","huc2":"05","huc4":"0501","huc6":"050100","huc8":"05010007","zipcode":"15931","nation":"USA","stateKey":"PA","femaRegion":"3","femaCommunity":"Cambria township, Pennsylvania","aiannh":null,"hasDamPhotoId":"No","sectionSevenAuthorityId":"No"},"geometry":{"type":"Point","coordinates":[-78.75166667,40.49805556]}},
{"type":"Feature","properties":{"fid":73390,"name":"Little Flipper Lake","otherNames":null,"formerNames":null,"nidId":"PA01444","otherStructureId":null,"federalId":"PA01444","ownerNames":"TREASURE LAKE PROPERTY OWNERS ASSOCIATION, INC.","ownerTypeIds":"Private","primaryOwnerTypeId":"Private","separateStructuresCount":"0","isAssociatedStructureId":"No","designerNames":null,"nonFederalDamOnFederalId":"No","primaryPurposeId":"Recreation","purposeIds":"Recreation","sourceAgency":"Pennsylvania","stateFedId":"D17-116","latitude":"41.17944444","longitude":"-78.72527778","state":"Pennsylvania","county":"Clearfield","countyState":"Clearfield, Pennsylvania","city":null,"distance":null,"riverName":"Tr Treasure Lake","congDist":"Congressional District 15, Pennsylvania","stateRegulatedId":"Yes","jurisdictionAuthorityId":"Yes","stateRegulatoryAgency":"Pennsylvania Department of Environmental Protection","permittingAuthorityId":"Yes","inspectionAuthorityId":"Yes","enforcementAuthorityId":"Yes","fedRegulatedId":"No","fedOwnerIds":null,"fedFundingIds":null,"fedDesignIds":null,"fedConstructionIds":null,"fedRegulatoryIds":null,"fedInspectionIds":null,"fedOperationIds":null,"fedOtherIds":null,"secretaryAgricultureBuiltId":"No","nrcsWatershedAuthorizationId":"N/A","primaryDamTypeId":"Earth","damTypeIds":"Earth","coreTypeIds":"Unlisted/Unknown;Unlisted/Unknown","foundationTypeIds":"Unlisted/Unknown","damHeight":"17","hydraulicHeight":null,"structuralHeight":null,"nidHeight":"17","nidHeightId":"Less than 25 feet","damLength":"725","volume":null,"yearCompleted":"1986","yearCompletedId":"1980-1989","yearsModified":null,"nidStorage":"32","maxStorage":"32","normalStorage":"12.9","surfaceArea":"4.2","drainageArea":"0.31","maxDischarge":null,"spillwayTypeId":null,"spillwayWidth":null,"numberOfLocks":null,"lengthOfLocks":null,"widthOfLocks":null,"secondaryLengthOfLocks":null,"secondaryWidthOfLocks":null,"outletGateTypes":null,"dataUpdated":"2021-04-09","inspectionDate":"2017-11-02","inspectionFrequency":"2","publicHazardId":"Significant","conditionAssessId":"Not Rated","conditionAssessDate":null,"eapId":"No","eapLastRevDate":null,"websiteUrl":"https://damsafety.org/pennsylvania","usaceDivision":"Great Lakes and Ohio River Division","usaceDistrict":"Pittsburgh District","operationalStatusId":null,"operationalStatusDate":null,"inundationNidAddedId":"No","huc2":"05","huc4":"0501","huc6":"050100","huc8":"05010006","zipcode":"15801","nation":"USA","stateKey":"PA","femaRegion":"3","femaCommunity":"Sandy township, Pennsylvania","aiannh":null,"hasDamPhotoId":"No","sectionSevenAuthorityId":"No"},"geometry":{"type":"Point","coordinates":[-78.72527778,41.17944444]}},
{"type":"Feature","properties":{"fid":73676,"name":"Resting Waters Gsc","otherNames":"Resting Waters Girl Scout Camp","formerNames":null,"nidId":"PA02012","otherStructureId":null,"federalId":"PA02012","ownerNames":"Resting Wtrs Girl Scout","ownerTypeIds":"Private","primaryOwnerTypeId":"Private","separateStructuresCount":null,"isAssociatedStructureId":"No","designerNames":null,"nonFederalDamOnFederalId":"No","primaryPurposeId":"Recreation","purposeIds":"Recreation;Fish and Wildlife Pond","sourceAgency":"Natural Resources Conservation Service","stateFedId":"PA01083501","latitude":"41.658633","longitude":"-78.629649","state":"Pennsylvania","county":"McKean","countyState":"McKean, Pennsylvania","city":"Wilcox","distance":"10","riverName":"Rocky Run","congDist":"Congressional District 15, Pennsylvania","stateRegulatedId":"No","jurisdictionAuthorityId":null,"stateRegulatoryAgency":null,"permittingAuthorityId":null,"inspectionAuthorityId":null,"enforcementAuthorityId":null,"fedRegulatedId":"No","fedOwnerIds":null,"fedFundingIds":"Natural Resources Conservation Service","fedDesignIds":"Natural Resources Conservation Service","fedConstructionIds":null,"fedRegulatoryIds":null,"fedInspectionIds":null,"fedOperationIds":null,"fedOtherIds":null,"secretaryAgricultureBuiltId":"No","nrcsWatershedAuthorizationId":"N/A","primaryDamTypeId":"Earth","damTypeIds":"Earth","coreTypeIds":"Earth","foundationTypeIds":"Unlisted/Unknown","damHeight":"14","hydraulicHeight":"14","structuralHeight":"15","nidHeight":"15","nidHeightId":"Less than 25 feet","damLength":"800","volume":"30000","yearCompleted":"1977","yearCompletedId":"1970-1979","yearsModified":null,"nidStorage":"72","maxStorage":"72","normalStorage":"64","surfaceArea":"0","drainageArea":"0.08","maxDischarge":"120","spillwayTypeId":"Uncontrolled","spillwayWidth":"36","numberOfLocks":null,"lengthOfLocks":null,"widthOfLocks":null,"secondaryLengthOfLocks":null,"secondaryWidthOfLocks":null,"outletGateTypes":"Uncontrolled","dataUpdated":"2021-05-24","inspectionDate":null,"inspectionFrequency":null,"publicHazardId":"Low","conditionAssessId":"Not Available","conditionAssessDate":null,"eapId":"Not Required","eapLastRevDate":null,"websiteUrl":"http://www.damsafety.info/","usaceDivision":"Great Lakes and Ohio River Division","usaceDistrict":"Pittsburgh District","operationalStatusId":null,"operationalStatusDate":null,"inundationNidAddedId":"No","huc2":"05","huc4":"0501","huc6":"050100","huc8":"05010005","zipcode":"16735","nation":"USA","stateKey":"PA","femaRegion":"3","femaCommunity":"Sergeant township","aiannh":null,"hasDamPhotoId":"No","sectionSevenAuthorityId":"No"},"geometry":{"type":"Point","coordinates":[-78.629649,41.658633]}},
{"type":"Feature","properties":{"fid":74565,"name":"Wolf Creek","otherNames":"Lake Rene","formerNames":null,"nidId":"PA00748","otherStructureId":null,"federalId":"PA00748","ownerNames":"TREASURE LAKE PROPERTY OWNERS ASSOCIATION, INC.","ownerTypeIds":"Private","primaryOwnerTypeId":"Private","separateStructuresCount":"0","isAssociatedStructureId":"No","designerNames":null,"nonFederalDamOnFederalId":"No","primaryPurposeId":"Recreation","purposeIds":"Recreation","sourceAgency":"Pennsylvania","stateFedId":"D17-108","latitude":"41.17888889","longitude":"-78.73972222","state":"Pennsylvania","county":"Clearfield","countyState":"Clearfield, Pennsylvania","city":null,"distance":null,"riverName":"Wolf Run","congDist":"Congressional District 15, Pennsylvania","stateRegulatedId":"Yes","jurisdictionAuthorityId":"Yes","stateRegulatoryAgency":"Pennsylvania Department of Environmental Protection","permittingAuthorityId":"Yes","inspectionAuthorityId":"Yes","enforcementAuthorityId":"Yes","fedRegulatedId":"No","fedOwnerIds":null,"fedFundingIds":null,"fedDesignIds":null,"fedConstructionIds":null,"fedRegulatoryIds":null,"fedInspectionIds":null,"fedOperationIds":null,"fedOtherIds":null,"secretaryAgricultureBuiltId":"No","nrcsWatershedAuthorizationId":"N/A","primaryDamTypeId":"Earth","damTypeIds":"Earth","coreTypeIds":"Unlisted/Unknown;Unlisted/Unknown","foundationTypeIds":"Unlisted/Unknown","damHeight":"34","hydraulicHeight":null,"structuralHeight":null,"nidHeight":"34","nidHeightId":"25-50 feet","damLength":"1050","volume":null,"yearCompleted":"1971","yearCompletedId":"1970-1979","yearsModified":null,"nidStorage":"6750","maxStorage":"6750","normalStorage":"3700","surfaceArea":"310","drainageArea":"4.4","maxDischarge":null,"spillwayTypeId":null,"spillwayWidth":null,"numberOfLocks":null,"lengthOfLocks":null,"widthOfLocks":null,"secondaryLengthOfLocks":null,"secondaryWidthOfLocks":null,"outletGateTypes":null,"dataUpdated":"2021-04-09","inspectionDate":"2020-09-30","inspectionFrequency":"1","publicHazardId":"High","conditionAssessId":"Fair","conditionAssessDate":null,"eapId":"Yes","eapLastRevDate":null,"websiteUrl":"https://damsafety.org/pennsylvania","usaceDivision":"Great Lakes and Ohio River Division","usaceDistrict":"Pittsburgh District","operationalStatusId":null,"operationalStatusDate":null,"inundationNidAddedId":"No","huc2":"05","huc4":"0501","huc6":"050100","huc8":"05010006","zipcode":"15801","nation":"USA","stateKey":"PA","femaRegion":"3","femaCommunity":"Sandy township, Pennsylvania","aiannh":null,"hasDamPhotoId":"No","sectionSevenAuthorityId":"No"},"geometry":{"type":"Point","coordinates":[-78.73972222,41.17888889]}},
{"type":"Feature","properties":{"fid":78774,"name":"Lake Rene","otherNames":"Lake Rene","formerNames":null,"nidId":"PA00426","otherStructureId":null,"federalId":"PA00426","ownerNames":"TREASURE LAKE PROPERTY OWNERS ASSOCIATION, INC.","ownerTypeIds":"Private","primaryOwnerTypeId":"Private","separateStructuresCount":"0","isAssociatedStructureId":"No","designerNames":null,"nonFederalDamOnFederalId":"No","primaryPurposeId":"Recreation","purposeIds":"Recreation","sourceAgency":"Pennsylvania","stateFedId":"D17-102","latitude":"41.17055556","longitude":"-78.71194444","state":"Pennsylvania","county":"Clearfield","countyState":"Clearfield, Pennsylvania","city":null,"distance":null,"riverName":"Tr Narrows Creek","congDist":"Congressional District 15, Pennsylvania","stateRegulatedId":"Yes","jurisdictionAuthorityId":"Yes","stateRegulatoryAgency":"Pennsylvania Department of Environmental Protection","permittingAuthorityId":"Yes","inspectionAuthorityId":"Yes","enforcementAuthorityId":"Yes","fedRegulatedId":"No","fedOwnerIds":null,"fedFundingIds":null,"fedDesignIds":null,"fedConstructionIds":null,"fedRegulatoryIds":null,"fedInspectionIds":null,"fedOperationIds":null,"fedOtherIds":null,"secretaryAgricultureBuiltId":"No","nrcsWatershedAuthorizationId":"N/A","primaryDamTypeId":"Earth","damTypeIds":"Earth","coreTypeIds":"Unlisted/Unknown;Unlisted/Unknown","foundationTypeIds":"Unlisted/Unknown","damHeight":"82","hydraulicHeight":null,"structuralHeight":null,"nidHeight":"82","nidHeightId":"51-100 feet","damLength":"900","volume":null,"yearCompleted":"1955","yearCompletedId":"1950-1959","yearsModified":null,"nidStorage":"6750","maxStorage":"6750","normalStorage":"3700","surfaceArea":"310","drainageArea":"4.4","maxDischarge":null,"spillwayTypeId":null,"spillwayWidth":null,"numberOfLocks":null,"lengthOfLocks":null,"widthOfLocks":null,"secondaryLengthOfLocks":null,"secondaryWidthOfLocks":null,"outletGateTypes":null,"dataUpdated":"2021-04-09","inspectionDate":"2020-09-30","inspectionFrequency":"1","publicHazardId":"High","conditionAssessId":"Fair","conditionAssessDate":null,"eapId":"Yes","eapLastRevDate":null,"websiteUrl":"https://damsafety.org/pennsylvania","usaceDivision":"Great Lakes and Ohio River Division","usaceDistrict":"Pittsburgh District","operationalStatusId":null,"operationalStatusDate":null,"inundationNidAddedId":"No","huc2":"05","huc4":"0501","huc6":"050100","huc8":"05010006","zipcode":"15801","nation":"USA","stateKey":"PA","femaRegion":"3","femaCommunity":"Sandy township, Pennsylvania","aiannh":null,"hasDamPhotoId":"No","sectionSevenAuthorityId":"No"},"geometry":{"type":"Point","coordinates":[-78.71194444,41.17055556]}},
{"type":"Feature","properties":{"fid":79559,"name":"Whetstone No 2 Storage","otherNames":"Whetstone #2","formerNames":null,"nidId":"PA00388","otherStructureId":null,"federalId":"PA00388","ownerNames":"BROCKWAY BOROUGH MUNICIPAL AUTHORITY","ownerTypeIds":"Local Government","primaryOwnerTypeId":"Local Government","separateStructuresCount":"0","isAssociatedStructureId":"No","designerNames":null,"nonFederalDamOnFederalId":"No","primaryPurposeId":"Water Supply","purposeIds":"Water Supply","sourceAgency":"Pennsylvania","stateFedId":"D24-047","latitude":"41.24138889","longitude":"-78.68055556","state":"Pennsylvania","county":"Elk","countyState":"Elk, Pennsylvania","city":null,"distance":null,"riverName":"Whetstone Br Little Toby Creek","congDist":"Congressional District 15, Pennsylvania","stateRegulatedId":"Yes","jurisdictionAuthorityId":"Yes","stateRegulatoryAgency":"Pennsylvania Department of Environmental Protection","permittingAuthorityId":"Yes","inspectionAuthorityId":"Yes","enforcementAuthorityId":"Yes","fedRegulatedId":"No","fedOwnerIds":null,"fedFundingIds":null,"fedDesignIds":null,"fedConstructionIds":null,"fedRegulatoryIds":null,"fedInspectionIds":null,"fedOperationIds":null,"fedOtherIds":null,"secretaryAgricultureBuiltId":"No","nrcsWatershedAuthorizationId":"N/A","primaryDamTypeId":"Earth","damTypeIds":"Earth","coreTypeIds":"Unlisted/Unknown;Unlisted/Unknown","foundationTypeIds":"Unlisted/Unknown","damHeight":"36","hydraulicHeight":null,"structuralHeight":null,"nidHeight":"36","nidHeightId":"25-50 feet","damLength":"525","volume":null,"yearCompleted":"1962","yearCompletedId":"1960-1969","yearsModified":null,"nidStorage":"175","maxStorage":"175","normalStorage":"107","surfaceArea":"9","drainageArea":"1.6","maxDischarge":null,"spillwayTypeId":null,"spillwayWidth":null,"numberOfLocks":null,"lengthOfLocks":null,"widthOfLocks":null,"secondaryLengthOfLocks":null,"secondaryWidthOfLocks":null,"outletGateTypes":null,"dataUpdated":"2021-04-09","inspectionDate":"2020-10-12","inspectionFrequency":"1","publicHazardId":"High","conditionAssessId":"Satisfactory","conditionAssessDate":null,"eapId":"Yes","eapLastRevDate":null,"websiteUrl":"https://damsafety.org/pennsylvania","usaceDivision":"Great Lakes and Ohio River Division","usaceDistrict":"Pittsburgh District","operationalStatusId":null,"operationalStatusDate":null,"inundationNidAddedId":"No","huc2":"05","huc4":"0501","huc6":"050100","huc8":"05010005","zipcode":"15823","nation":"USA","stateKey":"PA","femaRegion":"3","femaCommunity":"Horton township, Pennsylvania","aiannh":null,"hasDamPhotoId":"No","sectionSevenAuthorityId":"No"},"geometry":{"type":"Point","coordinates":[-78.68055556,41.24138889]}},
{"type":"Feature","properties":{"fid":81021,"name":"Galion Bay","otherNames":"Lake Rene","formerNames":null,"nidId":"PA00747","otherStructureId":null,"federalId":"PA00747","ownerNames":"TREASURE LAKE PROPERTY OWNERS ASSOCIATION, INC.","ownerTypeIds":"Private","primaryOwnerTypeId":"Private","separateStructuresCount":"0","isAssociatedStructureId":"No","designerNames":null,"nonFederalDamOnFederalId":"No","primaryPurposeId":"Recreation","purposeIds":"Recreation","sourceAgency":"Pennsylvania","stateFedId":"D17-107","latitude":"41.15805556","longitude":"-78.71777778","state":"Pennsylvania","county":"Clearfield","countyState":"Clearfield, Pennsylvania","city":null,"distance":null,"riverName":"Tr Gravel Lick Run","congDist":"Congressional District 15, Pennsylvania","stateRegulatedId":"Yes","jurisdictionAuthorityId":"Yes","stateRegulatoryAgency":"Pennsylvania Department of Environmental Protection","permittingAuthorityId":"Yes","inspectionAuthorityId":"Yes","enforcementAuthorityId":"Yes","fedRegulatedId":"No","fedOwnerIds":null,"fedFundingIds":null,"fedDesignIds":null,"fedConstructionIds":null,"fedRegulatoryIds":null,"fedInspectionIds":null,"fedOperationIds":null,"fedOtherIds":null,"secretaryAgricultureBuiltId":"No","nrcsWatershedAuthorizationId":"N/A","primaryDamTypeId":"Earth","damTypeIds":"Earth","coreTypeIds":"Unlisted/Unknown;Unlisted/Unknown","foundationTypeIds":"Unlisted/Unknown","damHeight":"37","hydraulicHeight":null,"structuralHeight":null,"nidHeight":"37","nidHeightId":"25-50 feet","damLength":"420","volume":null,"yearCompleted":"1971","yearCompletedId":"1970-1979","yearsModified":null,"nidStorage":"6750","maxStorage":"6750","normalStorage":"3700","surfaceArea":"310","drainageArea":"4.4","maxDischarge":null,"spillwayTypeId":null,"spillwayWidth":null,"numberOfLocks":null,"lengthOfLocks":null,"widthOfLocks":null,"secondaryLengthOfLocks":null,"secondaryWidthOfLocks":null,"outletGateTypes":null,"dataUpdated":"2021-04-09","inspectionDate":"2020-09-30","inspectionFrequency":"1","publicHazardId":"High","conditionAssessId":"Fair","conditionAssessDate":null,"eapId":"Yes","eapLastRevDate":null,"websiteUrl":"https://damsafety.org/pennsylvania","usaceDivision":"Great Lakes and Ohio River Division","usaceDistrict":"Pittsburgh District","operationalStatusId":null,"operationalStatusDate":null,"inundationNidAddedId":"No","huc2":"05","huc4":"0501","huc6":"050100","huc8":"05010006","zipcode":"15801","nation":"USA","stateKey":"PA","femaRegion":"3","femaCommunity":"Sandy township, Pennsylvania","aiannh":null,"hasDamPhotoId":"No","sectionSevenAuthorityId":"No"},"geometry":{"type":"Point","coordinates":[-78.71777778,41.15805556]}},
{"type":"Feature","properties":{"fid":92409,"name":"East Branch Dam","otherNames":"East Branch-Clarion River Lake","formerNames":null,"nidId":"PA00104","otherStructureId":null,"federalId":"PA00104","ownerNames":"USACE - Pittsburgh District","ownerTypeIds":"Federal","primaryOwnerTypeId":"Federal","separateStructuresCount":"0","isAssociatedStructureId":"No","designerNames":"CELRP","nonFederalDamOnFederalId":"No","primaryPurposeId":"Flood Risk Reduction","purposeIds":"Flood Risk Reduction;Other;Fish and Wildlife Pond;Recreation","sourceAgency":"US Army Corps of Engineers","stateFedId":"PA00104","latitude":"41.5589204900001","longitude":"-78.593743146","state":"Pennsylvania","county":"Elk","countyState":"Elk, Pennsylvania","city":"Johnsonburg","distance":null,"riverName":"Clarion River","congDist":"Congressional District 15, Pennsylvania","stateRegulatedId":"No","jurisdictionAuthorityId":"No","stateRegulatoryAgency":null,"permittingAuthorityId":"No","inspectionAuthorityId":"No","enforcementAuthorityId":"No","fedRegulatedId":"Yes","fedOwnerIds":"US Army Corps of Engineers","fedFundingIds":"US Army Corps of Engineers","fedDesignIds":"US Army Corps of Engineers","fedConstructionIds":"US Army Corps of Engineers","fedRegulatoryIds":"US Army Corps of Engineers","fedInspectionIds":"US Army Corps of Engineers","fedOperationIds":"US Army Corps of Engineers","fedOtherIds":"US Army Corps of Engineers","secretaryAgricultureBuiltId":null,"nrcsWatershedAuthorizationId":null,"primaryDamTypeId":"Earth","damTypeIds":"Earth","coreTypeIds":"Concrete;Earth","foundationTypeIds":"Rock","damHeight":null,"hydraulicHeight":"173","structuralHeight":"184","nidHeight":"184","nidHeightId":"Greater than 100 feet","damLength":"1725","volume":"2826400","yearCompleted":"1952","yearCompletedId":"1950-1959","yearsModified":null,"nidStorage":"103000","maxStorage":"103000","normalStorage":"65300","surfaceArea":"1160","drainageArea":"72","maxDischarge":"67200","spillwayTypeId":"Uncontrolled","spillwayWidth":"250","numberOfLocks":"0","lengthOfLocks":"0","widthOfLocks":"0","secondaryLengthOfLocks":null,"secondaryWidthOfLocks":null,"outletGateTypes":"Slide (sluice gate)8","dataUpdated":"2026-09-16","inspectionDate":"2022-04-28","inspectionFrequency":"5","publicHazardId":"High","conditionAssessId":"Not Available","conditionAssessDate":null,"eapId":"Yes","eapLastRevDate":null,"websiteUrl":"https://www.usace.army.mil/Missions/Civil-Works/Dam-Safety-Program/Article/2870967/dam-safety-program/","usaceDivision":"Great Lakes and Ohio River Division","usaceDistrict":"Pittsburgh District","operationalStatusId":"Normal Operations","operationalStatusDate":"2025-11-20","inundationNidAddedId":"Yes","huc2":"05","huc4":"0501","huc6":"050100","huc8":"05010005","zipcode":"15870","nation":"USA","stateKey":"PA","femaRegion":"3","femaCommunity":"Jones township, Pennsylvania","aiannh":null,"hasDamPhotoId":"Yes","sectionSevenAuthorityId":"No"},"geometry":{"type":"Point","coordinates":[-78.593743146,41.558920490000098]}},
{"type":"Feature","properties":{"fid":59180,"name":"Cherry Run No 1","otherNames":null,"formerNames":null,"nidId":"PA01749","otherStructureId":null,"federalId":"PA01749","ownerNames":"KEYSTONE COAL MINING CORPORATION","ownerTypeIds":"Private","primaryOwnerTypeId":"Private","separateStructuresCount":"0","isAssociatedStructureId":"No","designerNames":null,"nonFederalDamOnFederalId":"No","primaryPurposeId":"Other","purposeIds":"Other","sourceAgency":"Pennsylvania","stateFedId":"D03-051","latitude":"40.70277778","longitude":"-79.37555556","state":"Pennsylvania","county":"Armstrong","countyState":"Armstrong, Pennsylvania","city":null,"distance":null,"riverName":"Tr Cherry Run","congDist":"Congressional District 15, Pennsylvania","stateRegulatedId":"Yes","jurisdictionAuthorityId":"Yes","stateRegulatoryAgency":"Pennsylvania Department of Environmental Protection","permittingAuthorityId":"Yes","inspectionAuthorityId":"Yes","enforcementAuthorityId":"Yes","fedRegulatedId":"No","fedOwnerIds":null,"fedFundingIds":null,"fedDesignIds":null,"fedConstructionIds":null,"fedRegulatoryIds":null,"fedInspectionIds":null,"fedOperationIds":null,"fedOtherIds":null,"secretaryAgricultureBuiltId":"No","nrcsWatershedAuthorizationId":"N/A","primaryDamTypeId":"Earth","damTypeIds":"Earth","coreTypeIds":"Unlisted/Unknown;Unlisted/Unknown","foundationTypeIds":"Unlisted/Unknown","damHeight":"18","hydraulicHeight":null,"structuralHeight":null,"nidHeight":"18","nidHeightId":"Less than 25 feet","damLength":"250","volume":null,"yearCompleted":"1964","yearCompletedId":"1960-1969","yearsModified":null,"nidStorage":"64","maxStorage":"64","normalStorage":"44","surfaceArea":"1","drainageArea":"0.93","maxDischarge":null,"spillwayTypeId":null,"spillwayWidth":null,"numberOfLocks":null,"lengthOfLocks":null,"widthOfLocks":null,"secondaryLengthOfLocks":null,"secondaryWidthOfLocks":null,"outletGateTypes":null,"dataUpdated":"2021-04-09","inspectionDate":"2019-07-29","inspectionFrequency":"5","publicHazardId":"Low","conditionAssessId":"Not Rated","conditionAssessDate":null,"eapId":"Not Required","eapLastRevDate":null,"websiteUrl":"https://damsafety.org/pennsylvania","usaceDivision":"Great Lakes and Ohio River Division","usaceDistrict":"Pittsburgh District","operationalStatusId":null,"operationalStatusDate":null,"inundationNidAddedId":"No","huc2":"05","huc4":"0501","huc6":"050100","huc8":"05010006","zipcode":"15736","nation":"USA","stateKey":"PA","femaRegion":"3","femaCommunity":"Plumcreek township, Pennsylvania","aiannh":null,"hasDamPhotoId":"No","sectionSevenAuthorityId":"No"},"geometry":{"type":"Point","coordinates":[-79.37555556,40.70277778]}},
{"type":"Feature","properties":{"fid":52221,"name":"Cooling Pond A","otherNames":null,"formerNames":null,"nidId":"PA01512","otherStructureId":null,"federalId":"PA01512","ownerNames":"RELIANT ENERGY KEYSTONE STATION","ownerTypeIds":"Private","primaryOwnerTypeId":"Private","separateStructuresCount":"0","isAssociatedStructureId":"No","designerNames":null,"nonFederalDamOnFederalId":"No","primaryPurposeId":"Other","purposeIds":"Other","sourceAgency":"Pennsylvania","stateFedId":"D03-044","latitude":"40.66222222","longitude":"-79.35361111","state":"Pennsylvania","county":"Armstrong","countyState":"Armstrong, Pennsylvania","city":null,"distance":null,"riverName":"Tr Crooked Creek","congDist":"Congressional District 15, Pennsylvania","stateRegulatedId":"Yes","jurisdictionAuthorityId":"Yes","stateRegulatoryAgency":"Pennsylvania Department of Environmental Protection","permittingAuthorityId":"Yes","inspectionAuthorityId":"Yes","enforcementAuthorityId":"Yes","fedRegulatedId":"No","fedOwnerIds":null,"fedFundingIds":null,"fedDesignIds":null,"fedConstructionIds":null,"fedRegulatoryIds":null,"fedInspectionIds":null,"fedOperationIds":null,"fedOtherIds":null,"secretaryAgricultureBuiltId":"No","nrcsWatershedAuthorizationId":"N/A","primaryDamTypeId":"Earth","damTypeIds":"Earth","coreTypeIds":"Unlisted/Unknown;Unlisted/Unknown","foundationTypeIds":"Unlisted/Unknown","damHeight":"49","hydraulicHeight":null,"structuralHeight":null,"nidHeight":"49","nidHeightId":"25-50 feet","damLength":"325","volume":null,"yearCompleted":"1995","yearCompletedId":"1990-1999","yearsModified":null,"nidStorage":"137","maxStorage":"137","normalStorage":"129","surfaceArea":"7.1","drainageArea":"0.01","maxDischarge":null,"spillwayTypeId":null,"spillwayWidth":null,"numberOfLocks":null,"lengthOfLocks":null,"widthOfLocks":null,"secondaryLengthOfLocks":null,"secondaryWidthOfLocks":null,"outletGateTypes":null,"dataUpdated":"2021-04-09","inspectionDate":"2019-08-15","inspectionFrequency":"5","publicHazardId":"Low","conditionAssessId":"Not Rated","conditionAssessDate":null,"eapId":"Not Required","eapLastRevDate":null,"websiteUrl":"https://damsafety.org/pennsylvania","usaceDivision":"Great Lakes and Ohio River Division","usaceDistrict":"Pittsburgh District","operationalStatusId":null,"operationalStatusDate":null,"inundationNidAddedId":"No","huc2":"05","huc4":"0501","huc6":"050100","huc8":"05010006","zipcode":"15774","nation":"USA","stateKey":"PA","femaRegion":"3","femaCommunity":"Plumcreek township, Pennsylvania","aiannh":null,"hasDamPhotoId":"No","sectionSevenAuthorityId":"No"},"geometry":{"type":"Point","coordinates":[-79.35361111,40.66222222]}},
{"type":"Feature","properties":{"fid":50504,"name":"Westinghouse Electric","otherNames":null,"formerNames":null,"nidId":"PA01599","otherStructureId":null,"federalId":"PA01599","ownerNames":"WESTINGHOUSE ELECTRIC COMPANY LLC","ownerTypeIds":"Private","primaryOwnerTypeId":"Private","separateStructuresCount":"0","isAssociatedStructureId":"No","designerNames":null,"nonFederalDamOnFederalId":"No","primaryPurposeId":"Water Supply","purposeIds":"Water Supply","sourceAgency":"Pennsylvania","stateFedId":"D65-154","latitude":"40.44416667","longitude":"-79.3075","state":"Pennsylvania","county":"Westmoreland","countyState":"Westmoreland, Pennsylvania","city":null,"distance":null,"riverName":"Tr Conemaugh River","congDist":"Congressional District 14, Pennsylvania","stateRegulatedId":"Yes","jurisdictionAuthorityId":"Yes","stateRegulatoryAgency":"Pennsylvania Department of Environmental Protection","permittingAuthorityId":"Yes","inspectionAuthorityId":"Yes","enforcementAuthorityId":"Yes","fedRegulatedId":"No","fedOwnerIds":null,"fedFundingIds":null,"fedDesignIds":null,"fedConstructionIds":null,"fedRegulatoryIds":null,"fedInspectionIds":null,"fedOperationIds":null,"fedOtherIds":null,"secretaryAgricultureBuiltId":"No","nrcsWatershedAuthorizationId":"N/A","primaryDamTypeId":"Earth","damTypeIds":"Earth","coreTypeIds":"Unlisted/Unknown;Unlisted/Unknown","foundationTypeIds":"Unlisted/Unknown","damHeight":"24","hydraulicHeight":null,"structuralHeight":null,"nidHeight":"24","nidHeightId":"Less than 25 feet","damLength":"1120","volume":null,"yearCompleted":null,"yearCompletedId":"Undetermined","yearsModified":null,"nidStorage":"111","maxStorage":"111","normalStorage":"66","surfaceArea":"7.7","drainageArea":"0.55","maxDischarge":null,"spillwayTypeId":null,"spillwayWidth":null,"numberOfLocks":null,"lengthOfLocks":null,"widthOfLocks":null,"secondaryLengthOfLocks":null,"secondaryWidthOfLocks":null,"outletGateTypes":null,"dataUpdated":"2021-04-09","inspectionDate":"2017-06-27","inspectionFrequency":"5","publicHazardId":"Low","conditionAssessId":"Not Rated","conditionAssessDate":null,"eapId":"Not Required","eapLastRevDate":null,"websiteUrl":"https://damsafety.org/pennsylvania","usaceDivision":"Great Lakes and Ohio River Division","usaceDistrict":"Pittsburgh District","operationalStatusId":null,"operationalStatusDate":null,"inundationNidAddedId":"No","huc2":"05","huc4":"0501","huc6":"050100","huc8":"05010007","zipcode":"15717","nation":"USA","stateKey":"PA","femaRegion":"3","femaCommunity":"Derry township, Pennsylvania","aiannh":null,"hasDamPhotoId":"No","sectionSevenAuthorityId":"No"},"geometry":{"type":"Point","coordinates":[-79.3075,40.44416667]}},
{"type":"Feature","properties":{"fid":46484,"name":"Keystone Station","otherNames":null,"formerNames":null,"nidId":"PA00275","otherStructureId":null,"federalId":"PA00275","ownerNames":"GENON NE MANAGEMENT COMPANY","ownerTypeIds":"Private","primaryOwnerTypeId":"Private","separateStructuresCount":"0","isAssociatedStructureId":"No","designerNames":null,"nonFederalDamOnFederalId":"No","primaryPurposeId":"Grade Stabilization","purposeIds":"Grade Stabilization","sourceAgency":"Pennsylvania","stateFedId":"D03-028","latitude":"40.72722222","longitude":"-79.30722222","state":"Pennsylvania","county":"Armstrong","countyState":"Armstrong, Pennsylvania","city":null,"distance":null,"riverName":"Plum Creek","congDist":"Congressional District 15, Pennsylvania","stateRegulatedId":"Yes","jurisdictionAuthorityId":"Yes","stateRegulatoryAgency":"Pennsylvania Department of Environmental Protection","permittingAuthorityId":"Yes","inspectionAuthorityId":"Yes","enforcementAuthorityId":"Yes","fedRegulatedId":"No","fedOwnerIds":null,"fedFundingIds":null,"fedDesignIds":null,"fedConstructionIds":null,"fedRegulatoryIds":null,"fedInspectionIds":null,"fedOperationIds":null,"fedOtherIds":null,"secretaryAgricultureBuiltId":"No","nrcsWatershedAuthorizationId":"N/A","primaryDamTypeId":"Earth","damTypeIds":"Earth","coreTypeIds":"Unlisted/Unknown;Unlisted/Unknown","foundationTypeIds":"Unlisted/Unknown","damHeight":"100","hydraulicHeight":null,"structuralHeight":null,"nidHeight":"100","nidHeightId":"51-100 feet","damLength":"1200","volume":null,"yearCompleted":"1965","yearCompletedId":"1960-1969","yearsModified":"2003S","nidStorage":"43150","maxStorage":"43150","normalStorage":"27000","surfaceArea":"880","drainageArea":"20.6","maxDischarge":null,"spillwayTypeId":null,"spillwayWidth":null,"numberOfLocks":null,"lengthOfLocks":null,"widthOfLocks":null,"secondaryLengthOfLocks":null,"secondaryWidthOfLocks":null,"outletGateTypes":null,"dataUpdated":"2021-04-09","inspectionDate":"2020-10-01","inspectionFrequency":"1","publicHazardId":"High","conditionAssessId":"Satisfactory","conditionAssessDate":null,"eapId":"Yes","eapLastRevDate":null,"websiteUrl":"https://damsafety.org/pennsylvania","usaceDivision":"Great Lakes and Ohio River Division","usaceDistrict":"Pittsburgh District","operationalStatusId":null,"operationalStatusDate":null,"inundationNidAddedId":"No","huc2":"05","huc4":"0501","huc6":"050100","huc8":"05010006","zipcode":"15774","nation":"USA","stateKey":"PA","femaRegion":"3","femaCommunity":"Plumcreek township, Pennsylvania","aiannh":null,"hasDamPhotoId":"No","sectionSevenAuthorityId":"No"},"geometry":{"type":"Point","coordinates":[-79.30722222,40.72722222]}},
{"type":"Feature","properties":{"fid":39276,"name":"Doverspike No 1","otherNames":null,"formerNames":null,"nidId":"PA01131","otherStructureId":null,"federalId":"PA01131","ownerNames":"DOVERSPIKE IRREVOCABLE TRUST","ownerTypeIds":"Private","primaryOwnerTypeId":"Private","separateStructuresCount":"0","isAssociatedStructureId":"No","designerNames":null,"nonFederalDamOnFederalId":"No","primaryPurposeId":"Recreation","purposeIds":"Recreation","sourceAgency":"Pennsylvania","stateFedId":"D33-056","latitude":"40.99972222","longitude":"-79.17694444","state":"Pennsylvania","county":"Jefferson","countyState":"Jefferson, Pennsylvania","city":null,"distance":null,"riverName":"Cherry Run","congDist":"Congressional District 15, Pennsylvania","stateRegulatedId":"Yes","jurisdictionAuthorityId":"Yes","stateRegulatoryAgency":"Pennsylvania Department of Environmental Protection","permittingAuthorityId":"Yes","inspectionAuthorityId":"Yes","enforcementAuthorityId":"Yes","fedRegulatedId":"No","fedOwnerIds":null,"fedFundingIds":null,"fedDesignIds":null,"fedConstructionIds":null,"fedRegulatoryIds":null,"fedInspectionIds":null,"fedOperationIds":null,"fedOtherIds":null,"secretaryAgricultureBuiltId":"No","nrcsWatershedAuthorizationId":"N/A","primaryDamTypeId":"Earth","damTypeIds":"Earth","coreTypeIds":"Unlisted/Unknown;Unlisted/Unknown","foundationTypeIds":"Unlisted/Unknown","damHeight":"41","hydraulicHeight":null,"structuralHeight":null,"nidHeight":"41","nidHeightId":"25-50 feet","damLength":"450","volume":null,"yearCompleted":"1970","yearCompletedId":"1970-1979","yearsModified":null,"nidStorage":"115","maxStorage":"115","normalStorage":"85","surfaceArea":"7","drainageArea":"0.4","maxDischarge":null,"spillwayTypeId":null,"spillwayWidth":null,"numberOfLocks":null,"lengthOfLocks":null,"widthOfLocks":null,"secondaryLengthOfLocks":null,"secondaryWidthOfLocks":null,"outletGateTypes":null,"dataUpdated":"2021-04-09","inspectionDate":"2020-10-13","inspectionFrequency":"1","publicHazardId":"High","conditionAssessId":"Satisfactory","conditionAssessDate":null,"eapId":"Yes","eapLastRevDate":null,"websiteUrl":"https://damsafety.org/pennsylvania","usaceDivision":"Great Lakes and Ohio River Division","usaceDistrict":"Pittsburgh District","operationalStatusId":null,"operationalStatusDate":null,"inundationNidAddedId":"No","huc2":"05","huc4":"0501","huc6":"050100","huc8":"05010006","zipcode":"15770","nation":"USA","stateKey":"PA","femaRegion":"3","femaCommunity":"Ringgold township, Pennsylvania","aiannh":null,"hasDamPhotoId":"No","sectionSevenAuthorityId":"No"},"geometry":{"type":"Point","coordinates":[-79.17694444,40.99972222]}},
{"type":"Feature","properties":{"fid":38999,"name":"Cummings","otherNames":null,"formerNames":null,"nidId":"PA00289","otherStructureId":null,"federalId":"PA00289","ownerNames":"INDIANA COUNTY COMMISSIONERS","ownerTypeIds":"Local Government","primaryOwnerTypeId":"Local Government","separateStructuresCount":"0","isAssociatedStructureId":"No","designerNames":null,"nonFederalDamOnFederalId":"No","primaryPurposeId":"Recreation","purposeIds":"Recreation","sourceAgency":"Pennsylvania","stateFedId":"D32-001","latitude":"40.69027778","longitude":"-79.16583333","state":"Pennsylvania","county":"Indiana","countyState":"Indiana, Pennsylvania","city":null,"distance":null,"riverName":"Tr Crooked Creek","congDist":"Congressional District 14, Pennsylvania","stateRegulatedId":"Yes","jurisdictionAuthorityId":"Yes","stateRegulatoryAgency":"Pennsylvania Department of Environmental Protection","permittingAuthorityId":"Yes","inspectionAuthorityId":"Yes","enforcementAuthorityId":"Yes","fedRegulatedId":"No","fedOwnerIds":null,"fedFundingIds":null,"fedDesignIds":null,"fedConstructionIds":null,"fedRegulatoryIds":null,"fedInspectionIds":null,"fedOperationIds":null,"fedOtherIds":null,"secretaryAgricultureBuiltId":"No","nrcsWatershedAuthorizationId":"N/A","primaryDamTypeId":"Gravity","damTypeIds":"Gravity","coreTypeIds":"Unlisted/Unknown;Unlisted/Unknown","foundationTypeIds":"Unlisted/Unknown","damHeight":"29","hydraulicHeight":null,"structuralHeight":null,"nidHeight":"29","nidHeightId":"25-50 feet","damLength":"455","volume":null,"yearCompleted":"1908","yearCompletedId":"1900-1909","yearsModified":null,"nidStorage":"159","maxStorage":"159","normalStorage":"117","surfaceArea":"8","drainageArea":"1.7","maxDischarge":null,"spillwayTypeId":null,"spillwayWidth":null,"numberOfLocks":null,"lengthOfLocks":null,"widthOfLocks":null,"secondaryLengthOfLocks":null,"secondaryWidthOfLocks":null,"outletGateTypes":null,"dataUpdated":"2021-04-09","inspectionDate":"2020-09-24","inspectionFrequency":"1","publicHazardId":"High","conditionAssessId":"Fair","conditionAssessDate":null,"eapId":"Yes","eapLastRevDate":null,"websiteUrl":"https://damsafety.org/pennsylvania","usaceDivision":"Great Lakes and Ohio River Division","usaceDistrict":"Pittsburgh District","operationalStatusId":null,"operationalStatusDate":null,"inundationNidAddedId":"No","huc2":"05","huc4":"0501","huc6":"050100","huc8":"05010006","zipcode":"15701","nation":"USA","stateKey":"PA","femaRegion":"3","femaCommunity":"Rayne township, Pennsylvania","aiannh":null,"hasDamPhotoId":"No","sectionSevenAuthorityId":"No"},"geometry":{"type":"Point","coordinates":[-79.16583333,40.69027778]}},
{"type":"Feature","properties":{"fid":52495,"name":"Edwards","otherNames":null,"formerNames":null,"nidId":"PA00277","otherStructureId":null,"federalId":"PA00277","ownerNames":"BLAIR-HIRSCH INTERESTS","ownerTypeIds":"Private","primaryOwnerTypeId":"Private","separateStructuresCount":"0","isAssociatedStructureId":"No","designerNames":null,"nonFederalDamOnFederalId":"No","primaryPurposeId":"Recreation","purposeIds":"Recreation","sourceAgency":"Pennsylvania","stateFedId":"D32-036","latitude":"40.49833333","longitude":"-79.16305556","state":"Pennsylvania","county":"Indiana","countyState":"Indiana, Pennsylvania","city":null,"distance":null,"riverName":"Tr Two Lick Creek","congDist":"Congressional District 14, Pennsylvania","stateRegulatedId":"Yes","jurisdictionAuthorityId":"Yes","stateRegulatoryAgency":"Pennsylvania Department of Environmental Protection","permittingAuthorityId":"Yes","inspectionAuthorityId":"Yes","enforcementAuthorityId":"Yes","fedRegulatedId":"No","fedOwnerIds":null,"fedFundingIds":null,"fedDesignIds":null,"fedConstructionIds":null,"fedRegulatoryIds":null,"fedInspectionIds":null,"fedOperationIds":null,"fedOtherIds":null,"secretaryAgricultureBuiltId":"No","nrcsWatershedAuthorizationId":"N/A","primaryDamTypeId":"Earth","damTypeIds":"Earth;Concrete","coreTypeIds":"Unlisted/Unknown;Unlisted/Unknown","foundationTypeIds":"Unlisted/Unknown","damHeight":"30","hydraulicHeight":null,"structuralHeight":null,"nidHeight":"30","nidHeightId":"25-50 feet","damLength":"300","volume":null,"yearCompleted":"1917","yearCompletedId":"1910-1919","yearsModified":null,"nidStorage":"17","maxStorage":"17","normalStorage":"9","surfaceArea":"2","drainageArea":"0.37","maxDischarge":null,"spillwayTypeId":null,"spillwayWidth":null,"numberOfLocks":null,"lengthOfLocks":null,"widthOfLocks":null,"secondaryLengthOfLocks":null,"secondaryWidthOfLocks":null,"outletGateTypes":null,"dataUpdated":"2021-04-09","inspectionDate":"2019-08-01","inspectionFrequency":"5","publicHazardId":"Low","conditionAssessId":"Not Rated","conditionAssessDate":null,"eapId":"Not Required","eapLastRevDate":null,"websiteUrl":"https://damsafety.org/pennsylvania","usaceDivision":"Great Lakes and Ohio River Division","usaceDistrict":"Pittsburgh District","operationalStatusId":null,"operationalStatusDate":null,"inundationNidAddedId":"No","huc2":"05","huc4":"0501","huc6":"050100","huc8":"05010007","zipcode":"15717","nation":"USA","stateKey":"PA","femaRegion":"3","femaCommunity":"Center township, Pennsylvania","aiannh":null,"hasDamPhotoId":"No","sectionSevenAuthorityId":"No"},"geometry":{"type":"Point","coordinates":[-79.16305556,40.49833333]}},
{"type":"Feature","properties":{"fid":55476,"name":"Weisner Hollow Slurry","otherNames":null,"formerNames":null,"nidId":"PA01641","otherStructureId":null,"federalId":"PA01641","ownerNames":"DEP-BAMR","ownerTypeIds":"State","primaryOwnerTypeId":"State","separateStructuresCount":"0","isAssociatedStructureId":"No","designerNames":null,"nonFederalDamOnFederalId":"No","primaryPurposeId":"Other","purposeIds":"Other","sourceAgency":"Pennsylvania","stateFedId":"D33-060","latitude":"40.9763377","longitude":"-79.1447169","state":"Pennsylvania","county":"Jefferson","countyState":"Jefferson, Pennsylvania","city":null,"distance":null,"riverName":"Tr Pine Run","congDist":"Congressional District 15, Pennsylvania","stateRegulatedId":"Yes","jurisdictionAuthorityId":"Yes","stateRegulatoryAgency":"Pennsylvania Department of Environmental Protection","permittingAuthorityId":"Yes","inspectionAuthorityId":"Yes","enforcementAuthorityId":"Yes","fedRegulatedId":"No","fedOwnerIds":null,"fedFundingIds":null,"fedDesignIds":null,"fedConstructionIds":null,"fedRegulatoryIds":null,"fedInspectionIds":null,"fedOperationIds":null,"fedOtherIds":null,"secretaryAgricultureBuiltId":"No","nrcsWatershedAuthorizationId":"N/A","primaryDamTypeId":"Rockfill","damTypeIds":"Rockfill","coreTypeIds":"Unlisted/Unknown;Unlisted/Unknown;Unlisted/Unknown;Unlisted/Unknown","foundationTypeIds":"Unlisted/Unknown","damHeight":"192","hydraulicHeight":null,"structuralHeight":null,"nidHeight":"192","nidHeightId":"Greater than 100 feet","damLength":"1900","volume":null,"yearCompleted":null,"yearCompletedId":"Undetermined","yearsModified":null,"nidStorage":"3948","maxStorage":"3948","normalStorage":null,"surfaceArea":null,"drainageArea":"0.33","maxDischarge":null,"spillwayTypeId":null,"spillwayWidth":null,"numberOfLocks":null,"lengthOfLocks":null,"widthOfLocks":null,"secondaryLengthOfLocks":null,"secondaryWidthOfLocks":null,"outletGateTypes":null,"dataUpdated":"2025-05-21","inspectionDate":"2018-10-24","inspectionFrequency":"1","publicHazardId":"High","conditionAssessId":"Fair","conditionAssessDate":null,"eapId":"Yes","eapLastRevDate":null,"websiteUrl":"https://damsafety.org/pennsylvania","usaceDivision":"Great Lakes and Ohio River Division","usaceDistrict":"Pittsburgh District","operationalStatusId":null,"operationalStatusDate":null,"inundationNidAddedId":"No","huc2":"05","huc4":"0501","huc6":"050100","huc8":"05010006","zipcode":"15767","nation":"USA","stateKey":"PA","femaRegion":"3","femaCommunity":"Ringgold township","aiannh":null,"hasDamPhotoId":"No","sectionSevenAuthorityId":"No"},"geometry":{"type":"Point","coordinates":[-79.1447169,40.9763377]}},
{"type":"Feature","properties":{"fid":50539,"name":"Musser Forests","otherNames":null,"formerNames":null,"nidId":"PA00287","otherStructureId":null,"federalId":"PA00287","ownerNames":"MUSSER FORESTS, INC.","ownerTypeIds":"Private","primaryOwnerTypeId":"Private","separateStructuresCount":"0","isAssociatedStructureId":"No","designerNames":"USDA NRCS","nonFederalDamOnFederalId":"No","primaryPurposeId":"Irrigation","purposeIds":"Irrigation","sourceAgency":"Pennsylvania","stateFedId":"D32-065","latitude":"40.69166667","longitude":"-79.09833333","state":"Pennsylvania","county":"Indiana","countyState":"Indiana, Pennsylvania","city":null,"distance":null,"riverName":"Mckee Run","congDist":"Congressional District 14, Pennsylvania","stateRegulatedId":"Yes","jurisdictionAuthorityId":"Yes","stateRegulatoryAgency":"Pennsylvania Department of Environmental Protection","permittingAuthorityId":"Yes","inspectionAuthorityId":"Yes","enforcementAuthorityId":"Yes","fedRegulatedId":"No","fedOwnerIds":null,"fedFundingIds":null,"fedDesignIds":"Natural Resources Conservation Service","fedConstructionIds":null,"fedRegulatoryIds":null,"fedInspectionIds":null,"fedOperationIds":null,"fedOtherIds":null,"secretaryAgricultureBuiltId":"No","nrcsWatershedAuthorizationId":"N/A","primaryDamTypeId":"Earth","damTypeIds":"Earth","coreTypeIds":"Unlisted/Unknown;Unlisted/Unknown","foundationTypeIds":"Unlisted/Unknown","damHeight":"22","hydraulicHeight":null,"structuralHeight":null,"nidHeight":"22","nidHeightId":"Less than 25 feet","damLength":"1200","volume":null,"yearCompleted":"1952","yearCompletedId":"1950-1959","yearsModified":null,"nidStorage":"207","maxStorage":"207","normalStorage":"140","surfaceArea":"23","drainageArea":"0.35","maxDischarge":null,"spillwayTypeId":null,"spillwayWidth":null,"numberOfLocks":null,"lengthOfLocks":null,"widthOfLocks":null,"secondaryLengthOfLocks":null,"secondaryWidthOfLocks":null,"outletGateTypes":null,"dataUpdated":"2021-05-24","inspectionDate":"2020-08-03","inspectionFrequency":"1","publicHazardId":"High","conditionAssessId":"Fair","conditionAssessDate":null,"eapId":"Yes","eapLastRevDate":null,"websiteUrl":"https://damsafety.org/pennsylvania","usaceDivision":"Great Lakes and Ohio River Division","usaceDistrict":"Pittsburgh District","operationalStatusId":null,"operationalStatusDate":null,"inundationNidAddedId":"No","huc2":"05","huc4":"0501","huc6":"050100","huc8":"05010006","zipcode":"15701","nation":"USA","stateKey":"PA","femaRegion":"3","femaCommunity":"Rayne township, Pennsylvania","aiannh":null,"hasDamPhotoId":"No","sectionSevenAuthorityId":"No"},"geometry":{"type":"Point","coordinates":[-79.09833333,40.69166667]}},
{"type":"Feature","properties":{"fid":54520,"name":"Doverspike Brothers","otherNames":null,"formerNames":null,"nidId":"PA01555","otherStructureId":null,"federalId":"PA01555","ownerNames":"REYNOLDSVILLE WATER AUTHORITY","ownerTypeIds":"Local Government","primaryOwnerTypeId":"Local Government","separateStructuresCount":"0","isAssociatedStructureId":"No","designerNames":null,"nonFederalDamOnFederalId":"No","primaryPurposeId":"Other","purposeIds":"Other;Recreation","sourceAgency":"Pennsylvania","stateFedId":"D33-058","latitude":"40.99138889","longitude":"-79.075","state":"Pennsylvania","county":"Jefferson","countyState":"Jefferson, Pennsylvania","city":null,"distance":null,"riverName":"Tr Big Run","congDist":"Congressional District 15, Pennsylvania","stateRegulatedId":"Yes","jurisdictionAuthorityId":"Yes","stateRegulatoryAgency":"Pennsylvania Department of Environmental Protection","permittingAuthorityId":"Yes","inspectionAuthorityId":"Yes","enforcementAuthorityId":"Yes","fedRegulatedId":"No","fedOwnerIds":null,"fedFundingIds":null,"fedDesignIds":null,"fedConstructionIds":null,"fedRegulatoryIds":null,"fedInspectionIds":null,"fedOperationIds":null,"fedOtherIds":null,"secretaryAgricultureBuiltId":"No","nrcsWatershedAuthorizationId":"N/A","primaryDamTypeId":"Earth","damTypeIds":"Earth","coreTypeIds":"Unlisted/Unknown;Unlisted/Unknown","foundationTypeIds":"Unlisted/Unknown","damHeight":"27","hydraulicHeight":null,"structuralHeight":null,"nidHeight":"27","nidHeightId":"25-50 feet","damLength":"350","volume":null,"yearCompleted":null,"yearCompletedId":"Undetermined","yearsModified":null,"nidStorage":"25","maxStorage":"25","normalStorage":"18","surfaceArea":"2","drainageArea":"0.36","maxDischarge":null,"spillwayTypeId":null,"spillwayWidth":null,"numberOfLocks":null,"lengthOfLocks":null,"widthOfLocks":null,"secondaryLengthOfLocks":null,"secondaryWidthOfLocks":null,"outletGateTypes":null,"dataUpdated":"2021-04-09","inspectionDate":"2018-07-09","inspectionFrequency":"5","publicHazardId":"Low","conditionAssessId":"Not Rated","conditionAssessDate":null,"eapId":"Not Required","eapLastRevDate":null,"websiteUrl":"https://damsafety.org/pennsylvania","usaceDivision":"Great Lakes and Ohio River Division","usaceDistrict":"Pittsburgh District","operationalStatusId":null,"operationalStatusDate":null,"inundationNidAddedId":"No","huc2":"05","huc4":"0501","huc6":"050100","huc8":"05010006","zipcode":"15767","nation":"USA","stateKey":"PA","femaRegion":"3","femaCommunity":"Oliver township, Pennsylvania","aiannh":null,"hasDamPhotoId":"No","sectionSevenAuthorityId":"No"},"geometry":{"type":"Point","coordinates":[-79.075,40.99138889]}},
{"type":"Feature","properties":{"fid":60232,"name":"Altemus","otherNames":"Altemus Dam","formerNames":null,"nidId":"PA01485","otherStructureId":null,"federalId":"PA01485","ownerNames":"CHARLES R. ALTEMUS","ownerTypeIds":"Private","primaryOwnerTypeId":"Private","separateStructuresCount":"0","isAssociatedStructureId":"No","designerNames":null,"nonFederalDamOnFederalId":"No","primaryPurposeId":"Irrigation","purposeIds":"Irrigation","sourceAgency":"Pennsylvania","stateFedId":"D32-085","latitude":"40.52611111","longitude":"-79.06833333","state":"Pennsylvania","county":"Indiana","countyState":"Indiana, Pennsylvania","city":null,"distance":null,"riverName":"Tr Brush Creek","congDist":"Congressional District 14, Pennsylvania","stateRegulatedId":"Yes","jurisdictionAuthorityId":"Yes","stateRegulatoryAgency":"Pennsylvania Department of Environmental Protection","permittingAuthorityId":"Yes","inspectionAuthorityId":"Yes","enforcementAuthorityId":"Yes","fedRegulatedId":"No","fedOwnerIds":null,"fedFundingIds":null,"fedDesignIds":null,"fedConstructionIds":null,"fedRegulatoryIds":null,"fedInspectionIds":null,"fedOperationIds":null,"fedOtherIds":null,"secretaryAgricultureBuiltId":"No","nrcsWatershedAuthorizationId":"N/A","primaryDamTypeId":"Earth","damTypeIds":"Earth","coreTypeIds":"Unlisted/Unknown;Unlisted/Unknown","foundationTypeIds":"Unlisted/Unknown","damHeight":"30","hydraulicHeight":null,"structuralHeight":null,"nidHeight":"30","nidHeightId":"25-50 feet","damLength":"413","volume":null,"yearCompleted":"1987","yearCompletedId":"1980-1989","yearsModified":null,"nidStorage":"29","maxStorage":"29","normalStorage":"29","surfaceArea":"3.8","drainageArea":"0.14","maxDischarge":null,"spillwayTypeId":null,"spillwayWidth":null,"numberOfLocks":null,"lengthOfLocks":null,"widthOfLocks":null,"secondaryLengthOfLocks":null,"secondaryWidthOfLocks":null,"outletGateTypes":null,"dataUpdated":"2021-04-09","inspectionDate":"2018-02-20","inspectionFrequency":"2","publicHazardId":"Significant","conditionAssessId":"Not Rated","conditionAssessDate":null,"eapId":"No","eapLastRevDate":null,"websiteUrl":"https://damsafety.org/pennsylvania","usaceDivision":"Great Lakes and Ohio River Division","usaceDistrict":"Pittsburgh District","operationalStatusId":null,"operationalStatusDate":null,"inundationNidAddedId":"No","huc2":"05","huc4":"0501","huc6":"050100","huc8":"05010007","zipcode":"15748","nation":"USA","stateKey":"PA","femaRegion":"3","femaCommunity":"Brush Valley township, Pennsylvania","aiannh":null,"hasDamPhotoId":"No","sectionSevenAuthorityId":"No"},"geometry":{"type":"Point","coordinates":[-79.06833333,40.52611111]}},
{"type":"Feature","properties":{"fid":47426,"name":"Buzzard Swamp No 6","otherNames":null,"formerNames":null,"nidId":"PA01007","otherStructureId":null,"federalId":"PA01007","ownerNames":"PA GAME COMMISSION","ownerTypeIds":"State","primaryOwnerTypeId":"State","separateStructuresCount":"0","isAssociatedStructureId":"No","designerNames":null,"nonFederalDamOnFederalId":"No","primaryPurposeId":"Recreation","purposeIds":"Recreation","sourceAgency":"Pennsylvania","stateFedId":"D24-051","latitude":"41.44138889","longitude":"-79.05777778","state":"Pennsylvania","county":"Elk","countyState":"Elk, Pennsylvania","city":null,"distance":null,"riverName":"Muddy Fork","congDist":"Congressional District 15, Pennsylvania","stateRegulatedId":"Yes","jurisdictionAuthorityId":"Yes","stateRegulatoryAgency":"Pennsylvania Department of Environmental Protection","permittingAuthorityId":"Yes","inspectionAuthorityId":"Yes","enforcementAuthorityId":"Yes","fedRegulatedId":"No","fedOwnerIds":null,"fedFundingIds":null,"fedDesignIds":null,"fedConstructionIds":null,"fedRegulatoryIds":null,"fedInspectionIds":null,"fedOperationIds":null,"fedOtherIds":null,"secretaryAgricultureBuiltId":"No","nrcsWatershedAuthorizationId":"N/A","primaryDamTypeId":"Earth","damTypeIds":"Earth","coreTypeIds":"Unlisted/Unknown;Unlisted/Unknown","foundationTypeIds":"Unlisted/Unknown","damHeight":"29","hydraulicHeight":null,"structuralHeight":null,"nidHeight":"29","nidHeightId":"25-50 feet","damLength":"700","volume":null,"yearCompleted":"1971","yearCompletedId":"1970-1979","yearsModified":null,"nidStorage":"1164","maxStorage":"1164","normalStorage":"293","surfaceArea":"66","drainageArea":"2.7","maxDischarge":null,"spillwayTypeId":null,"spillwayWidth":null,"numberOfLocks":null,"lengthOfLocks":null,"widthOfLocks":null,"secondaryLengthOfLocks":null,"secondaryWidthOfLocks":null,"outletGateTypes":null,"dataUpdated":"2021-04-09","inspectionDate":"2020-11-19","inspectionFrequency":"1","publicHazardId":"High","conditionAssessId":"Fair","conditionAssessDate":null,"eapId":"Yes","eapLastRevDate":null,"websiteUrl":"https://damsafety.org/pennsylvania","usaceDivision":"Great Lakes and Ohio River Division","usaceDistrict":"Pittsburgh District","operationalStatusId":null,"operationalStatusDate":null,"inundationNidAddedId":"No","huc2":"05","huc4":"0501","huc6":"050100","huc8":"05010005","zipcode":"15860","nation":"USA","stateKey":"PA","femaRegion":"3","femaCommunity":"Millstone township, Pennsylvania","aiannh":null,"hasDamPhotoId":"No","sectionSevenAuthorityId":"No"},"geometry":{"type":"Point","coordinates":[-79.05777778,41.44138889]}},
{"type":"Feature","properties":{"fid":32450,"name":"Yellow Creek","otherNames":null,"formerNames":null,"nidId":"PA00282","otherStructureId":null,"federalId":"PA00282","ownerNames":"DCNR","ownerTypeIds":"State","primaryOwnerTypeId":"State","separateStructuresCount":"0","isAssociatedStructureId":"No","designerNames":null,"nonFederalDamOnFederalId":"No","primaryPurposeId":"Recreation","purposeIds":"Recreation","sourceAgency":"Pennsylvania","stateFedId":"D32-074","latitude":"40.59083333","longitude":"-79.05305556","state":"Pennsylvania","county":"Indiana","countyState":"Indiana, Pennsylvania","city":null,"distance":null,"riverName":"Yellow Creek","congDist":"Congressional District 14, Pennsylvania","stateRegulatedId":"Yes","jurisdictionAuthorityId":"Yes","stateRegulatoryAgency":"Pennsylvania Department of Environmental Protection","permittingAuthorityId":"Yes","inspectionAuthorityId":"Yes","enforcementAuthorityId":"Yes","fedRegulatedId":"No","fedOwnerIds":null,"fedFundingIds":null,"fedDesignIds":null,"fedConstructionIds":null,"fedRegulatoryIds":null,"fedInspectionIds":null,"fedOperationIds":null,"fedOtherIds":null,"secretaryAgricultureBuiltId":"No","nrcsWatershedAuthorizationId":"N/A","primaryDamTypeId":"Earth","damTypeIds":"Earth","coreTypeIds":"Unlisted/Unknown;Unlisted/Unknown","foundationTypeIds":"Unlisted/Unknown","damHeight":"62","hydraulicHeight":null,"structuralHeight":null,"nidHeight":"62","nidHeightId":"51-100 feet","damLength":"625","volume":null,"yearCompleted":"1969","yearCompletedId":"1960-1969","yearsModified":"2007S","nidStorage":"37800","maxStorage":"37800","normalStorage":"13800","surfaceArea":"710","drainageArea":"52.5","maxDischarge":null,"spillwayTypeId":null,"spillwayWidth":null,"numberOfLocks":null,"lengthOfLocks":null,"widthOfLocks":null,"secondaryLengthOfLocks":null,"secondaryWidthOfLocks":null,"outletGateTypes":null,"dataUpdated":"2021-04-09","inspectionDate":"2020-06-17","inspectionFrequency":"1","publicHazardId":"High","conditionAssessId":"Satisfactory","conditionAssessDate":null,"eapId":"Yes","eapLastRevDate":null,"websiteUrl":"https://damsafety.org/pennsylvania","usaceDivision":"Great Lakes and Ohio River Division","usaceDistrict":"Pittsburgh District","operationalStatusId":null,"operationalStatusDate":null,"inundationNidAddedId":"No","huc2":"05","huc4":"0501","huc6":"050100","huc8":"05010007","zipcode":"15765","nation":"USA","stateKey":"PA","femaRegion":"3","femaCommunity":"Cherryhill township, Pennsylvania","aiannh":null,"hasDamPhotoId":"No","sectionSevenAuthorityId":"No"},"geometry":{"type":"Point","coordinates":[-79.05305556,40.59083333]}},
{"type":"Feature","properties":{"fid":58500,"name":"Seph Mack","otherNames":null,"formerNames":"Hopocan Lake","nidId":"PA01397","otherStructureId":null,"federalId":"PA01397","ownerNames":"DCNR","ownerTypeIds":"State","primaryOwnerTypeId":"State","separateStructuresCount":"0","isAssociatedStructureId":"No","designerNames":null,"nonFederalDamOnFederalId":"No","primaryPurposeId":"Recreation","purposeIds":"Recreation","sourceAgency":"Pennsylvania","stateFedId":"D32-082","latitude":"40.58305556","longitude":"-79.04166667","state":"Pennsylvania","county":"Indiana","countyState":"Indiana, Pennsylvania","city":null,"distance":null,"riverName":"Tr Yellow Creek","congDist":"Congressional District 14, Pennsylvania","stateRegulatedId":"Yes","jurisdictionAuthorityId":"Yes","stateRegulatoryAgency":"Pennsylvania Department of Environmental Protection","permittingAuthorityId":"Yes","inspectionAuthorityId":"Yes","enforcementAuthorityId":"Yes","fedRegulatedId":"No","fedOwnerIds":null,"fedFundingIds":null,"fedDesignIds":null,"fedConstructionIds":null,"fedRegulatoryIds":null,"fedInspectionIds":null,"fedOperationIds":null,"fedOtherIds":null,"secretaryAgricultureBuiltId":"No","nrcsWatershedAuthorizationId":"N/A","primaryDamTypeId":"Earth","damTypeIds":"Earth","coreTypeIds":"Unlisted/Unknown;Unlisted/Unknown","foundationTypeIds":"Unlisted/Unknown","damHeight":"21","hydraulicHeight":null,"structuralHeight":null,"nidHeight":"21","nidHeightId":"Less than 25 feet","damLength":"305","volume":null,"yearCompleted":"1987","yearCompletedId":"1980-1989","yearsModified":null,"nidStorage":"15","maxStorage":"15","normalStorage":"9","surfaceArea":"2","drainageArea":"0.18","maxDischarge":null,"spillwayTypeId":null,"spillwayWidth":null,"numberOfLocks":null,"lengthOfLocks":null,"widthOfLocks":null,"secondaryLengthOfLocks":null,"secondaryWidthOfLocks":null,"outletGateTypes":null,"dataUpdated":"2021-04-09","inspectionDate":"2018-02-20","inspectionFrequency":"2","publicHazardId":"Significant","conditionAssessId":"Not Rated","conditionAssessDate":null,"eapId":"Yes","eapLastRevDate":null,"websiteUrl":"https://damsafety.org/pennsylvania","usaceDivision":"Great Lakes and Ohio River Division","usaceDistrict":"Pittsburgh District","operationalStatusId":null,"operationalStatusDate":null,"inundationNidAddedId":"No","huc2":"05","huc4":"0501","huc6":"050100","huc8":"05010007","zipcode":"15765","nation":"USA","stateKey":"PA","femaRegion":"3","femaCommunity":"Cherryhill township, Pennsylvania","aiannh":null,"hasDamPhotoId":"No","sectionSevenAuthorityId":"No"},"geometry":{"type":"Point","coordinates":[-79.04166667,40.58305556]}},
{"type":"Feature","properties":{"fid":47515,"name":"Elroy Face","otherNames":null,"formerNames":null,"nidId":"PA00281","otherStructureId":null,"federalId":"PA00281","ownerNames":"EASTERN ORTHODOX FOUNDATION","ownerTypeIds":"Private","primaryOwnerTypeId":"Private","separateStructuresCount":"0","isAssociatedStructureId":"No","designerNames":null,"nonFederalDamOnFederalId":"No","primaryPurposeId":"Recreation","purposeIds":"Recreation","sourceAgency":"Pennsylvania","stateFedId":"D32-056","latitude":"40.5925","longitude":"-79.00444444","state":"Pennsylvania","county":"Indiana","countyState":"Indiana, Pennsylvania","city":null,"distance":null,"riverName":"Tr Yellow Creek","congDist":"Congressional District 14, Pennsylvania","stateRegulatedId":"Yes","jurisdictionAuthorityId":"Yes","stateRegulatoryAgency":"Pennsylvania Department of Environmental Protection","permittingAuthorityId":"Yes","inspectionAuthorityId":"Yes","enforcementAuthorityId":"Yes","fedRegulatedId":"No","fedOwnerIds":null,"fedFundingIds":null,"fedDesignIds":null,"fedConstructionIds":null,"fedRegulatoryIds":null,"fedInspectionIds":null,"fedOperationIds":null,"fedOtherIds":null,"secretaryAgricultureBuiltId":"No","nrcsWatershedAuthorizationId":"N/A","primaryDamTypeId":"Earth","damTypeIds":"Earth","coreTypeIds":"Unlisted/Unknown;Unlisted/Unknown","foundationTypeIds":"Unlisted/Unknown","damHeight":"25","hydraulicHeight":null,"structuralHeight":null,"nidHeight":"25","nidHeightId":"25-50 feet","damLength":"750","volume":null,"yearCompleted":"1954","yearCompletedId":"1950-1959","yearsModified":null,"nidStorage":"244","maxStorage":"244","normalStorage":"98","surfaceArea":"24","drainageArea":"0.7","maxDischarge":null,"spillwayTypeId":null,"spillwayWidth":null,"numberOfLocks":null,"lengthOfLocks":null,"widthOfLocks":null,"secondaryLengthOfLocks":null,"secondaryWidthOfLocks":null,"outletGateTypes":null,"dataUpdated":"2021-04-09","inspectionDate":"2021-01-15","inspectionFrequency":"1","publicHazardId":"High","conditionAssessId":"Fair","conditionAssessDate":null,"eapId":"Yes","eapLastRevDate":null,"websiteUrl":"https://damsafety.org/pennsylvania","usaceDivision":"Great Lakes and Ohio River Division","usaceDistrict":"Pittsburgh District","operationalStatusId":null,"operationalStatusDate":null,"inundationNidAddedId":"No","huc2":"05","huc4":"0501","huc6":"050100","huc8":"05010007","zipcode":"15765","nation":"USA","stateKey":"PA","femaRegion":"3","femaCommunity":"Cherryhill township, Pennsylvania","aiannh":null,"hasDamPhotoId":"No","sectionSevenAuthorityId":"No"},"geometry":{"type":"Point","coordinates":[-79.00444444,40.5925]}},
{"type":"Feature","properties":{"fid":30403,"name":"Bishop","otherNames":null,"formerNames":null,"nidId":"PA01987","otherStructureId":null,"federalId":"PA01987","ownerNames":"CARL BISHOP","ownerTypeIds":"Private","primaryOwnerTypeId":"Private","separateStructuresCount":"0","isAssociatedStructureId":"No","designerNames":null,"nonFederalDamOnFederalId":"No","primaryPurposeId":"Recreation","purposeIds":"Recreation","sourceAgency":"Pennsylvania","stateFedId":"D33-067","latitude":"40.99361111","longitude":"-78.93416667","state":"Pennsylvania","county":"Jefferson","countyState":"Jefferson, Pennsylvania","city":null,"distance":null,"riverName":"Tr Trout Run","congDist":"Congressional District 15, Pennsylvania","stateRegulatedId":"Yes","jurisdictionAuthorityId":"Yes","stateRegulatoryAgency":"Pennsylvania Department of Environmental Protection","permittingAuthorityId":"Yes","inspectionAuthorityId":"Yes","enforcementAuthorityId":"Yes","fedRegulatedId":"No","fedOwnerIds":null,"fedFundingIds":null,"fedDesignIds":null,"fedConstructionIds":null,"fedRegulatoryIds":null,"fedInspectionIds":null,"fedOperationIds":null,"fedOtherIds":null,"secretaryAgricultureBuiltId":"No","nrcsWatershedAuthorizationId":"N/A","primaryDamTypeId":"Earth","damTypeIds":"Earth","coreTypeIds":"Unlisted/Unknown;Unlisted/Unknown","foundationTypeIds":"Unlisted/Unknown","damHeight":null,"hydraulicHeight":null,"structuralHeight":null,"nidHeight":"0","nidHeightId":"Undetermined","damLength":null,"volume":null,"yearCompleted":null,"yearCompletedId":"Undetermined","yearsModified":null,"nidStorage":"0","maxStorage":null,"normalStorage":null,"surfaceArea":null,"drainageArea":null,"maxDischarge":null,"spillwayTypeId":null,"spillwayWidth":null,"numberOfLocks":null,"lengthOfLocks":null,"widthOfLocks":null,"secondaryLengthOfLocks":null,"secondaryWidthOfLocks":null,"outletGateTypes":null,"dataUpdated":"2021-04-09","inspectionDate":null,"inspectionFrequency":"2","publicHazardId":"Significant","conditionAssessId":"Not Rated","conditionAssessDate":null,"eapId":"No","eapLastRevDate":null,"websiteUrl":"https://damsafety.org/pennsylvania","usaceDivision":"Great Lakes and Ohio River Division","usaceDistrict":"Pittsburgh District","operationalStatusId":null,"operationalStatusDate":null,"inundationNidAddedId":"No","huc2":"05","huc4":"0501","huc6":"050100","huc8":"05010006","zipcode":"15767","nation":"USA","stateKey":"PA","femaRegion":"3","femaCommunity":"Bell township, Pennsylvania","aiannh":null,"hasDamPhotoId":"No","sectionSevenAuthorityId":"No"},"geometry":{"type":"Point","coordinates":[-78.93416667,40.99361111]}},
{"type":"Feature","properties":{"fid":51484,"name":"Rossiter","otherNames":null,"formerNames":null,"nidId":"PA01080","otherStructureId":null,"federalId":"PA01080","ownerNames":"INDIANA COUNTY MUNICIPAL SERVICES AUTHORITY","ownerTypeIds":"Local Government","primaryOwnerTypeId":"Local Government","separateStructuresCount":"0","isAssociatedStructureId":"No","designerNames":null,"nonFederalDamOnFederalId":"No","primaryPurposeId":"Water Supply","purposeIds":"Water Supply","sourceAgency":"Pennsylvania","stateFedId":"D32-019","latitude":"40.8875","longitude":"-78.92194444","state":"Pennsylvania","county":"Indiana","countyState":"Indiana, Pennsylvania","city":null,"distance":null,"riverName":"Tr Canoe Creek","congDist":"Congressional District 15, Pennsylvania","stateRegulatedId":"Yes","jurisdictionAuthorityId":"Yes","stateRegulatoryAgency":"Pennsylvania Department of Environmental Protection","permittingAuthorityId":"Yes","inspectionAuthorityId":"Yes","enforcementAuthorityId":"Yes","fedRegulatedId":"No","fedOwnerIds":null,"fedFundingIds":null,"fedDesignIds":null,"fedConstructionIds":null,"fedRegulatoryIds":null,"fedInspectionIds":null,"fedOperationIds":null,"fedOtherIds":null,"secretaryAgricultureBuiltId":"No","nrcsWatershedAuthorizationId":"N/A","primaryDamTypeId":"Earth","damTypeIds":"Earth;Concrete","coreTypeIds":"Unlisted/Unknown;Unlisted/Unknown","foundationTypeIds":"Unlisted/Unknown","damHeight":"15","hydraulicHeight":null,"structuralHeight":null,"nidHeight":"15","nidHeightId":"Less than 25 feet","damLength":"500","volume":null,"yearCompleted":"1919","yearCompletedId":"1910-1919","yearsModified":null,"nidStorage":"49","maxStorage":"49","normalStorage":"17","surfaceArea":"5","drainageArea":"1.8","maxDischarge":null,"spillwayTypeId":null,"spillwayWidth":null,"numberOfLocks":null,"lengthOfLocks":null,"widthOfLocks":null,"secondaryLengthOfLocks":null,"secondaryWidthOfLocks":null,"outletGateTypes":null,"dataUpdated":"2021-04-09","inspectionDate":"2020-09-24","inspectionFrequency":"1","publicHazardId":"High","conditionAssessId":"Poor","conditionAssessDate":null,"eapId":"Yes","eapLastRevDate":null,"websiteUrl":"https://damsafety.org/pennsylvania","usaceDivision":"Great Lakes and Ohio River Division","usaceDistrict":"Pittsburgh District","operationalStatusId":null,"operationalStatusDate":null,"inundationNidAddedId":"No","huc2":"05","huc4":"0501","huc6":"050100","huc8":"05010006","zipcode":"15772","nation":"USA","stateKey":"PA","femaRegion":"3","femaCommunity":"Canoe township, Pennsylvania","aiannh":null,"hasDamPhotoId":"No","sectionSevenAuthorityId":"No"},"geometry":{"type":"Point","coordinates":[-78.92194444,40.8875]}},
{"type":"Feature","properties":{"fid":48200,"name":"Cloe Lake","otherNames":null,"formerNames":null,"nidId":"PA00421","otherStructureId":null,"federalId":"PA00421","ownerNames":"PA FISH & BOAT COMMISSION","ownerTypeIds":"State","primaryOwnerTypeId":"State","separateStructuresCount":"0","isAssociatedStructureId":"No","designerNames":null,"nonFederalDamOnFederalId":"No","primaryPurposeId":"Recreation","purposeIds":"Recreation","sourceAgency":"Pennsylvania","stateFedId":"D33-002","latitude":"40.94916667","longitude":"-78.91277778","state":"Pennsylvania","county":"Jefferson","countyState":"Jefferson, Pennsylvania","city":null,"distance":null,"riverName":"Jackson Run","congDist":"Congressional District 15, Pennsylvania","stateRegulatedId":"Yes","jurisdictionAuthorityId":"Yes","stateRegulatoryAgency":"Pennsylvania Department of Environmental Protection","permittingAuthorityId":"Yes","inspectionAuthorityId":"Yes","enforcementAuthorityId":"Yes","fedRegulatedId":"No","fedOwnerIds":null,"fedFundingIds":null,"fedDesignIds":null,"fedConstructionIds":null,"fedRegulatoryIds":null,"fedInspectionIds":null,"fedOperationIds":null,"fedOtherIds":null,"secretaryAgricultureBuiltId":"No","nrcsWatershedAuthorizationId":"N/A","primaryDamTypeId":"Earth","damTypeIds":"Earth","coreTypeIds":"Concrete","foundationTypeIds":"Rock","damHeight":"43","hydraulicHeight":null,"structuralHeight":null,"nidHeight":"43","nidHeightId":"25-50 feet","damLength":"800","volume":null,"yearCompleted":"1909","yearCompletedId":"1900-1909","yearsModified":"2005O","nidStorage":"590","maxStorage":"590","normalStorage":"350","surfaceArea":"26","drainageArea":"3","maxDischarge":null,"spillwayTypeId":"Uncontrolled","spillwayWidth":null,"numberOfLocks":null,"lengthOfLocks":null,"widthOfLocks":null,"secondaryLengthOfLocks":null,"secondaryWidthOfLocks":null,"outletGateTypes":null,"dataUpdated":"2021-04-09","inspectionDate":"2020-10-13","inspectionFrequency":"1","publicHazardId":"High","conditionAssessId":"Satisfactory","conditionAssessDate":null,"eapId":"Yes","eapLastRevDate":null,"websiteUrl":"https://damsafety.org/pennsylvania","usaceDivision":"Great Lakes and Ohio River Division","usaceDistrict":"Pittsburgh District","operationalStatusId":null,"operationalStatusDate":null,"inundationNidAddedId":"No","huc2":"05","huc4":"0501","huc6":"050100","huc8":"05010006","zipcode":"15767","nation":"USA","stateKey":"PA","femaRegion":"3","femaCommunity":"Bell township, Pennsylvania","aiannh":null,"hasDamPhotoId":"No","sectionSevenAuthorityId":"No"},"geometry":{"type":"Point","coordinates":[-78.91277778,40.94916667]}},
{"type":"Feature","properties":{"fid":46977,"name":"Reynoldsville Storage #4","otherNames":null,"formerNames":null,"nidId":"PA01411","otherStructureId":null,"federalId":"PA01411","ownerNames":"REYNOLDSVILLE WATER AUTHORITY","ownerTypeIds":"Local Government","primaryOwnerTypeId":"Local Government","separateStructuresCount":"0","isAssociatedStructureId":"No","designerNames":null,"nonFederalDamOnFederalId":"No","primaryPurposeId":"Water Supply","purposeIds":"Water Supply","sourceAgency":"Pennsylvania","stateFedId":"D33-052","latitude":"41.10611111","longitude":"-78.87472222","state":"Pennsylvania","county":"Jefferson","countyState":"Jefferson, Pennsylvania","city":null,"distance":null,"riverName":"Pitchpine Run","congDist":"Congressional District 15, Pennsylvania","stateRegulatedId":"Yes","jurisdictionAuthorityId":"Yes","stateRegulatoryAgency":"Pennsylvania Department of Environmental Protection","permittingAuthorityId":"Yes","inspectionAuthorityId":"Yes","enforcementAuthorityId":"Yes","fedRegulatedId":"No","fedOwnerIds":null,"fedFundingIds":null,"fedDesignIds":null,"fedConstructionIds":null,"fedRegulatoryIds":null,"fedInspectionIds":null,"fedOperationIds":null,"fedOtherIds":null,"secretaryAgricultureBuiltId":"No","nrcsWatershedAuthorizationId":"N/A","primaryDamTypeId":"Earth","damTypeIds":"Earth","coreTypeIds":"Unlisted/Unknown;Unlisted/Unknown","foundationTypeIds":"Unlisted/Unknown","damHeight":"16","hydraulicHeight":null,"structuralHeight":null,"nidHeight":"16","nidHeightId":"Less than 25 feet","damLength":"275","volume":null,"yearCompleted":"1961","yearCompletedId":"1960-1969","yearsModified":null,"nidStorage":"23","maxStorage":"23","normalStorage":"13","surfaceArea":"2","drainageArea":"0.61","maxDischarge":null,"spillwayTypeId":null,"spillwayWidth":null,"numberOfLocks":null,"lengthOfLocks":null,"widthOfLocks":null,"secondaryLengthOfLocks":null,"secondaryWidthOfLocks":null,"outletGateTypes":null,"dataUpdated":"2021-04-09","inspectionDate":"2020-10-21","inspectionFrequency":"1","publicHazardId":"High","conditionAssessId":"Fair","conditionAssessDate":null,"eapId":"Yes","eapLastRevDate":null,"websiteUrl":"https://damsafety.org/pennsylvania","usaceDivision":"Great Lakes and Ohio River Division","usaceDistrict":"Pittsburgh District","operationalStatusId":null,"operationalStatusDate":null,"inundationNidAddedId":"No","huc2":"05","huc4":"0501","huc6":"050100","huc8":"05010006","zipcode":"15851","nation":"USA","stateKey":"PA","femaRegion":"3","femaCommunity":"Winslow township, Pennsylvania","aiannh":null,"hasDamPhotoId":"No","sectionSevenAuthorityId":"No"},"geometry":{"type":"Point","coordinates":[-78.87472222,41.10611111]}},
{"type":"Feature","properties":{"fid":52951,"name":"Reynoldsville Storage #5","otherNames":null,"formerNames":null,"nidId":"PA01130","otherStructureId":null,"federalId":"PA01130","ownerNames":"REYNOLDSVILLE WATER AUTHORITY","ownerTypeIds":"Local Government","primaryOwnerTypeId":"Local Government","separateStructuresCount":"0","isAssociatedStructureId":"No","designerNames":null,"nonFederalDamOnFederalId":"No","primaryPurposeId":"Water Supply","purposeIds":"Water Supply","sourceAgency":"Pennsylvania","stateFedId":"D33-005","latitude":"41.10777778","longitude":"-78.8725","state":"Pennsylvania","county":"Jefferson","countyState":"Jefferson, Pennsylvania","city":null,"distance":null,"riverName":"Pitchpine Run","congDist":"Congressional District 15, Pennsylvania","stateRegulatedId":"Yes","jurisdictionAuthorityId":"Yes","stateRegulatoryAgency":"Pennsylvania Department of Environmental Protection","permittingAuthorityId":"Yes","inspectionAuthorityId":"Yes","enforcementAuthorityId":"Yes","fedRegulatedId":"No","fedOwnerIds":null,"fedFundingIds":null,"fedDesignIds":null,"fedConstructionIds":null,"fedRegulatoryIds":null,"fedInspectionIds":null,"fedOperationIds":null,"fedOtherIds":null,"secretaryAgricultureBuiltId":"No","nrcsWatershedAuthorizationId":"N/A","primaryDamTypeId":"Earth","damTypeIds":"Earth","coreTypeIds":"Unlisted/Unknown;Unlisted/Unknown","foundationTypeIds":"Unlisted/Unknown","damHeight":"26","hydraulicHeight":null,"structuralHeight":null,"nidHeight":"26","nidHeightId":"25-50 feet","damLength":"240","volume":null,"yearCompleted":"1901","yearCompletedId":"1900-1909","yearsModified":"2007S","nidStorage":"34","maxStorage":"34","normalStorage":"21","surfaceArea":"3","drainageArea":"0.6","maxDischarge":null,"spillwayTypeId":null,"spillwayWidth":null,"numberOfLocks":null,"lengthOfLocks":null,"widthOfLocks":null,"secondaryLengthOfLocks":null,"secondaryWidthOfLocks":null,"outletGateTypes":null,"dataUpdated":"2021-04-09","inspectionDate":"2020-10-21","inspectionFrequency":"1","publicHazardId":"High","conditionAssessId":"Poor","conditionAssessDate":null,"eapId":"Yes","eapLastRevDate":null,"websiteUrl":"https://damsafety.org/pennsylvania","usaceDivision":"Great Lakes and Ohio River Division","usaceDistrict":"Pittsburgh District","operationalStatusId":null,"operationalStatusDate":null,"inundationNidAddedId":"No","huc2":"05","huc4":"0501","huc6":"050100","huc8":"05010006","zipcode":"15851","nation":"USA","stateKey":"PA","femaRegion":"3","femaCommunity":"Winslow township, Pennsylvania","aiannh":null,"hasDamPhotoId":"No","sectionSevenAuthorityId":"No"},"geometry":{"type":"Point","coordinates":[-78.8725,41.10777778]}},
{"type":"Feature","properties":{"fid":42493,"name":"Monteville","otherNames":null,"formerNames":null,"nidId":"PA01997","otherStructureId":null,"federalId":"PA01997","ownerNames":"MEREDITH MONTEVILLE","ownerTypeIds":"Private","primaryOwnerTypeId":"Private","separateStructuresCount":null,"isAssociatedStructureId":"No","designerNames":null,"nonFederalDamOnFederalId":"No","primaryPurposeId":null,"purposeIds":null,"sourceAgency":"Pennsylvania","stateFedId":"D33-068","latitude":"41.27916667","longitude":"-78.84555556","state":"Pennsylvania","county":"Jefferson","countyState":"Jefferson, Pennsylvania","city":null,"distance":null,"riverName":"Tr South Br North Fork Creek","congDist":"Congressional District 15, Pennsylvania","stateRegulatedId":"Yes","jurisdictionAuthorityId":"Yes","stateRegulatoryAgency":"Pennsylvania Department of Environmental Protection","permittingAuthorityId":"Yes","inspectionAuthorityId":"Yes","enforcementAuthorityId":"Yes","fedRegulatedId":"No","fedOwnerIds":null,"fedFundingIds":null,"fedDesignIds":null,"fedConstructionIds":null,"fedRegulatoryIds":null,"fedInspectionIds":null,"fedOperationIds":null,"fedOtherIds":null,"secretaryAgricultureBuiltId":"No","nrcsWatershedAuthorizationId":"N/A","primaryDamTypeId":null,"damTypeIds":null,"coreTypeIds":"Unlisted/Unknown;Unlisted/Unknown","foundationTypeIds":"Unlisted/Unknown","damHeight":null,"hydraulicHeight":null,"structuralHeight":null,"nidHeight":"0","nidHeightId":"Undetermined","damLength":null,"volume":null,"yearCompleted":null,"yearCompletedId":"Undetermined","yearsModified":null,"nidStorage":"0","maxStorage":null,"normalStorage":null,"surfaceArea":null,"drainageArea":"0.82","maxDischarge":null,"spillwayTypeId":null,"spillwayWidth":null,"numberOfLocks":null,"lengthOfLocks":null,"widthOfLocks":null,"secondaryLengthOfLocks":null,"secondaryWidthOfLocks":null,"outletGateTypes":null,"dataUpdated":"2021-04-09","inspectionDate":null,"inspectionFrequency":"2","publicHazardId":"Significant","conditionAssessId":"Not Rated","conditionAssessDate":null,"eapId":"No","eapLastRevDate":null,"websiteUrl":"https://damsafety.org/pennsylvania","usaceDivision":"Great Lakes and Ohio River Division","usaceDistrict":"Pittsburgh District","operationalStatusId":null,"operationalStatusDate":null,"inundationNidAddedId":"No","huc2":"05","huc4":"0501","huc6":"050100","huc8":"05010005","zipcode":"15824","nation":"USA","stateKey":"PA","femaRegion":"3","femaCommunity":"Snyder township, Pennsylvania","aiannh":null,"hasDamPhotoId":"No","sectionSevenAuthorityId":"No"},"geometry":{"type":"Point","coordinates":[-78.84555556,41.27916667]}},
{"type":"Feature","properties":{"fid":32771,"name":"Kyle","otherNames":null,"formerNames":null,"nidId":"PA00417","otherStructureId":null,"federalId":"PA00417","ownerNames":"PA FISH & BOAT COMMISSION","ownerTypeIds":"State","primaryOwnerTypeId":"State","separateStructuresCount":"0","isAssociatedStructureId":"No","designerNames":null,"nonFederalDamOnFederalId":"No","primaryPurposeId":"Recreation","purposeIds":"Recreation","sourceAgency":"Pennsylvania","stateFedId":"D33-001","latitude":"41.15805556","longitude":"-78.83777778","state":"Pennsylvania","county":"Jefferson","countyState":"Jefferson, Pennsylvania","city":null,"distance":null,"riverName":"Kyle Run","congDist":"Congressional District 15, Pennsylvania","stateRegulatedId":"Yes","jurisdictionAuthorityId":"Yes","stateRegulatoryAgency":"Pennsylvania Department of Environmental Protection","permittingAuthorityId":"Yes","inspectionAuthorityId":"Yes","enforcementAuthorityId":"Yes","fedRegulatedId":"No","fedOwnerIds":null,"fedFundingIds":null,"fedDesignIds":null,"fedConstructionIds":null,"fedRegulatoryIds":null,"fedInspectionIds":null,"fedOperationIds":null,"fedOtherIds":null,"secretaryAgricultureBuiltId":"No","nrcsWatershedAuthorizationId":"N/A","primaryDamTypeId":"Earth","damTypeIds":"Earth","coreTypeIds":"Unlisted/Unknown;Unlisted/Unknown","foundationTypeIds":"Unlisted/Unknown","damHeight":"33","hydraulicHeight":null,"structuralHeight":null,"nidHeight":"33","nidHeightId":"25-50 feet","damLength":"1000","volume":null,"yearCompleted":"1910","yearCompletedId":"1910-1919","yearsModified":null,"nidStorage":"2300","maxStorage":"2300","normalStorage":"1440","surfaceArea":"138","drainageArea":"6","maxDischarge":null,"spillwayTypeId":null,"spillwayWidth":null,"numberOfLocks":null,"lengthOfLocks":null,"widthOfLocks":null,"secondaryLengthOfLocks":null,"secondaryWidthOfLocks":null,"outletGateTypes":null,"dataUpdated":"2021-04-09","inspectionDate":"2020-10-20","inspectionFrequency":"1","publicHazardId":"High","conditionAssessId":"Satisfactory","conditionAssessDate":null,"eapId":"Yes","eapLastRevDate":null,"websiteUrl":"https://damsafety.org/pennsylvania","usaceDivision":"Great Lakes and Ohio River Division","usaceDistrict":"Pittsburgh District","operationalStatusId":null,"operationalStatusDate":null,"inundationNidAddedId":"No","huc2":"05","huc4":"0501","huc6":"050100","huc8":"05010006","zipcode":"15851","nation":"USA","stateKey":"PA","femaRegion":"3","femaCommunity":"Washington township, Pennsylvania","aiannh":null,"hasDamPhotoId":"No","sectionSevenAuthorityId":"No"},"geometry":{"type":"Point","coordinates":[-78.83777778,41.15805556]}},
{"type":"Feature","properties":{"fid":60809,"name":"Hemlock Lake","otherNames":"Hemlock Lake","formerNames":null,"nidId":"PA00283","otherStructureId":null,"federalId":"PA00283","ownerNames":"PA FISH & BOAT COMMISSION","ownerTypeIds":"State","primaryOwnerTypeId":"State","separateStructuresCount":"0","isAssociatedStructureId":"No","designerNames":null,"nonFederalDamOnFederalId":"No","primaryPurposeId":"Recreation","purposeIds":"Recreation","sourceAgency":"Pennsylvania","stateFedId":"D32-076","latitude":"40.86055556","longitude":"-78.88722222","state":"Pennsylvania","county":"Indiana","countyState":"Indiana, Pennsylvania","city":null,"distance":null,"riverName":"Straight Run","congDist":"Congressional District 15, Pennsylvania","stateRegulatedId":"Yes","jurisdictionAuthorityId":"Yes","stateRegulatoryAgency":"Pennsylvania Department of Environmental Protection","permittingAuthorityId":"Yes","inspectionAuthorityId":"Yes","enforcementAuthorityId":"Yes","fedRegulatedId":"No","fedOwnerIds":null,"fedFundingIds":null,"fedDesignIds":null,"fedConstructionIds":null,"fedRegulatoryIds":null,"fedInspectionIds":null,"fedOperationIds":null,"fedOtherIds":null,"secretaryAgricultureBuiltId":"No","nrcsWatershedAuthorizationId":"N/A","primaryDamTypeId":"Earth","damTypeIds":"Earth","coreTypeIds":"Unlisted/Unknown;Unlisted/Unknown","foundationTypeIds":"Unlisted/Unknown","damHeight":"43","hydraulicHeight":null,"structuralHeight":null,"nidHeight":"43","nidHeightId":"25-50 feet","damLength":"690","volume":null,"yearCompleted":"1970","yearCompletedId":"1970-1979","yearsModified":null,"nidStorage":"1520","maxStorage":"1520","normalStorage":"900","surfaceArea":"60","drainageArea":"1.49","maxDischarge":null,"spillwayTypeId":null,"spillwayWidth":null,"numberOfLocks":null,"lengthOfLocks":null,"widthOfLocks":null,"secondaryLengthOfLocks":null,"secondaryWidthOfLocks":null,"outletGateTypes":null,"dataUpdated":"2021-04-09","inspectionDate":"2020-07-08","inspectionFrequency":"1","publicHazardId":"High","conditionAssessId":"Satisfactory","conditionAssessDate":null,"eapId":"Yes","eapLastRevDate":null,"websiteUrl":"https://damsafety.org/pennsylvania","usaceDivision":"Great Lakes and Ohio River Division","usaceDistrict":"Pittsburgh District","operationalStatusId":null,"operationalStatusDate":null,"inundationNidAddedId":"No","huc2":"05","huc4":"0501","huc6":"050100","huc8":"05010006","zipcode":"15772","nation":"USA","stateKey":"PA","femaRegion":"3","femaCommunity":"Banks township, Pennsylvania","aiannh":null,"hasDamPhotoId":"No","sectionSevenAuthorityId":"No"},"geometry":{"type":"Point","coordinates":[-78.88722222,40.86055556]}},
{"type":"Feature","properties":{"fid":61632,"name":"Cherry Run No 2","otherNames":null,"formerNames":null,"nidId":"PA01750","otherStructureId":null,"federalId":"PA01750","ownerNames":"KEYSTONE COAL MINING CORPORATION","ownerTypeIds":"Private","primaryOwnerTypeId":"Private","separateStructuresCount":"0","isAssociatedStructureId":"No","designerNames":null,"nonFederalDamOnFederalId":"No","primaryPurposeId":"Other","purposeIds":"Other","sourceAgency":"Pennsylvania","stateFedId":"D03-052","latitude":"40.70277778","longitude":"-79.37694444","state":"Pennsylvania","county":"Armstrong","countyState":"Armstrong, Pennsylvania","city":null,"distance":null,"riverName":"Tr Cherry Run","congDist":"Congressional District 15, Pennsylvania","stateRegulatedId":"Yes","jurisdictionAuthorityId":"Yes","stateRegulatoryAgency":"Pennsylvania Department of Environmental Protection","permittingAuthorityId":"Yes","inspectionAuthorityId":"Yes","enforcementAuthorityId":"Yes","fedRegulatedId":"No","fedOwnerIds":null,"fedFundingIds":null,"fedDesignIds":null,"fedConstructionIds":null,"fedRegulatoryIds":null,"fedInspectionIds":null,"fedOperationIds":null,"fedOtherIds":null,"secretaryAgricultureBuiltId":"No","nrcsWatershedAuthorizationId":"N/A","primaryDamTypeId":"Earth","damTypeIds":"Earth","coreTypeIds":"Unlisted/Unknown;Unlisted/Unknown","foundationTypeIds":"Unlisted/Unknown","damHeight":"18","hydraulicHeight":null,"structuralHeight":null,"nidHeight":"18","nidHeightId":"Less than 25 feet","damLength":"300","volume":null,"yearCompleted":"1964","yearCompletedId":"1960-1969","yearsModified":null,"nidStorage":"80","maxStorage":"80","normalStorage":"60","surfaceArea":"1.1","drainageArea":"0.94","maxDischarge":null,"spillwayTypeId":null,"spillwayWidth":null,"numberOfLocks":null,"lengthOfLocks":null,"widthOfLocks":null,"secondaryLengthOfLocks":null,"secondaryWidthOfLocks":null,"outletGateTypes":null,"dataUpdated":"2021-04-09","inspectionDate":"2019-07-29","inspectionFrequency":"5","publicHazardId":"Low","conditionAssessId":"Not Rated","conditionAssessDate":null,"eapId":"Not Required","eapLastRevDate":null,"websiteUrl":"https://damsafety.org/pennsylvania","usaceDivision":"Great Lakes and Ohio River Division","usaceDistrict":"Pittsburgh District","operationalStatusId":null,"operationalStatusDate":null,"inundationNidAddedId":"No","huc2":"05","huc4":"0501","huc6":"050100","huc8":"05010006","zipcode":"15736","nation":"USA","stateKey":"PA","femaRegion":"3","femaCommunity":"Plumcreek township, Pennsylvania","aiannh":null,"hasDamPhotoId":"No","sectionSevenAuthorityId":"No"},"geometry":{"type":"Point","coordinates":[-79.37694444,40.70277778]}},
{"type":"Feature","properties":{"fid":64359,"name":"Freshwater Impoundment","otherNames":null,"formerNames":"Oneida","nidId":"PA00830","otherStructureId":null,"federalId":"PA00830","ownerNames":"ROBINDALE ENERGY SERVICES, INC.","ownerTypeIds":"Private","primaryOwnerTypeId":"Private","separateStructuresCount":"0","isAssociatedStructureId":"No","designerNames":null,"nonFederalDamOnFederalId":"No","primaryPurposeId":"Water Supply","purposeIds":"Water Supply","sourceAgency":"Pennsylvania","stateFedId":"D32-079","latitude":"40.51055556","longitude":"-79.02222222","state":"Pennsylvania","county":"Indiana","countyState":"Indiana, Pennsylvania","city":null,"distance":null,"riverName":"Tr Brush Creek","congDist":"Congressional District 14, Pennsylvania","stateRegulatedId":"Yes","jurisdictionAuthorityId":"Yes","stateRegulatoryAgency":"Pennsylvania Department of Environmental Protection","permittingAuthorityId":"Yes","inspectionAuthorityId":"Yes","enforcementAuthorityId":"Yes","fedRegulatedId":"No","fedOwnerIds":null,"fedFundingIds":null,"fedDesignIds":null,"fedConstructionIds":null,"fedRegulatoryIds":null,"fedInspectionIds":null,"fedOperationIds":null,"fedOtherIds":null,"secretaryAgricultureBuiltId":"No","nrcsWatershedAuthorizationId":"N/A","primaryDamTypeId":"Earth","damTypeIds":"Earth","coreTypeIds":"Unlisted/Unknown;Unlisted/Unknown","foundationTypeIds":"Unlisted/Unknown","damHeight":"50","hydraulicHeight":null,"structuralHeight":null,"nidHeight":"50","nidHeightId":"51-100 feet","damLength":"900","volume":null,"yearCompleted":"1974","yearCompletedId":"1970-1979","yearsModified":null,"nidStorage":"800","maxStorage":"800","normalStorage":"410","surfaceArea":"37","drainageArea":"0.64","maxDischarge":null,"spillwayTypeId":null,"spillwayWidth":null,"numberOfLocks":null,"lengthOfLocks":null,"widthOfLocks":null,"secondaryLengthOfLocks":null,"secondaryWidthOfLocks":null,"outletGateTypes":null,"dataUpdated":"2021-04-09","inspectionDate":"2020-07-10","inspectionFrequency":"1","publicHazardId":"High","conditionAssessId":"Fair","conditionAssessDate":null,"eapId":"Yes","eapLastRevDate":null,"websiteUrl":"https://damsafety.org/pennsylvania","usaceDivision":"Great Lakes and Ohio River Division","usaceDistrict":"Pittsburgh District","operationalStatusId":null,"operationalStatusDate":null,"inundationNidAddedId":"No","huc2":"05","huc4":"0501","huc6":"050100","huc8":"05010007","zipcode":"15748","nation":"USA","stateKey":"PA","femaRegion":"3","femaCommunity":"Brush Valley township, Pennsylvania","aiannh":null,"hasDamPhotoId":"No","sectionSevenAuthorityId":"No"},"geometry":{"type":"Point","coordinates":[-79.02222222,40.51055556]}},
{"type":"Feature","properties":{"fid":65622,"name":"Sunnyside Energy Park","otherNames":null,"formerNames":"Doverspike No. 2","nidId":"PA00810","otherStructureId":null,"federalId":"PA00810","ownerNames":"SUNNYSIDE ENERGY PARK LLC","ownerTypeIds":"Private","primaryOwnerTypeId":"Private","separateStructuresCount":"0","isAssociatedStructureId":"No","designerNames":null,"nonFederalDamOnFederalId":"No","primaryPurposeId":"Recreation","purposeIds":"Recreation","sourceAgency":"Pennsylvania","stateFedId":"D33-057","latitude":"40.97972222","longitude":"-79.15777778","state":"Pennsylvania","county":"Jefferson","countyState":"Jefferson, Pennsylvania","city":null,"distance":null,"riverName":"Caylor Run","congDist":"Congressional District 15, Pennsylvania","stateRegulatedId":"Yes","jurisdictionAuthorityId":"Yes","stateRegulatoryAgency":"Pennsylvania Department of Environmental Protection","permittingAuthorityId":"Yes","inspectionAuthorityId":"Yes","enforcementAuthorityId":"Yes","fedRegulatedId":"No","fedOwnerIds":null,"fedFundingIds":null,"fedDesignIds":null,"fedConstructionIds":null,"fedRegulatoryIds":null,"fedInspectionIds":null,"fedOperationIds":null,"fedOtherIds":null,"secretaryAgricultureBuiltId":"No","nrcsWatershedAuthorizationId":"N/A","primaryDamTypeId":"Earth","damTypeIds":"Earth","coreTypeIds":"Unlisted/Unknown;Unlisted/Unknown","foundationTypeIds":"Unlisted/Unknown","damHeight":"50","hydraulicHeight":null,"structuralHeight":null,"nidHeight":"50","nidHeightId":"51-100 feet","damLength":"650","volume":null,"yearCompleted":"1975","yearCompletedId":"1970-1979","yearsModified":null,"nidStorage":"700","maxStorage":"700","normalStorage":"500","surfaceArea":"29","drainageArea":"0.9","maxDischarge":null,"spillwayTypeId":null,"spillwayWidth":null,"numberOfLocks":null,"lengthOfLocks":null,"widthOfLocks":null,"secondaryLengthOfLocks":null,"secondaryWidthOfLocks":null,"outletGateTypes":null,"dataUpdated":"2021-04-09","inspectionDate":"2021-01-08","inspectionFrequency":"1","publicHazardId":"High","conditionAssessId":"Fair","conditionAssessDate":null,"eapId":"Yes","eapLastRevDate":null,"websiteUrl":"https://damsafety.org/pennsylvania","usaceDivision":"Great Lakes and Ohio River Division","usaceDistrict":"Pittsburgh District","operationalStatusId":null,"operationalStatusDate":null,"inundationNidAddedId":"No","huc2":"05","huc4":"0501","huc6":"050100","huc8":"05010006","zipcode":"15767","nation":"USA","stateKey":"PA","femaRegion":"3","femaCommunity":"Ringgold township, Pennsylvania","aiannh":null,"hasDamPhotoId":"No","sectionSevenAuthorityId":"No"},"geometry":{"type":"Point","coordinates":[-79.15777778,40.97972222]}},
{"type":"Feature","properties":{"fid":66709,"name":"Two Lick Creek","otherNames":null,"formerNames":null,"nidId":"PA00285","otherStructureId":null,"federalId":"PA00285","ownerNames":"HOMER CITY GENERATION, LP","ownerTypeIds":"Private","primaryOwnerTypeId":"Private","separateStructuresCount":"0","isAssociatedStructureId":"No","designerNames":null,"nonFederalDamOnFederalId":"No","primaryPurposeId":"Grade Stabilization","purposeIds":"Grade Stabilization","sourceAgency":"Pennsylvania","stateFedId":"D32-075","latitude":"40.59527778","longitude":"-79.09944444","state":"Pennsylvania","county":"Indiana","countyState":"Indiana, Pennsylvania","city":null,"distance":null,"riverName":"Two Lick Creek","congDist":"Congressional District 14, Pennsylvania","stateRegulatedId":"Yes","jurisdictionAuthorityId":"Yes","stateRegulatoryAgency":"Pennsylvania Department of Environmental Protection","permittingAuthorityId":"Yes","inspectionAuthorityId":"Yes","enforcementAuthorityId":"Yes","fedRegulatedId":"No","fedOwnerIds":null,"fedFundingIds":null,"fedDesignIds":null,"fedConstructionIds":null,"fedRegulatoryIds":null,"fedInspectionIds":null,"fedOperationIds":null,"fedOtherIds":null,"secretaryAgricultureBuiltId":"No","nrcsWatershedAuthorizationId":"N/A","primaryDamTypeId":"Earth","damTypeIds":"Earth;Rockfill;Gravity","coreTypeIds":"Unlisted/Unknown;Unlisted/Unknown","foundationTypeIds":"Unlisted/Unknown","damHeight":"90","hydraulicHeight":null,"structuralHeight":null,"nidHeight":"90","nidHeightId":"51-100 feet","damLength":"1200","volume":null,"yearCompleted":"1968","yearCompletedId":"1960-1969","yearsModified":null,"nidStorage":"23000","maxStorage":"23000","normalStorage":"16200","surfaceArea":"510","drainageArea":"74","maxDischarge":null,"spillwayTypeId":null,"spillwayWidth":null,"numberOfLocks":null,"lengthOfLocks":null,"widthOfLocks":null,"secondaryLengthOfLocks":null,"secondaryWidthOfLocks":null,"outletGateTypes":null,"dataUpdated":"2021-04-09","inspectionDate":"2020-10-06","inspectionFrequency":"1","publicHazardId":"High","conditionAssessId":"Satisfactory","conditionAssessDate":null,"eapId":"Yes","eapLastRevDate":null,"websiteUrl":"https://damsafety.org/pennsylvania","usaceDivision":"Great Lakes and Ohio River Division","usaceDistrict":"Pittsburgh District","operationalStatusId":null,"operationalStatusDate":null,"inundationNidAddedId":"No","huc2":"05","huc4":"0501","huc6":"050100","huc8":"05010007","zipcode":"15701","nation":"USA","stateKey":"PA","femaRegion":"3","femaCommunity":"White township, Pennsylvania","aiannh":null,"hasDamPhotoId":"No","sectionSevenAuthorityId":"No"},"geometry":{"type":"Point","coordinates":[-79.09944444,40.59527778]}},
{"type":"Feature","properties":{"fid":67601,"name":"Piney","otherNames":null,"formerNames":null,"nidId":"PA00514","otherStructureId":null,"federalId":"PA00514","ownerNames":"Brookfield Renewable Power LLC NYRO","ownerTypeIds":"Private","primaryOwnerTypeId":"Private","separateStructuresCount":"1","isAssociatedStructureId":"No","designerNames":null,"nonFederalDamOnFederalId":"No","primaryPurposeId":"Hydroelectric","purposeIds":"Hydroelectric;Recreation;Water Supply;Flood Risk Reduction","sourceAgency":"Federal Energy Regulatory Commission","stateFedId":"00309-01-01-01","latitude":"41.1919","longitude":"-79.4336","state":"Pennsylvania","county":"Clarion","countyState":"Clarion, Pennsylvania","city":"Piney                                             ","distance":"3","riverName":"Clarion River                 ","congDist":"Congressional District 15, Pennsylvania","stateRegulatedId":"No","jurisdictionAuthorityId":"No","stateRegulatoryAgency":null,"permittingAuthorityId":"No","inspectionAuthorityId":"No","enforcementAuthorityId":"No","fedRegulatedId":"Yes","fedOwnerIds":null,"fedFundingIds":null,"fedDesignIds":null,"fedConstructionIds":null,"fedRegulatoryIds":"Federal Energy Regulatory Commission","fedInspectionIds":"Federal Energy Regulatory Commission","fedOperationIds":null,"fedOtherIds":null,"secretaryAgricultureBuiltId":"No","nrcsWatershedAuthorizationId":"N/A","primaryDamTypeId":"Concrete","damTypeIds":"Concrete;Arch;Gravity","coreTypeIds":null,"foundationTypeIds":null,"damHeight":"125","hydraulicHeight":"118","structuralHeight":"129","nidHeight":"129","nidHeightId":"Greater than 100 feet","damLength":"784","volume":null,"yearCompleted":"1924","yearCompletedId":"1920-1929","yearsModified":null,"nidStorage":"26600","maxStorage":"26600","normalStorage":"26600","surfaceArea":"653","drainageArea":"951","maxDischarge":"153300","spillwayTypeId":"Controlled","spillwayWidth":null,"numberOfLocks":null,"lengthOfLocks":null,"widthOfLocks":null,"secondaryLengthOfLocks":null,"secondaryWidthOfLocks":null,"outletGateTypes":"Tainter (radial)14","dataUpdated":"2026-08-26","inspectionDate":"2026-05-11","inspectionFrequency":"1","publicHazardId":"High","conditionAssessId":"Fair","conditionAssessDate":"2026-08-25","eapId":"Yes","eapLastRevDate":"2025-12-11","websiteUrl":"https://www.ferc.gov/dam-safety-and-inspections","usaceDivision":"Great Lakes and Ohio River Division","usaceDistrict":"Buffalo District","operationalStatusId":"Under Investigation, Planning, Permitting, or Design for Remediation","operationalStatusDate":"2026-08-25","inundationNidAddedId":"No","huc2":"05","huc4":"0501","huc6":"050100","huc8":"05010005","zipcode":"16254","nation":"USA","stateKey":"PA","femaRegion":"3","femaCommunity":"Paint township","aiannh":null,"hasDamPhotoId":"No","sectionSevenAuthorityId":"No"},"geometry":{"type":"Point","coordinates":[-79.4336,41.1919]}},
{"type":"Feature","properties":{"fid":68000,"name":"Sedimentation Pond \"L-1\"","otherNames":null,"formerNames":null,"nidId":"PA01767","otherStructureId":null,"federalId":"PA01767","ownerNames":"CONSOL MINING COMPANY LLC","ownerTypeIds":"Private","primaryOwnerTypeId":"Private","separateStructuresCount":"0","isAssociatedStructureId":"No","designerNames":null,"nonFederalDamOnFederalId":"No","primaryPurposeId":"Other","purposeIds":"Other","sourceAgency":"Pennsylvania","stateFedId":"D33-059","latitude":"41.07638889","longitude":"-78.84472222","state":"Pennsylvania","county":"Jefferson","countyState":"Jefferson, Pennsylvania","city":null,"distance":null,"riverName":"Tr Soldier Run","congDist":"Congressional District 15, Pennsylvania","stateRegulatedId":"Yes","jurisdictionAuthorityId":"Yes","stateRegulatoryAgency":"Pennsylvania Department of Environmental Protection","permittingAuthorityId":"Yes","inspectionAuthorityId":"Yes","enforcementAuthorityId":"Yes","fedRegulatedId":"No","fedOwnerIds":null,"fedFundingIds":null,"fedDesignIds":null,"fedConstructionIds":null,"fedRegulatoryIds":null,"fedInspectionIds":null,"fedOperationIds":null,"fedOtherIds":null,"secretaryAgricultureBuiltId":"No","nrcsWatershedAuthorizationId":"N/A","primaryDamTypeId":"Earth","damTypeIds":"Earth","coreTypeIds":"Unlisted/Unknown;Unlisted/Unknown","foundationTypeIds":"Unlisted/Unknown","damHeight":"15","hydraulicHeight":null,"structuralHeight":null,"nidHeight":"15","nidHeightId":"Less than 25 feet","damLength":"270","volume":null,"yearCompleted":"1992","yearCompletedId":"1990-1999","yearsModified":null,"nidStorage":"77","maxStorage":"77","normalStorage":"17","surfaceArea":"1","drainageArea":"0.26","maxDischarge":null,"spillwayTypeId":null,"spillwayWidth":null,"numberOfLocks":null,"lengthOfLocks":null,"widthOfLocks":null,"secondaryLengthOfLocks":null,"secondaryWidthOfLocks":null,"outletGateTypes":null,"dataUpdated":"2021-04-09","inspectionDate":"2016-07-01","inspectionFrequency":"5","publicHazardId":"Low","conditionAssessId":"Not Rated","conditionAssessDate":null,"eapId":"Not Required","eapLastRevDate":null,"websiteUrl":"https://damsafety.org/pennsylvania","usaceDivision":"Great Lakes and Ohio River Division","usaceDistrict":"Pittsburgh District","operationalStatusId":null,"operationalStatusDate":null,"inundationNidAddedId":"No","huc2":"05","huc4":"0501","huc6":"050100","huc8":"05010006","zipcode":"15851","nation":"USA","stateKey":"PA","femaRegion":"3","femaCommunity":"Winslow township, Pennsylvania","aiannh":null,"hasDamPhotoId":"No","sectionSevenAuthorityId":"No"},"geometry":{"type":"Point","coordinates":[-78.84472222,41.07638889]}},
{"type":"Feature","properties":{"fid":71445,"name":"Homer City Sed/Surge Pond","otherNames":null,"formerNames":null,"nidId":"PA01617","otherStructureId":null,"federalId":"PA01617","ownerNames":"HOMER CITY GENERATION, LP","ownerTypeIds":"Private","primaryOwnerTypeId":"Private","separateStructuresCount":"0","isAssociatedStructureId":"No","designerNames":null,"nonFederalDamOnFederalId":"No","primaryPurposeId":"Other","purposeIds":"Other","sourceAgency":"Pennsylvania","stateFedId":"D32-084","latitude":"40.52277778","longitude":"-79.18555556","state":"Pennsylvania","county":"Indiana","countyState":"Indiana, Pennsylvania","city":null,"distance":null,"riverName":"Tr Cherry Run","congDist":"Congressional District 14, Pennsylvania","stateRegulatedId":"Yes","jurisdictionAuthorityId":"Yes","stateRegulatoryAgency":"Pennsylvania Department of Environmental Protection","permittingAuthorityId":"Yes","inspectionAuthorityId":"Yes","enforcementAuthorityId":"Yes","fedRegulatedId":"No","fedOwnerIds":null,"fedFundingIds":null,"fedDesignIds":null,"fedConstructionIds":null,"fedRegulatoryIds":null,"fedInspectionIds":null,"fedOperationIds":null,"fedOtherIds":null,"secretaryAgricultureBuiltId":"No","nrcsWatershedAuthorizationId":"N/A","primaryDamTypeId":"Earth","damTypeIds":"Earth","coreTypeIds":"Unlisted/Unknown;Unlisted/Unknown","foundationTypeIds":"Unlisted/Unknown","damHeight":"25","hydraulicHeight":null,"structuralHeight":null,"nidHeight":"25","nidHeightId":"25-50 feet","damLength":"205","volume":null,"yearCompleted":"1993","yearCompletedId":"1990-1999","yearsModified":null,"nidStorage":"23.7","maxStorage":"23.7","normalStorage":null,"surfaceArea":null,"drainageArea":"0.18","maxDischarge":null,"spillwayTypeId":null,"spillwayWidth":null,"numberOfLocks":null,"lengthOfLocks":null,"widthOfLocks":null,"secondaryLengthOfLocks":null,"secondaryWidthOfLocks":null,"outletGateTypes":null,"dataUpdated":"2021-04-09","inspectionDate":"2018-06-29","inspectionFrequency":"5","publicHazardId":"Low","conditionAssessId":"Not Rated","conditionAssessDate":null,"eapId":"Not Required","eapLastRevDate":null,"websiteUrl":"https://damsafety.org/pennsylvania","usaceDivision":"Great Lakes and Ohio River Division","usaceDistrict":"Pittsburgh District","operationalStatusId":null,"operationalStatusDate":null,"inundationNidAddedId":"No","huc2":"05","huc4":"0501","huc6":"050100","huc8":"05010007","zipcode":"15748","nation":"USA","stateKey":"PA","femaRegion":"3","femaCommunity":"Center township, Pennsylvania","aiannh":null,"hasDamPhotoId":"No","sectionSevenAuthorityId":"No"},"geometry":{"type":"Point","coordinates":[-79.18555556,40.52277778]}},
{"type":"Feature","properties":{"fid":74226,"name":"Redbank Valley  Water Supply","otherNames":null,"formerNames":null,"nidId":"PA00513","otherStructureId":null,"federalId":"PA00513","ownerNames":"REDBANK VALLEY MUNICIPAL AUTHORITY","ownerTypeIds":"Local Government","primaryOwnerTypeId":"Local Government","separateStructuresCount":"0","isAssociatedStructureId":"No","designerNames":null,"nonFederalDamOnFederalId":"No","primaryPurposeId":"Water Supply","purposeIds":"Water Supply;Recreation","sourceAgency":"Pennsylvania","stateFedId":"D16-001","latitude":"41.00027778","longitude":"-79.33583333","state":"Pennsylvania","county":"Clarion","countyState":"Clarion, Pennsylvania","city":null,"distance":null,"riverName":"Redbank Creek","congDist":"Congressional District 15, Pennsylvania","stateRegulatedId":"Yes","jurisdictionAuthorityId":"Yes","stateRegulatoryAgency":"Pennsylvania Department of Environmental Protection","permittingAuthorityId":"Yes","inspectionAuthorityId":"Yes","enforcementAuthorityId":"Yes","fedRegulatedId":"No","fedOwnerIds":null,"fedFundingIds":null,"fedDesignIds":null,"fedConstructionIds":null,"fedRegulatoryIds":null,"fedInspectionIds":null,"fedOperationIds":null,"fedOtherIds":null,"secretaryAgricultureBuiltId":"No","nrcsWatershedAuthorizationId":"N/A","primaryDamTypeId":"Concrete","damTypeIds":"Concrete","coreTypeIds":"Unlisted/Unknown;Unlisted/Unknown","foundationTypeIds":"Unlisted/Unknown","damHeight":"8","hydraulicHeight":null,"structuralHeight":null,"nidHeight":"8","nidHeightId":"Less than 25 feet","damLength":"157","volume":null,"yearCompleted":"1919","yearCompletedId":"1910-1919","yearsModified":null,"nidStorage":"125","maxStorage":"125","normalStorage":"55","surfaceArea":"18","drainageArea":"507.7","maxDischarge":null,"spillwayTypeId":null,"spillwayWidth":null,"numberOfLocks":null,"lengthOfLocks":null,"widthOfLocks":null,"secondaryLengthOfLocks":null,"secondaryWidthOfLocks":null,"outletGateTypes":null,"dataUpdated":"2021-04-09","inspectionDate":"2019-06-04","inspectionFrequency":"5","publicHazardId":"Low","conditionAssessId":"Not Rated","conditionAssessDate":null,"eapId":"Not Required","eapLastRevDate":null,"websiteUrl":"https://damsafety.org/pennsylvania","usaceDivision":"Great Lakes and Ohio River Division","usaceDistrict":"Pittsburgh District","operationalStatusId":null,"operationalStatusDate":null,"inundationNidAddedId":"No","huc2":"05","huc4":"0501","huc6":"050100","huc8":"05010006","zipcode":"16242","nation":"USA","stateKey":"PA","femaRegion":"3","femaCommunity":"New Bethlehem borough, Pennsylvania","aiannh":null,"hasDamPhotoId":"No","sectionSevenAuthorityId":"No"},"geometry":{"type":"Point","coordinates":[-79.33583333,41.00027778]}},
{"type":"Feature","properties":{"fid":83122,"name":"Brookville Waterworks","otherNames":null,"formerNames":"Brookville Water Company Dam","nidId":"PA00422","otherStructureId":null,"federalId":"PA00422","ownerNames":"BROOKVILLE BOROUGH AUTHORITY","ownerTypeIds":"Local Government","primaryOwnerTypeId":"Local Government","separateStructuresCount":"0","isAssociatedStructureId":"No","designerNames":null,"nonFederalDamOnFederalId":"No","primaryPurposeId":"Water Supply","purposeIds":"Water Supply","sourceAgency":"Pennsylvania","stateFedId":"D33-003","latitude":"41.17","longitude":"-79.07305556","state":"Pennsylvania","county":"Jefferson","countyState":"Jefferson, Pennsylvania","city":null,"distance":null,"riverName":"North Fork Creek","congDist":"Congressional District 15, Pennsylvania","stateRegulatedId":"Yes","jurisdictionAuthorityId":"Yes","stateRegulatoryAgency":"Pennsylvania Department of Environmental Protection","permittingAuthorityId":"Yes","inspectionAuthorityId":"Yes","enforcementAuthorityId":"Yes","fedRegulatedId":"No","fedOwnerIds":null,"fedFundingIds":null,"fedDesignIds":null,"fedConstructionIds":null,"fedRegulatoryIds":null,"fedInspectionIds":null,"fedOperationIds":null,"fedOtherIds":null,"secretaryAgricultureBuiltId":"No","nrcsWatershedAuthorizationId":"N/A","primaryDamTypeId":"Earth","damTypeIds":"Earth","coreTypeIds":"Unlisted/Unknown;Unlisted/Unknown","foundationTypeIds":"Unlisted/Unknown","damHeight":"24","hydraulicHeight":null,"structuralHeight":null,"nidHeight":"24","nidHeightId":"Less than 25 feet","damLength":"380","volume":null,"yearCompleted":"1912","yearCompletedId":"1910-1919","yearsModified":"2000H;2000S;2010O","nidStorage":"505","maxStorage":"505","normalStorage":"50","surfaceArea":"18","drainageArea":"96.3","maxDischarge":null,"spillwayTypeId":"Uncontrolled","spillwayWidth":"120","numberOfLocks":null,"lengthOfLocks":null,"widthOfLocks":null,"secondaryLengthOfLocks":null,"secondaryWidthOfLocks":null,"outletGateTypes":null,"dataUpdated":"2021-04-09","inspectionDate":"2019-07-22","inspectionFrequency":"2","publicHazardId":"Significant","conditionAssessId":"Satisfactory","conditionAssessDate":null,"eapId":"Yes","eapLastRevDate":null,"websiteUrl":"https://damsafety.org/pennsylvania","usaceDivision":"Great Lakes and Ohio River Division","usaceDistrict":"Pittsburgh District","operationalStatusId":null,"operationalStatusDate":null,"inundationNidAddedId":"No","huc2":"05","huc4":"0501","huc6":"050100","huc8":"05010006","zipcode":"15825","nation":"USA","stateKey":"PA","femaRegion":"3","femaCommunity":"Brookville borough, Pennsylvania","aiannh":null,"hasDamPhotoId":"No","sectionSevenAuthorityId":"No"},"geometry":{"type":"Point","coordinates":[-79.07305556,41.17]}},
{"type":"Feature","properties":{"fid":92531,"name":"Mahoning Creek Dam","otherNames":"Mahoning Creek Lake","formerNames":null,"nidId":"PA00107","otherStructureId":null,"federalId":"PA00107","ownerNames":"USACE - Pittsburgh District","ownerTypeIds":"Federal","primaryOwnerTypeId":"Federal","separateStructuresCount":"0","isAssociatedStructureId":"No","designerNames":"CELRP","nonFederalDamOnFederalId":"No","primaryPurposeId":"Flood Risk Reduction","purposeIds":"Flood Risk Reduction;Fish and Wildlife Pond;Recreation","sourceAgency":"US Army Corps of Engineers","stateFedId":"PA00107","latitude":"40.9217878550001","longitude":"-79.278047501","state":"Pennsylvania","county":"Armstrong","countyState":"Armstrong, Pennsylvania","city":"Putneyville","distance":"5","riverName":"Mahoning Creek","congDist":"Congressional District 15, Pennsylvania","stateRegulatedId":"No","jurisdictionAuthorityId":"No","stateRegulatoryAgency":null,"permittingAuthorityId":"No","inspectionAuthorityId":"No","enforcementAuthorityId":"No","fedRegulatedId":"Yes","fedOwnerIds":"US Army Corps of Engineers","fedFundingIds":"US Army Corps of Engineers","fedDesignIds":"US Army Corps of Engineers","fedConstructionIds":"US Army Corps of Engineers","fedRegulatoryIds":"US Army Corps of Engineers","fedInspectionIds":"US Army Corps of Engineers","fedOperationIds":"US Army Corps of Engineers","fedOtherIds":"US Army Corps of Engineers","secretaryAgricultureBuiltId":null,"nrcsWatershedAuthorizationId":null,"primaryDamTypeId":"Gravity","damTypeIds":"Gravity","coreTypeIds":"Concrete","foundationTypeIds":"Rock","damHeight":null,"hydraulicHeight":"162","structuralHeight":"162","nidHeight":"162","nidHeightId":"Greater than 100 feet","damLength":"926","volume":"400200","yearCompleted":"1941","yearCompletedId":"1940-1949","yearsModified":null,"nidStorage":"94000","maxStorage":"94000","normalStorage":"9550","surfaceArea":"280","drainageArea":"340","maxDischarge":"103000","spillwayTypeId":"Controlled","spillwayWidth":"150","numberOfLocks":"0","lengthOfLocks":"0","widthOfLocks":"0","secondaryLengthOfLocks":null,"secondaryWidthOfLocks":null,"outletGateTypes":"Slide (sluice gate)6;Valve4;Vertical Lift5","dataUpdated":"2026-09-16","inspectionDate":"2022-10-27","inspectionFrequency":"5","publicHazardId":"High","conditionAssessId":"Not Available","conditionAssessDate":null,"eapId":"Yes","eapLastRevDate":null,"websiteUrl":"https://www.usace.army.mil/Missions/Civil-Works/Dam-Safety-Program/Article/2870967/dam-safety-program/","usaceDivision":"Great Lakes and Ohio River Division","usaceDistrict":"Pittsburgh District","operationalStatusId":"Normal Operations","operationalStatusDate":"2025-11-20","inundationNidAddedId":"Yes","huc2":"05","huc4":"0501","huc6":"050100","huc8":"05010006","zipcode":"16222","nation":"USA","stateKey":"PA","femaRegion":"3","femaCommunity":"Redbank township, Pennsylvania","aiannh":null,"hasDamPhotoId":"Yes","sectionSevenAuthorityId":"No"},"geometry":{"type":"Point","coordinates":[-79.278047501,40.921787855000098]}},
{"type":"Feature","properties":{"fid":62750,"name":"Beaver Lake Dam","otherNames":"Beaver Lake","formerNames":null,"nidId":"NY01449","otherStructureId":null,"federalId":"NY01449","ownerNames":"ALMA ROD & GUN CLUB","ownerTypeIds":"Private","primaryOwnerTypeId":"Private","separateStructuresCount":"0","isAssociatedStructureId":"No","designerNames":null,"nonFederalDamOnFederalId":"No","primaryPurposeId":"Recreation","purposeIds":"Recreation","sourceAgency":"New York","stateFedId":"032-4569","latitude":"42.0133333333333","longitude":"-78.0066666666666","state":"New York","county":"Allegany","countyState":"Allegany, New York","city":"Alma","distance":"2","riverName":"Honeoye Creek","congDist":"Congressional District 23, New York","stateRegulatedId":"Yes","jurisdictionAuthorityId":"Yes","stateRegulatoryAgency":"Nys Dec","permittingAuthorityId":"Yes","inspectionAuthorityId":"Yes","enforcementAuthorityId":"Yes","fedRegulatedId":"No","fedOwnerIds":null,"fedFundingIds":null,"fedDesignIds":null,"fedConstructionIds":null,"fedRegulatoryIds":null,"fedInspectionIds":null,"fedOperationIds":null,"fedOtherIds":null,"secretaryAgricultureBuiltId":"No","nrcsWatershedAuthorizationId":"N/A","primaryDamTypeId":"Earth","damTypeIds":"Earth","coreTypeIds":null,"foundationTypeIds":null,"damHeight":"7","hydraulicHeight":null,"structuralHeight":null,"nidHeight":"7","nidHeightId":"Less than 25 feet","damLength":"180","volume":null,"yearCompleted":null,"yearCompletedId":"Undetermined","yearsModified":null,"nidStorage":"320","maxStorage":"320","normalStorage":"270","surfaceArea":"32","drainageArea":null,"maxDischarge":"14","spillwayTypeId":"Controlled","spillwayWidth":"6","numberOfLocks":null,"lengthOfLocks":null,"widthOfLocks":null,"secondaryLengthOfLocks":null,"secondaryWidthOfLocks":null,"outletGateTypes":null,"dataUpdated":"2025-06-09","inspectionDate":"1983-10-18","inspectionFrequency":null,"publicHazardId":"Low","conditionAssessId":"Not Rated","conditionAssessDate":null,"eapId":"Not Required","eapLastRevDate":null,"websiteUrl":"https://damsafety.org/new-york","usaceDivision":"Great Lakes and Ohio River Division","usaceDistrict":"Pittsburgh District","operationalStatusId":null,"operationalStatusDate":null,"inundationNidAddedId":"No","huc2":"05","huc4":"0501","huc6":"050100","huc8":"05010001","zipcode":"14708","nation":"USA","stateKey":"NY","femaRegion":"2","femaCommunity":"Alma town","aiannh":null,"hasDamPhotoId":"No","sectionSevenAuthorityId":"No"},"geometry":{"type":"Point","coordinates":[-78.006666666666604,42.0133333333333]}},
{"type":"Feature","properties":{"fid":50897,"name":"Recreation Pond Dam","otherNames":null,"formerNames":null,"nidId":"NY01293","otherStructureId":null,"federalId":"NY01293","ownerNames":"JOHN SELLSTRON","ownerTypeIds":"Private","primaryOwnerTypeId":"Private","separateStructuresCount":"0","isAssociatedStructureId":"No","designerNames":null,"nonFederalDamOnFederalId":"No","primaryPurposeId":"Recreation","purposeIds":"Recreation","sourceAgency":"New York","stateFedId":"004-3853","latitude":"42.1555555555555","longitude":"-79.4416666666666","state":"New York","county":"Chautauqua","countyState":"Chautauqua, New York","city":"Stow","distance":"3","riverName":"Tr-Ball Creek","congDist":"Congressional District 23, New York","stateRegulatedId":"Yes","jurisdictionAuthorityId":"Yes","stateRegulatoryAgency":"Nys Dec","permittingAuthorityId":"Yes","inspectionAuthorityId":"Yes","enforcementAuthorityId":"Yes","fedRegulatedId":"No","fedOwnerIds":null,"fedFundingIds":null,"fedDesignIds":null,"fedConstructionIds":null,"fedRegulatoryIds":null,"fedInspectionIds":null,"fedOperationIds":null,"fedOtherIds":null,"secretaryAgricultureBuiltId":"No","nrcsWatershedAuthorizationId":"N/A","primaryDamTypeId":"Earth","damTypeIds":"Earth","coreTypeIds":null,"foundationTypeIds":null,"damHeight":"13","hydraulicHeight":null,"structuralHeight":null,"nidHeight":"13","nidHeightId":"Less than 25 feet","damLength":"440","volume":null,"yearCompleted":"1969","yearCompletedId":"1960-1969","yearsModified":null,"nidStorage":"69","maxStorage":"69","normalStorage":"16","surfaceArea":"16","drainageArea":"0.9","maxDischarge":"100","spillwayTypeId":"Uncontrolled","spillwayWidth":"6","numberOfLocks":null,"lengthOfLocks":null,"widthOfLocks":null,"secondaryLengthOfLocks":null,"secondaryWidthOfLocks":null,"outletGateTypes":null,"dataUpdated":"2025-06-09","inspectionDate":"2009-09-22","inspectionFrequency":null,"publicHazardId":"Low","conditionAssessId":"Not Rated","conditionAssessDate":null,"eapId":"Not Required","eapLastRevDate":null,"websiteUrl":"https://damsafety.org/new-york","usaceDivision":"Great Lakes and Ohio River Division","usaceDistrict":"Buffalo District","operationalStatusId":null,"operationalStatusDate":null,"inundationNidAddedId":"No","huc2":"05","huc4":"0501","huc6":"050100","huc8":"05010002","zipcode":"14757","nation":"USA","stateKey":"NY","femaRegion":"2","femaCommunity":"North Harmony town","aiannh":null,"hasDamPhotoId":"No","sectionSevenAuthorityId":"No"},"geometry":{"type":"Point","coordinates":[-79.441666666666606,42.155555555555502]}},
{"type":"Feature","properties":{"fid":38819,"name":"Floyd Proctor Dam","otherNames":null,"formerNames":null,"nidId":"NY01399","otherStructureId":null,"federalId":"NY01399","ownerNames":"FLOYD PROCTOR","ownerTypeIds":"Private","primaryOwnerTypeId":"Private","separateStructuresCount":"0","isAssociatedStructureId":"No","designerNames":null,"nonFederalDamOnFederalId":"No","primaryPurposeId":"Recreation","purposeIds":"Recreation","sourceAgency":"New York","stateFedId":"004-4743","latitude":"42.0333333333333","longitude":"-79.35","state":"New York","county":"Chautauqua","countyState":"Chautauqua, New York","city":"Busti","distance":"4","riverName":"Small Creek","congDist":"Congressional District 23, New York","stateRegulatedId":"Yes","jurisdictionAuthorityId":"Yes","stateRegulatoryAgency":"Nys Dec","permittingAuthorityId":"Yes","inspectionAuthorityId":"Yes","enforcementAuthorityId":"Yes","fedRegulatedId":"No","fedOwnerIds":null,"fedFundingIds":null,"fedDesignIds":null,"fedConstructionIds":null,"fedRegulatoryIds":null,"fedInspectionIds":null,"fedOperationIds":null,"fedOtherIds":null,"secretaryAgricultureBuiltId":"No","nrcsWatershedAuthorizationId":"N/A","primaryDamTypeId":"Earth","damTypeIds":"Earth","coreTypeIds":null,"foundationTypeIds":null,"damHeight":"20","hydraulicHeight":null,"structuralHeight":null,"nidHeight":"20","nidHeightId":"Less than 25 feet","damLength":"900","volume":null,"yearCompleted":"1976","yearCompletedId":"1970-1979","yearsModified":null,"nidStorage":"92","maxStorage":"92","normalStorage":"57","surfaceArea":"8","drainageArea":"0.32","maxDischarge":"150","spillwayTypeId":"Uncontrolled","spillwayWidth":"20","numberOfLocks":null,"lengthOfLocks":null,"widthOfLocks":null,"secondaryLengthOfLocks":null,"secondaryWidthOfLocks":null,"outletGateTypes":null,"dataUpdated":"2025-06-09","inspectionDate":"2000-05-02","inspectionFrequency":null,"publicHazardId":"Low","conditionAssessId":"Not Rated","conditionAssessDate":null,"eapId":"Not Required","eapLastRevDate":null,"websiteUrl":"https://damsafety.org/new-york","usaceDivision":"Great Lakes and Ohio River Division","usaceDistrict":"Buffalo District","operationalStatusId":null,"operationalStatusDate":null,"inundationNidAddedId":"No","huc2":"05","huc4":"0501","huc6":"050100","huc8":"05010002","zipcode":"14701","nation":"USA","stateKey":"NY","femaRegion":"2","femaCommunity":"Busti town","aiannh":null,"hasDamPhotoId":"No","sectionSevenAuthorityId":"No"},"geometry":{"type":"Point","coordinates":[-79.35,42.033333333333303]}},
{"type":"Feature","properties":{"fid":76975,"name":"Warner Dam","otherNames":"Chautauqua Lake Outlet Dam","formerNames":null,"nidId":"NY00750","otherStructureId":null,"federalId":"NY00750","ownerNames":"NYS DEC DIVISION OF WATER","ownerTypeIds":"State","primaryOwnerTypeId":"State","separateStructuresCount":"0","isAssociatedStructureId":"No","designerNames":null,"nonFederalDamOnFederalId":"No","primaryPurposeId":"Recreation","purposeIds":"Recreation","sourceAgency":"New York","stateFedId":"008-0164","latitude":"42.0933333333333","longitude":"-79.2427777777777","state":"New York","county":"Chautauqua","countyState":"Chautauqua, New York","city":"Jamestown","distance":null,"riverName":"Chadakoin River","congDist":"Congressional District 23, New York","stateRegulatedId":"Yes","jurisdictionAuthorityId":"Yes","stateRegulatoryAgency":"Nys Dec","permittingAuthorityId":"Yes","inspectionAuthorityId":"Yes","enforcementAuthorityId":"Yes","fedRegulatedId":"No","fedOwnerIds":null,"fedFundingIds":null,"fedDesignIds":null,"fedConstructionIds":null,"fedRegulatoryIds":null,"fedInspectionIds":null,"fedOperationIds":null,"fedOtherIds":null,"secretaryAgricultureBuiltId":"No","nrcsWatershedAuthorizationId":"N/A","primaryDamTypeId":"Concrete","damTypeIds":"Concrete","coreTypeIds":null,"foundationTypeIds":null,"damHeight":"12","hydraulicHeight":null,"structuralHeight":null,"nidHeight":"12","nidHeightId":"Less than 25 feet","damLength":"96","volume":null,"yearCompleted":"1979","yearCompletedId":"1970-1979","yearsModified":null,"nidStorage":"117105","maxStorage":"117105","normalStorage":"50000","surfaceArea":"13421","drainageArea":"187.2","maxDischarge":"6629","spillwayTypeId":"Uncontrolled","spillwayWidth":"80","numberOfLocks":null,"lengthOfLocks":null,"widthOfLocks":null,"secondaryLengthOfLocks":null,"secondaryWidthOfLocks":null,"outletGateTypes":null,"dataUpdated":"2025-06-09","inspectionDate":"2022-07-26","inspectionFrequency":"4","publicHazardId":"Significant","conditionAssessId":"Not Rated","conditionAssessDate":null,"eapId":"Yes","eapLastRevDate":"2025-03-30","websiteUrl":"https://damsafety.org/new-york","usaceDivision":"Great Lakes and Ohio River Division","usaceDistrict":"Buffalo District","operationalStatusId":null,"operationalStatusDate":null,"inundationNidAddedId":"No","huc2":"05","huc4":"0501","huc6":"050100","huc8":"05010002","zipcode":"14701","nation":"USA","stateKey":"NY","femaRegion":"2","femaCommunity":"Jamestown city","aiannh":null,"hasDamPhotoId":"No","sectionSevenAuthorityId":"No"},"geometry":{"type":"Point","coordinates":[-79.242777777777704,42.093333333333298]}},
{"type":"Feature","properties":{"fid":71362,"name":"Allen Street Detention Pond Dam","otherNames":null,"formerNames":null,"nidId":"NY15041","otherStructureId":null,"federalId":"NY15041","ownerNames":"CHAUTAUQUA COUNTY","ownerTypeIds":"Local Government","primaryOwnerTypeId":"Local Government","separateStructuresCount":"0","isAssociatedStructureId":"No","designerNames":null,"nonFederalDamOnFederalId":"No","primaryPurposeId":"Flood Risk Reduction","purposeIds":"Flood Risk Reduction","sourceAgency":"New York","stateFedId":"008-5342","latitude":"42.1044444444444","longitude":"-79.2119444444444","state":"New York","county":"Chautauqua","countyState":"Chautauqua, New York","city":"Jamestown","distance":null,"riverName":"Os-Chadakoin River","congDist":"Congressional District 23, New York","stateRegulatedId":"Yes","jurisdictionAuthorityId":"Yes","stateRegulatoryAgency":"Nys Dec","permittingAuthorityId":"Yes","inspectionAuthorityId":"Yes","enforcementAuthorityId":"Yes","fedRegulatedId":"No","fedOwnerIds":null,"fedFundingIds":null,"fedDesignIds":null,"fedConstructionIds":null,"fedRegulatoryIds":null,"fedInspectionIds":null,"fedOperationIds":null,"fedOtherIds":null,"secretaryAgricultureBuiltId":"No","nrcsWatershedAuthorizationId":"N/A","primaryDamTypeId":"Earth","damTypeIds":"Earth","coreTypeIds":null,"foundationTypeIds":null,"damHeight":"21","hydraulicHeight":null,"structuralHeight":null,"nidHeight":"21","nidHeightId":"Less than 25 feet","damLength":"180","volume":null,"yearCompleted":null,"yearCompletedId":"Undetermined","yearsModified":null,"nidStorage":"7.6","maxStorage":"7.6","normalStorage":"5.1","surfaceArea":"0.7","drainageArea":"0.69","maxDischarge":null,"spillwayTypeId":"Uncontrolled","spillwayWidth":"20","numberOfLocks":null,"lengthOfLocks":null,"widthOfLocks":null,"secondaryLengthOfLocks":null,"secondaryWidthOfLocks":null,"outletGateTypes":null,"dataUpdated":"2025-06-09","inspectionDate":"2023-09-07","inspectionFrequency":"4","publicHazardId":"Significant","conditionAssessId":"Not Rated","conditionAssessDate":null,"eapId":"No","eapLastRevDate":null,"websiteUrl":"https://damsafety.org/new-york","usaceDivision":"Great Lakes and Ohio River Division","usaceDistrict":"Buffalo District","operationalStatusId":null,"operationalStatusDate":null,"inundationNidAddedId":"No","huc2":"05","huc4":"0501","huc6":"050100","huc8":"05010002","zipcode":"14701","nation":"USA","stateKey":"NY","femaRegion":"2","femaCommunity":"Jamestown city","aiannh":null,"hasDamPhotoId":"No","sectionSevenAuthorityId":"No"},"geometry":{"type":"Point","coordinates":[-79.211944444444399,42.104444444444397]}},
{"type":"Feature","properties":{"fid":39584,"name":"Chapman","otherNames":null,"formerNames":null,"nidId":"PA00021","otherStructureId":null,"federalId":"PA00021","ownerNames":"DCNR","ownerTypeIds":"State","primaryOwnerTypeId":"State","separateStructuresCount":"0","isAssociatedStructureId":"No","designerNames":null,"nonFederalDamOnFederalId":"No","primaryPurposeId":"Recreation","purposeIds":"Recreation","sourceAgency":"Pennsylvania","stateFedId":"D62-026","latitude":"41.75444444","longitude":"-79.1725","state":"Pennsylvania","county":"Warren","countyState":"Warren, Pennsylvania","city":null,"distance":null,"riverName":"West Branch Tionesta Creek","congDist":"Congressional District 15, Pennsylvania","stateRegulatedId":"Yes","jurisdictionAuthorityId":"Yes","stateRegulatoryAgency":"Pennsylvania Department of Environmental Protection","permittingAuthorityId":"Yes","inspectionAuthorityId":"Yes","enforcementAuthorityId":"Yes","fedRegulatedId":"No","fedOwnerIds":null,"fedFundingIds":null,"fedDesignIds":null,"fedConstructionIds":null,"fedRegulatoryIds":null,"fedInspectionIds":null,"fedOperationIds":null,"fedOtherIds":null,"secretaryAgricultureBuiltId":"No","nrcsWatershedAuthorizationId":"N/A","primaryDamTypeId":"Earth","damTypeIds":"Earth","coreTypeIds":"Unlisted/Unknown;Unlisted/Unknown","foundationTypeIds":"Unlisted/Unknown","damHeight":"24","hydraulicHeight":null,"structuralHeight":null,"nidHeight":"24","nidHeightId":"Less than 25 feet","damLength":"815","volume":null,"yearCompleted":"1949","yearCompletedId":"1940-1949","yearsModified":null,"nidStorage":"1650","maxStorage":"1650","normalStorage":"287","surfaceArea":"67","drainageArea":"21.4","maxDischarge":null,"spillwayTypeId":null,"spillwayWidth":null,"numberOfLocks":null,"lengthOfLocks":null,"widthOfLocks":null,"secondaryLengthOfLocks":null,"secondaryWidthOfLocks":null,"outletGateTypes":null,"dataUpdated":"2021-04-09","inspectionDate":"2020-09-23","inspectionFrequency":"1","publicHazardId":"High","conditionAssessId":"Poor","conditionAssessDate":null,"eapId":"Yes","eapLastRevDate":null,"websiteUrl":"https://damsafety.org/pennsylvania","usaceDivision":"Great Lakes and Ohio River Division","usaceDistrict":"Pittsburgh District","operationalStatusId":null,"operationalStatusDate":null,"inundationNidAddedId":"No","huc2":"05","huc4":"0501","huc6":"050100","huc8":"05010003","zipcode":"16313","nation":"USA","stateKey":"PA","femaRegion":"3","femaCommunity":"Pleasant township, Pennsylvania","aiannh":null,"hasDamPhotoId":"No","sectionSevenAuthorityId":"No"},"geometry":{"type":"Point","coordinates":[-79.1725,41.75444444]}},
{"type":"Feature","properties":{"fid":46631,"name":"Anderson Dam","otherNames":null,"formerNames":null,"nidId":"NY10113","otherStructureId":null,"federalId":"NY10113","ownerNames":"DENNIS WILSON;JEREMY T LUCE","ownerTypeIds":"Private","primaryOwnerTypeId":"Private","separateStructuresCount":"0","isAssociatedStructureId":"No","designerNames":null,"nonFederalDamOnFederalId":"No","primaryPurposeId":"Fire Protection, Stock, Or Small Fish Pond","purposeIds":"Fire Protection, Stock, Or Small Fish Pond;Recreation","sourceAgency":"New York","stateFedId":"008-2048","latitude":"42.1908333333333","longitude":"-79.0938888888888","state":"New York","county":"Chautauqua","countyState":"Chautauqua, New York","city":"Ellington","distance":"2","riverName":"Indian Brook","congDist":"Congressional District 23, New York","stateRegulatedId":"Yes","jurisdictionAuthorityId":"Yes","stateRegulatoryAgency":"Nys Dec","permittingAuthorityId":"Yes","inspectionAuthorityId":"Yes","enforcementAuthorityId":"Yes","fedRegulatedId":"No","fedOwnerIds":null,"fedFundingIds":null,"fedDesignIds":null,"fedConstructionIds":null,"fedRegulatoryIds":null,"fedInspectionIds":null,"fedOperationIds":null,"fedOtherIds":null,"secretaryAgricultureBuiltId":"No","nrcsWatershedAuthorizationId":"N/A","primaryDamTypeId":"Earth","damTypeIds":"Earth","coreTypeIds":null,"foundationTypeIds":null,"damHeight":"16","hydraulicHeight":null,"structuralHeight":null,"nidHeight":"16","nidHeightId":"Less than 25 feet","damLength":"300","volume":null,"yearCompleted":"1954","yearCompletedId":"1950-1959","yearsModified":null,"nidStorage":"42","maxStorage":"42","normalStorage":"20","surfaceArea":"4","drainageArea":"0.23","maxDischarge":"270","spillwayTypeId":"Uncontrolled","spillwayWidth":"26","numberOfLocks":null,"lengthOfLocks":null,"widthOfLocks":null,"secondaryLengthOfLocks":null,"secondaryWidthOfLocks":null,"outletGateTypes":null,"dataUpdated":"2025-06-09","inspectionDate":"2023-09-07","inspectionFrequency":"4","publicHazardId":"Significant","conditionAssessId":"Not Rated","conditionAssessDate":null,"eapId":"No","eapLastRevDate":null,"websiteUrl":"https://damsafety.org/new-york","usaceDivision":"Great Lakes and Ohio River Division","usaceDistrict":"Pittsburgh District","operationalStatusId":null,"operationalStatusDate":null,"inundationNidAddedId":"No","huc2":"05","huc4":"0501","huc6":"050100","huc8":"05010002","zipcode":"14747","nation":"USA","stateKey":"NY","femaRegion":"2","femaCommunity":"Ellington town","aiannh":null,"hasDamPhotoId":"No","sectionSevenAuthorityId":"No"},"geometry":{"type":"Point","coordinates":[-79.093888888888799,42.190833333333302]}},
{"type":"Feature","properties":{"fid":55431,"name":"Monte Shields Farm Pond Dam","otherNames":null,"formerNames":null,"nidId":"NY00824","otherStructureId":null,"federalId":"NY00824","ownerNames":"JEAN SHIELDS","ownerTypeIds":"Private","primaryOwnerTypeId":"Private","separateStructuresCount":"0","isAssociatedStructureId":"No","designerNames":null,"nonFederalDamOnFederalId":"No","primaryPurposeId":"Flood Risk Reduction","purposeIds":"Flood Risk Reduction","sourceAgency":"New York","stateFedId":"008-2377","latitude":"42.1016666666666","longitude":"-79.02","state":"New York","county":"Cattaraugus","countyState":"Cattaraugus, New York","city":"Bowen","distance":"3","riverName":"Battle Creek","congDist":"Congressional District 23, New York","stateRegulatedId":"Yes","jurisdictionAuthorityId":"Yes","stateRegulatoryAgency":"Nys Dec","permittingAuthorityId":"Yes","inspectionAuthorityId":"Yes","enforcementAuthorityId":"Yes","fedRegulatedId":"No","fedOwnerIds":null,"fedFundingIds":null,"fedDesignIds":null,"fedConstructionIds":null,"fedRegulatoryIds":null,"fedInspectionIds":null,"fedOperationIds":null,"fedOtherIds":null,"secretaryAgricultureBuiltId":"No","nrcsWatershedAuthorizationId":"N/A","primaryDamTypeId":"Earth","damTypeIds":"Earth","coreTypeIds":null,"foundationTypeIds":null,"damHeight":"15","hydraulicHeight":null,"structuralHeight":null,"nidHeight":"15","nidHeightId":"Less than 25 feet","damLength":"230","volume":null,"yearCompleted":"1955","yearCompletedId":"1950-1959","yearsModified":null,"nidStorage":"75","maxStorage":"75","normalStorage":"53","surfaceArea":"25","drainageArea":"0.07","maxDischarge":"148","spillwayTypeId":"Uncontrolled","spillwayWidth":"20","numberOfLocks":null,"lengthOfLocks":null,"widthOfLocks":null,"secondaryLengthOfLocks":null,"secondaryWidthOfLocks":null,"outletGateTypes":null,"dataUpdated":"2025-06-09","inspectionDate":"1977-08-24","inspectionFrequency":null,"publicHazardId":"Low","conditionAssessId":"Not Rated","conditionAssessDate":null,"eapId":"Not Required","eapLastRevDate":null,"websiteUrl":"https://damsafety.org/new-york","usaceDivision":"Great Lakes and Ohio River Division","usaceDistrict":"Pittsburgh District","operationalStatusId":null,"operationalStatusDate":null,"inundationNidAddedId":"No","huc2":"05","huc4":"0501","huc6":"050100","huc8":"05010002","zipcode":"14747","nation":"USA","stateKey":"NY","femaRegion":"2","femaCommunity":"Randolph town","aiannh":null,"hasDamPhotoId":"No","sectionSevenAuthorityId":"No"},"geometry":{"type":"Point","coordinates":[-79.02,42.101666666666603]}},
{"type":"Feature","properties":{"fid":72988,"name":"Kinzua Upper Reservoir Dike","otherNames":"Seneca Dam","formerNames":null,"nidId":"PA00022","otherStructureId":null,"federalId":"PA00022","ownerNames":"LS Power","ownerTypeIds":"Private","primaryOwnerTypeId":"Private","separateStructuresCount":"1","isAssociatedStructureId":"No","designerNames":null,"nonFederalDamOnFederalId":"No","primaryPurposeId":"Hydroelectric","purposeIds":"Hydroelectric","sourceAgency":"Federal Energy Regulatory Commission","stateFedId":"02280-01-01-01","latitude":"41.833","longitude":"-79.0132","state":"Pennsylvania","county":"Warren","countyState":"Warren, Pennsylvania","city":"Rogertown                                         ","distance":"6","riverName":"Allegheny River               ","congDist":"Congressional District 15, Pennsylvania","stateRegulatedId":"No","jurisdictionAuthorityId":"No","stateRegulatoryAgency":null,"permittingAuthorityId":"No","inspectionAuthorityId":"No","enforcementAuthorityId":"No","fedRegulatedId":"Yes","fedOwnerIds":null,"fedFundingIds":null,"fedDesignIds":null,"fedConstructionIds":null,"fedRegulatoryIds":"Federal Energy Regulatory Commission","fedInspectionIds":"Federal Energy Regulatory Commission","fedOperationIds":null,"fedOtherIds":null,"secretaryAgricultureBuiltId":"No","nrcsWatershedAuthorizationId":"N/A","primaryDamTypeId":"Rockfill","damTypeIds":"Rockfill;Earth","coreTypeIds":null,"foundationTypeIds":null,"damHeight":"113","hydraulicHeight":"69","structuralHeight":"135","nidHeight":"135","nidHeightId":"Greater than 100 feet","damLength":"6430","volume":null,"yearCompleted":"1970","yearCompletedId":"1970-1979","yearsModified":null,"nidStorage":"5987","maxStorage":"5987","normalStorage":"5775","surfaceArea":"109","drainageArea":"1","maxDischarge":"0","spillwayTypeId":"Uncontrolled","spillwayWidth":"100","numberOfLocks":null,"lengthOfLocks":null,"widthOfLocks":null,"secondaryLengthOfLocks":null,"secondaryWidthOfLocks":null,"outletGateTypes":null,"dataUpdated":"2026-08-26","inspectionDate":"2026-07-30","inspectionFrequency":"1","publicHazardId":"High","conditionAssessId":"Satisfactory","conditionAssessDate":"2026-08-25","eapId":"Yes","eapLastRevDate":"2025-12-30","websiteUrl":"https://www.ferc.gov/dam-safety-and-inspections","usaceDivision":"Great Lakes and Ohio River Division","usaceDistrict":"Pittsburgh District","operationalStatusId":"Normal Operations","operationalStatusDate":"2026-08-25","inundationNidAddedId":"No","huc2":"05","huc4":"0501","huc6":"050100","huc8":"05010001","zipcode":"16365","nation":"USA","stateKey":"PA","femaRegion":"3","femaCommunity":"Mead township","aiannh":null,"hasDamPhotoId":"No","sectionSevenAuthorityId":"No"},"geometry":{"type":"Point","coordinates":[-79.0132,41.833]}},
{"type":"Feature","properties":{"fid":77530,"name":"Conewango Creek Site 19 Dam","otherNames":null,"formerNames":null,"nidId":"NY00579","otherStructureId":null,"federalId":"NY00579","ownerNames":"CATTARAUGUS COUNTY;Cattaraugus County","ownerTypeIds":"Local Government","primaryOwnerTypeId":"Local Government","separateStructuresCount":"0","isAssociatedStructureId":"No","designerNames":"USDA NRCS","nonFederalDamOnFederalId":"No","primaryPurposeId":"Flood Risk Reduction","purposeIds":"Flood Risk Reduction","sourceAgency":"New York","stateFedId":"008-3797","latitude":"42.1463534","longitude":"-79.0056753","state":"New York","county":"Cattaraugus","countyState":"Cattaraugus, New York","city":"Randolph","distance":"1","riverName":"Battle Creek","congDist":"Congressional District 23, New York","stateRegulatedId":"Yes","jurisdictionAuthorityId":"Yes","stateRegulatoryAgency":"Nys Dec","permittingAuthorityId":"Yes","inspectionAuthorityId":"Yes","enforcementAuthorityId":"Yes","fedRegulatedId":"No","fedOwnerIds":null,"fedFundingIds":"Natural Resources Conservation Service","fedDesignIds":"Natural Resources Conservation Service","fedConstructionIds":"Natural Resources Conservation Service","fedRegulatoryIds":null,"fedInspectionIds":"Natural Resources Conservation Service","fedOperationIds":null,"fedOtherIds":null,"secretaryAgricultureBuiltId":"Yes","nrcsWatershedAuthorizationId":"Watershed Protection and Flood Prevention Act of 1954 (Public Law 83-566)","primaryDamTypeId":"Earth","damTypeIds":"Earth","coreTypeIds":null,"foundationTypeIds":null,"damHeight":"65","hydraulicHeight":null,"structuralHeight":null,"nidHeight":"65","nidHeightId":"51-100 feet","damLength":"480","volume":null,"yearCompleted":"1971","yearCompletedId":"1970-1979","yearsModified":null,"nidStorage":"391","maxStorage":"391","normalStorage":"114","surfaceArea":"10","drainageArea":"2.1","maxDischarge":"1899","spillwayTypeId":"Uncontrolled","spillwayWidth":"212","numberOfLocks":null,"lengthOfLocks":null,"widthOfLocks":null,"secondaryLengthOfLocks":null,"secondaryWidthOfLocks":null,"outletGateTypes":null,"dataUpdated":"2025-06-09","inspectionDate":"2024-10-17","inspectionFrequency":"2","publicHazardId":"High","conditionAssessId":"Fair","conditionAssessDate":"2024-11-07","eapId":"Yes","eapLastRevDate":"2025-01-30","websiteUrl":"https://damsafety.org/new-york","usaceDivision":"Great Lakes and Ohio River Division","usaceDistrict":"Pittsburgh District","operationalStatusId":null,"operationalStatusDate":null,"inundationNidAddedId":"No","huc2":"05","huc4":"0501","huc6":"050100","huc8":"05010002","zipcode":"14772","nation":"USA","stateKey":"NY","femaRegion":"2","femaCommunity":"Randolph town","aiannh":null,"hasDamPhotoId":"No","sectionSevenAuthorityId":"No"},"geometry":{"type":"Point","coordinates":[-79.0056753,42.1463534]}},
{"type":"Feature","properties":{"fid":62440,"name":"Quaker Run Dam","otherNames":null,"formerNames":null,"nidId":"NY01320","otherStructureId":null,"federalId":"NY01320","ownerNames":"NYS OFFICE OF PARKS, RECREATION & HISTORIC PRESERVATION, ALLEGANY REGION","ownerTypeIds":"State","primaryOwnerTypeId":"State","separateStructuresCount":"0","isAssociatedStructureId":"No","designerNames":null,"nonFederalDamOnFederalId":"No","primaryPurposeId":"Recreation","purposeIds":"Recreation","sourceAgency":"New York","stateFedId":"014-4305","latitude":"42.0516666666666","longitude":"-78.8769444444444","state":"New York","county":"Cattaraugus","countyState":"Cattaraugus, New York","city":"None","distance":null,"riverName":"Quaker Run","congDist":"Congressional District 23, New York","stateRegulatedId":"Yes","jurisdictionAuthorityId":"Yes","stateRegulatoryAgency":"Nys Dec","permittingAuthorityId":"Yes","inspectionAuthorityId":"Yes","enforcementAuthorityId":"Yes","fedRegulatedId":"No","fedOwnerIds":null,"fedFundingIds":null,"fedDesignIds":null,"fedConstructionIds":null,"fedRegulatoryIds":null,"fedInspectionIds":null,"fedOperationIds":null,"fedOtherIds":null,"secretaryAgricultureBuiltId":"No","nrcsWatershedAuthorizationId":"N/A","primaryDamTypeId":"Earth","damTypeIds":"Earth","coreTypeIds":null,"foundationTypeIds":null,"damHeight":"59","hydraulicHeight":null,"structuralHeight":null,"nidHeight":"59","nidHeightId":"51-100 feet","damLength":"705","volume":null,"yearCompleted":"1930","yearCompletedId":"1930-1939","yearsModified":null,"nidStorage":"5978","maxStorage":"5978","normalStorage":"3708","surfaceArea":"227","drainageArea":null,"maxDischarge":null,"spillwayTypeId":"Uncontrolled","spillwayWidth":"250","numberOfLocks":null,"lengthOfLocks":null,"widthOfLocks":null,"secondaryLengthOfLocks":null,"secondaryWidthOfLocks":null,"outletGateTypes":null,"dataUpdated":"2025-06-09","inspectionDate":"2023-10-19","inspectionFrequency":"4","publicHazardId":"Significant","conditionAssessId":"Satisfactory","conditionAssessDate":"2017-03-23","eapId":"Yes","eapLastRevDate":"2023-01-20","websiteUrl":"https://damsafety.org/new-york","usaceDivision":"Great Lakes and Ohio River Division","usaceDistrict":"Pittsburgh District","operationalStatusId":null,"operationalStatusDate":null,"inundationNidAddedId":"No","huc2":"05","huc4":"0501","huc6":"050100","huc8":"05010001","zipcode":"14779","nation":"USA","stateKey":"NY","femaRegion":"2","femaCommunity":"Coldspring town","aiannh":null,"hasDamPhotoId":"No","sectionSevenAuthorityId":"No"},"geometry":{"type":"Point","coordinates":[-78.876944444444405,42.051666666666598]}},
{"type":"Feature","properties":{"fid":66701,"name":"Science Lake Dam","otherNames":null,"formerNames":null,"nidId":"NY01342","otherStructureId":null,"federalId":"NY01342","ownerNames":"NYS OFFICE OF PARKS, RECREATION & HISTORIC PRESERVATION, ALLEGANY REGION","ownerTypeIds":"State","primaryOwnerTypeId":"State","separateStructuresCount":"0","isAssociatedStructureId":"No","designerNames":null,"nonFederalDamOnFederalId":"No","primaryPurposeId":"Recreation","purposeIds":"Recreation","sourceAgency":"New York","stateFedId":"014-0104","latitude":"42.01","longitude":"-78.7666666666666","state":"New York","county":"Cattaraugus","countyState":"Cattaraugus, New York","city":"Quaker Run Area","distance":"2","riverName":"Quaker Run","congDist":"Congressional District 23, New York","stateRegulatedId":"Yes","jurisdictionAuthorityId":"Yes","stateRegulatoryAgency":"Nys Dec","permittingAuthorityId":"Yes","inspectionAuthorityId":"Yes","enforcementAuthorityId":"Yes","fedRegulatedId":"No","fedOwnerIds":null,"fedFundingIds":null,"fedDesignIds":null,"fedConstructionIds":null,"fedRegulatoryIds":null,"fedInspectionIds":null,"fedOperationIds":null,"fedOtherIds":null,"secretaryAgricultureBuiltId":"No","nrcsWatershedAuthorizationId":"N/A","primaryDamTypeId":"Concrete","damTypeIds":"Concrete","coreTypeIds":null,"foundationTypeIds":null,"damHeight":"28","hydraulicHeight":null,"structuralHeight":null,"nidHeight":"28","nidHeightId":"25-50 feet","damLength":"266","volume":null,"yearCompleted":"1925","yearCompletedId":"1920-1929","yearsModified":null,"nidStorage":"76","maxStorage":"76","normalStorage":"56","surfaceArea":"5","drainageArea":"3.5","maxDischarge":"1675","spillwayTypeId":"Uncontrolled","spillwayWidth":"50","numberOfLocks":null,"lengthOfLocks":null,"widthOfLocks":null,"secondaryLengthOfLocks":null,"secondaryWidthOfLocks":null,"outletGateTypes":null,"dataUpdated":"2025-06-09","inspectionDate":"2011-10-04","inspectionFrequency":null,"publicHazardId":"Low","conditionAssessId":"Not Rated","conditionAssessDate":null,"eapId":"Not Required","eapLastRevDate":null,"websiteUrl":"https://damsafety.org/new-york","usaceDivision":"Great Lakes and Ohio River Division","usaceDistrict":"Pittsburgh District","operationalStatusId":null,"operationalStatusDate":null,"inundationNidAddedId":"No","huc2":"05","huc4":"0501","huc6":"050100","huc8":"05010001","zipcode":"14779","nation":"USA","stateKey":"NY","femaRegion":"2","femaCommunity":"Red House town","aiannh":null,"hasDamPhotoId":"No","sectionSevenAuthorityId":"No"},"geometry":{"type":"Point","coordinates":[-78.766666666666595,42.01]}},
{"type":"Feature","properties":{"fid":75644,"name":"Red House Lake Dam","otherNames":null,"formerNames":null,"nidId":"NY00471","otherStructureId":null,"federalId":"NY00471","ownerNames":"NYS OFFICE OF PARKS, RECREATION & HISTORIC PRESERVATION, ALLEGANY REGION","ownerTypeIds":"State","primaryOwnerTypeId":"State","separateStructuresCount":"0","isAssociatedStructureId":"No","designerNames":null,"nonFederalDamOnFederalId":"No","primaryPurposeId":"Recreation","purposeIds":"Recreation","sourceAgency":"New York","stateFedId":"020-0838","latitude":"42.1033333333333","longitude":"-78.75","state":"New York","county":"Cattaraugus","countyState":"Cattaraugus, New York","city":"Scattered Houses","distance":null,"riverName":"Red House Brook","congDist":"Congressional District 23, New York","stateRegulatedId":"Yes","jurisdictionAuthorityId":"Yes","stateRegulatoryAgency":"Nys Dec","permittingAuthorityId":"Yes","inspectionAuthorityId":"Yes","enforcementAuthorityId":"Yes","fedRegulatedId":"No","fedOwnerIds":null,"fedFundingIds":null,"fedDesignIds":null,"fedConstructionIds":null,"fedRegulatoryIds":null,"fedInspectionIds":null,"fedOperationIds":null,"fedOtherIds":null,"secretaryAgricultureBuiltId":"No","nrcsWatershedAuthorizationId":"N/A","primaryDamTypeId":"Earth","damTypeIds":"Earth","coreTypeIds":null,"foundationTypeIds":null,"damHeight":"26","hydraulicHeight":null,"structuralHeight":null,"nidHeight":"26","nidHeightId":"25-50 feet","damLength":"1425","volume":null,"yearCompleted":"1929","yearCompletedId":"1920-1929","yearsModified":null,"nidStorage":"766","maxStorage":"766","normalStorage":"575","surfaceArea":"110","drainageArea":null,"maxDischarge":"2700","spillwayTypeId":"Uncontrolled","spillwayWidth":"150","numberOfLocks":null,"lengthOfLocks":null,"widthOfLocks":null,"secondaryLengthOfLocks":null,"secondaryWidthOfLocks":null,"outletGateTypes":null,"dataUpdated":"2025-06-09","inspectionDate":"2023-10-19","inspectionFrequency":"4","publicHazardId":"Significant","conditionAssessId":"Not Rated","conditionAssessDate":null,"eapId":"Yes","eapLastRevDate":"2023-01-20","websiteUrl":"https://damsafety.org/new-york","usaceDivision":"Great Lakes and Ohio River Division","usaceDistrict":"Pittsburgh District","operationalStatusId":null,"operationalStatusDate":null,"inundationNidAddedId":"No","huc2":"05","huc4":"0501","huc6":"050100","huc8":"05010001","zipcode":"14779","nation":"USA","stateKey":"NY","femaRegion":"2","femaCommunity":"Red House town","aiannh":null,"hasDamPhotoId":"No","sectionSevenAuthorityId":"No"},"geometry":{"type":"Point","coordinates":[-78.75,42.103333333333303]}},
{"type":"Feature","properties":{"fid":57985,"name":"Bradford City No 3","otherNames":null,"formerNames":null,"nidId":"PA00025","otherStructureId":null,"federalId":"PA00025","ownerNames":"BRADFORD CITY WATER AUTHORITY","ownerTypeIds":"Local Government","primaryOwnerTypeId":"Local Government","separateStructuresCount":"0","isAssociatedStructureId":"No","designerNames":null,"nonFederalDamOnFederalId":"No","primaryPurposeId":"Water Supply","purposeIds":"Water Supply","sourceAgency":"Pennsylvania","stateFedId":"D42-010","latitude":"41.95333333","longitude":"-78.74","state":"Pennsylvania","county":"McKean","countyState":"McKean, Pennsylvania","city":null,"distance":null,"riverName":"Marilla Brook","congDist":"Congressional District 15, Pennsylvania","stateRegulatedId":"Yes","jurisdictionAuthorityId":"Yes","stateRegulatoryAgency":"Pennsylvania Department of Environmental Protection","permittingAuthorityId":"Yes","inspectionAuthorityId":"Yes","enforcementAuthorityId":"Yes","fedRegulatedId":"No","fedOwnerIds":null,"fedFundingIds":null,"fedDesignIds":null,"fedConstructionIds":null,"fedRegulatoryIds":null,"fedInspectionIds":null,"fedOperationIds":null,"fedOtherIds":null,"secretaryAgricultureBuiltId":"No","nrcsWatershedAuthorizationId":"N/A","primaryDamTypeId":"Earth","damTypeIds":"Earth","coreTypeIds":"Unlisted/Unknown;Unlisted/Unknown","foundationTypeIds":"Unlisted/Unknown","damHeight":"47","hydraulicHeight":null,"structuralHeight":null,"nidHeight":"47","nidHeightId":"25-50 feet","damLength":"770","volume":null,"yearCompleted":"1898","yearCompletedId":"Before 1900","yearsModified":"2009H","nidStorage":"502","maxStorage":"502","normalStorage":"368","surfaceArea":"18","drainageArea":"4.8","maxDischarge":null,"spillwayTypeId":null,"spillwayWidth":null,"numberOfLocks":null,"lengthOfLocks":null,"widthOfLocks":null,"secondaryLengthOfLocks":null,"secondaryWidthOfLocks":null,"outletGateTypes":null,"dataUpdated":"2021-04-09","inspectionDate":"2020-11-09","inspectionFrequency":"1","publicHazardId":"High","conditionAssessId":"Satisfactory","conditionAssessDate":null,"eapId":"Yes","eapLastRevDate":null,"websiteUrl":"https://damsafety.org/pennsylvania","usaceDivision":"Great Lakes and Ohio River Division","usaceDistrict":"Pittsburgh District","operationalStatusId":null,"operationalStatusDate":null,"inundationNidAddedId":"No","huc2":"05","huc4":"0501","huc6":"050100","huc8":"05010001","zipcode":"16701","nation":"USA","stateKey":"PA","femaRegion":"3","femaCommunity":"Bradford township, Pennsylvania","aiannh":null,"hasDamPhotoId":"No","sectionSevenAuthorityId":"No"},"geometry":{"type":"Point","coordinates":[-78.74,41.95333333]}},
{"type":"Feature","properties":{"fid":51071,"name":"Bradford City No 2","otherNames":null,"formerNames":null,"nidId":"PA00024","otherStructureId":null,"federalId":"PA00024","ownerNames":"BRADFORD CITY WATER AUTHORITY","ownerTypeIds":"Local Government","primaryOwnerTypeId":"Local Government","separateStructuresCount":"0","isAssociatedStructureId":"No","designerNames":null,"nonFederalDamOnFederalId":"No","primaryPurposeId":"Water Supply","purposeIds":"Water Supply","sourceAgency":"Pennsylvania","stateFedId":"D42-008","latitude":"41.96166667","longitude":"-78.72111111","state":"Pennsylvania","county":"McKean","countyState":"McKean, Pennsylvania","city":null,"distance":null,"riverName":"Gilbert Run","congDist":"Congressional District 15, Pennsylvania","stateRegulatedId":"Yes","jurisdictionAuthorityId":"Yes","stateRegulatoryAgency":"Pennsylvania Department of Environmental Protection","permittingAuthorityId":"Yes","inspectionAuthorityId":"Yes","enforcementAuthorityId":"Yes","fedRegulatedId":"No","fedOwnerIds":null,"fedFundingIds":null,"fedDesignIds":null,"fedConstructionIds":null,"fedRegulatoryIds":null,"fedInspectionIds":null,"fedOperationIds":null,"fedOtherIds":null,"secretaryAgricultureBuiltId":"No","nrcsWatershedAuthorizationId":"N/A","primaryDamTypeId":"Earth","damTypeIds":"Earth","coreTypeIds":"Unlisted/Unknown;Unlisted/Unknown","foundationTypeIds":"Unlisted/Unknown","damHeight":"44","hydraulicHeight":null,"structuralHeight":null,"nidHeight":"44","nidHeightId":"25-50 feet","damLength":"850","volume":null,"yearCompleted":"1886","yearCompletedId":"Before 1900","yearsModified":null,"nidStorage":"760","maxStorage":"760","normalStorage":"553","surfaceArea":"39","drainageArea":"4.49","maxDischarge":null,"spillwayTypeId":null,"spillwayWidth":null,"numberOfLocks":null,"lengthOfLocks":null,"widthOfLocks":null,"secondaryLengthOfLocks":null,"secondaryWidthOfLocks":null,"outletGateTypes":null,"dataUpdated":"2021-04-09","inspectionDate":"2020-11-09","inspectionFrequency":"1","publicHazardId":"High","conditionAssessId":"Satisfactory","conditionAssessDate":null,"eapId":"Yes","eapLastRevDate":null,"websiteUrl":"https://damsafety.org/pennsylvania","usaceDivision":"Great Lakes and Ohio River Division","usaceDistrict":"Pittsburgh District","operationalStatusId":null,"operationalStatusDate":null,"inundationNidAddedId":"No","huc2":"05","huc4":"0501","huc6":"050100","huc8":"05010001","zipcode":"16701","nation":"USA","stateKey":"PA","femaRegion":"3","femaCommunity":"Bradford township, Pennsylvania","aiannh":null,"hasDamPhotoId":"No","sectionSevenAuthorityId":"No"},"geometry":{"type":"Point","coordinates":[-78.72111111,41.96166667]}},
{"type":"Feature","properties":{"fid":66351,"name":"Bradford City No 5","otherNames":null,"formerNames":null,"nidId":"PA00026","otherStructureId":null,"federalId":"PA00026","ownerNames":"BRADFORD CITY WATER AUTHORITY","ownerTypeIds":"Local Government","primaryOwnerTypeId":"Local Government","separateStructuresCount":"0","isAssociatedStructureId":"No","designerNames":null,"nonFederalDamOnFederalId":"No","primaryPurposeId":"Water Supply","purposeIds":"Water Supply","sourceAgency":"Pennsylvania","stateFedId":"D42-031","latitude":"41.89638889","longitude":"-78.71944444","state":"Pennsylvania","county":"McKean","countyState":"McKean, Pennsylvania","city":null,"distance":null,"riverName":"West Branch Tunungwant Creek","congDist":"Congressional District 15, Pennsylvania","stateRegulatedId":"Yes","jurisdictionAuthorityId":"Yes","stateRegulatoryAgency":"Pennsylvania Department of Environmental Protection","permittingAuthorityId":"Yes","inspectionAuthorityId":"Yes","enforcementAuthorityId":"Yes","fedRegulatedId":"No","fedOwnerIds":null,"fedFundingIds":null,"fedDesignIds":null,"fedConstructionIds":null,"fedRegulatoryIds":null,"fedInspectionIds":null,"fedOperationIds":null,"fedOtherIds":null,"secretaryAgricultureBuiltId":"No","nrcsWatershedAuthorizationId":"N/A","primaryDamTypeId":"Earth","damTypeIds":"Earth","coreTypeIds":"Unlisted/Unknown;Unlisted/Unknown","foundationTypeIds":"Unlisted/Unknown","damHeight":"68","hydraulicHeight":null,"structuralHeight":null,"nidHeight":"68","nidHeightId":"51-100 feet","damLength":"1200","volume":null,"yearCompleted":"1957","yearCompletedId":"1950-1959","yearsModified":null,"nidStorage":"3390","maxStorage":"3390","normalStorage":"2090","surfaceArea":"102","drainageArea":"6.6","maxDischarge":null,"spillwayTypeId":null,"spillwayWidth":null,"numberOfLocks":null,"lengthOfLocks":null,"widthOfLocks":null,"secondaryLengthOfLocks":null,"secondaryWidthOfLocks":null,"outletGateTypes":null,"dataUpdated":"2021-04-09","inspectionDate":"2020-11-09","inspectionFrequency":"1","publicHazardId":"High","conditionAssessId":"Poor","conditionAssessDate":null,"eapId":"Yes","eapLastRevDate":null,"websiteUrl":"https://damsafety.org/pennsylvania","usaceDivision":"Great Lakes and Ohio River Division","usaceDistrict":"Pittsburgh District","operationalStatusId":null,"operationalStatusDate":null,"inundationNidAddedId":"No","huc2":"05","huc4":"0501","huc6":"050100","huc8":"05010001","zipcode":"16701","nation":"USA","stateKey":"PA","femaRegion":"3","femaCommunity":"Bradford township, Pennsylvania","aiannh":null,"hasDamPhotoId":"No","sectionSevenAuthorityId":"No"},"geometry":{"type":"Point","coordinates":[-78.71944444,41.89638889]}},
{"type":"Feature","properties":{"fid":51447,"name":"Tannenbaum Reservoir Dam","otherNames":"Spruce Lake","formerNames":null,"nidId":"NY16145","otherStructureId":null,"federalId":"NY16145","ownerNames":"WIN-SUM SKI CORPORATION","ownerTypeIds":"Private","primaryOwnerTypeId":"Private","separateStructuresCount":"0","isAssociatedStructureId":"No","designerNames":null,"nonFederalDamOnFederalId":"No","primaryPurposeId":"Other","purposeIds":"Other;Recreation","sourceAgency":"New York","stateFedId":"019-5521","latitude":"42.2622222222222","longitude":"-78.6986111111111","state":"New York","county":"Cattaraugus","countyState":"Cattaraugus, New York","city":"Ellicottville","distance":null,"riverName":null,"congDist":"Congressional District 23, New York","stateRegulatedId":"Yes","jurisdictionAuthorityId":"Yes","stateRegulatoryAgency":"Nys Dec","permittingAuthorityId":"Yes","inspectionAuthorityId":"Yes","enforcementAuthorityId":"Yes","fedRegulatedId":"No","fedOwnerIds":null,"fedFundingIds":null,"fedDesignIds":null,"fedConstructionIds":null,"fedRegulatoryIds":null,"fedInspectionIds":null,"fedOperationIds":null,"fedOtherIds":null,"secretaryAgricultureBuiltId":"No","nrcsWatershedAuthorizationId":"N/A","primaryDamTypeId":"Earth","damTypeIds":"Earth","coreTypeIds":null,"foundationTypeIds":null,"damHeight":"31","hydraulicHeight":null,"structuralHeight":null,"nidHeight":"31","nidHeightId":"25-50 feet","damLength":"3000","volume":null,"yearCompleted":"2006","yearCompletedId":"Since 2000","yearsModified":null,"nidStorage":"220","maxStorage":"220","normalStorage":"190","surfaceArea":"12.6","drainageArea":null,"maxDischarge":null,"spillwayTypeId":"Uncontrolled","spillwayWidth":null,"numberOfLocks":null,"lengthOfLocks":null,"widthOfLocks":null,"secondaryLengthOfLocks":null,"secondaryWidthOfLocks":null,"outletGateTypes":null,"dataUpdated":"2025-06-09","inspectionDate":"2023-05-17","inspectionFrequency":"2","publicHazardId":"High","conditionAssessId":"Satisfactory","conditionAssessDate":"2019-12-20","eapId":"Yes","eapLastRevDate":"2023-01-10","websiteUrl":"https://damsafety.org/new-york","usaceDivision":"Great Lakes and Ohio River Division","usaceDistrict":"Pittsburgh District","operationalStatusId":null,"operationalStatusDate":null,"inundationNidAddedId":"No","huc2":"05","huc4":"0501","huc6":"050100","huc8":"05010001","zipcode":"14731","nation":"USA","stateKey":"NY","femaRegion":"2","femaCommunity":"Mansfield town","aiannh":null,"hasDamPhotoId":"No","sectionSevenAuthorityId":"No"},"geometry":{"type":"Point","coordinates":[-78.698611111111106,42.262222222222199]}},
{"type":"Feature","properties":{"fid":37060,"name":"Holimont Upper Reservoir Dam","otherNames":null,"formerNames":null,"nidId":"NY16105","otherStructureId":null,"federalId":"NY16105","ownerNames":"HOLIMONT INC","ownerTypeIds":"Private","primaryOwnerTypeId":"Private","separateStructuresCount":"0","isAssociatedStructureId":"No","designerNames":null,"nonFederalDamOnFederalId":"No","primaryPurposeId":"Other","purposeIds":"Other","sourceAgency":"New York","stateFedId":"019-5485","latitude":"42.2644444444444","longitude":"-78.6980555555555","state":"New York","county":"Cattaraugus","countyState":"Cattaraugus, New York","city":"Ellicottville","distance":"1","riverName":"None","congDist":"Congressional District 23, New York","stateRegulatedId":"Yes","jurisdictionAuthorityId":"Yes","stateRegulatoryAgency":"Nys Dec","permittingAuthorityId":"Yes","inspectionAuthorityId":"Yes","enforcementAuthorityId":"Yes","fedRegulatedId":"No","fedOwnerIds":null,"fedFundingIds":null,"fedDesignIds":null,"fedConstructionIds":null,"fedRegulatoryIds":null,"fedInspectionIds":null,"fedOperationIds":null,"fedOtherIds":null,"secretaryAgricultureBuiltId":"No","nrcsWatershedAuthorizationId":"N/A","primaryDamTypeId":"Earth","damTypeIds":"Earth","coreTypeIds":null,"foundationTypeIds":null,"damHeight":"35","hydraulicHeight":null,"structuralHeight":null,"nidHeight":"35","nidHeightId":"25-50 feet","damLength":null,"volume":null,"yearCompleted":"2003","yearCompletedId":"Since 2000","yearsModified":null,"nidStorage":"129","maxStorage":"129","normalStorage":"85","surfaceArea":"5.5","drainageArea":null,"maxDischarge":null,"spillwayTypeId":"None","spillwayWidth":null,"numberOfLocks":null,"lengthOfLocks":null,"widthOfLocks":null,"secondaryLengthOfLocks":null,"secondaryWidthOfLocks":null,"outletGateTypes":null,"dataUpdated":"2025-06-09","inspectionDate":"2023-10-19","inspectionFrequency":"2","publicHazardId":"High","conditionAssessId":"Satisfactory","conditionAssessDate":"2019-12-24","eapId":"Yes","eapLastRevDate":"2023-01-30","websiteUrl":"https://damsafety.org/new-york","usaceDivision":"Great Lakes and Ohio River Division","usaceDistrict":"Pittsburgh District","operationalStatusId":null,"operationalStatusDate":null,"inundationNidAddedId":"No","huc2":"05","huc4":"0501","huc6":"050100","huc8":"05010001","zipcode":"14731","nation":"USA","stateKey":"NY","femaRegion":"2","femaCommunity":"Mansfield town","aiannh":null,"hasDamPhotoId":"No","sectionSevenAuthorityId":"No"},"geometry":{"type":"Point","coordinates":[-78.698055555555499,42.264444444444401]}},
{"type":"Feature","properties":{"fid":57879,"name":"Sunset Saddle Dam","otherNames":"Holimont Lower Reservoir","formerNames":null,"nidId":"NY14130","otherStructureId":null,"federalId":"NY14130","ownerNames":"HOLIMONT INC","ownerTypeIds":"Private","primaryOwnerTypeId":"Private","separateStructuresCount":"0","isAssociatedStructureId":"No","designerNames":null,"nonFederalDamOnFederalId":"No","primaryPurposeId":"Other","purposeIds":"Other","sourceAgency":"New York","stateFedId":"019-5002","latitude":"42.2658333333333","longitude":"-78.6927777777777","state":"New York","county":"Cattaraugus","countyState":"Cattaraugus, New York","city":"Ellicottville","distance":"1","riverName":"None","congDist":"Congressional District 23, New York","stateRegulatedId":"Yes","jurisdictionAuthorityId":"Yes","stateRegulatoryAgency":"Nys Dec","permittingAuthorityId":"Yes","inspectionAuthorityId":"Yes","enforcementAuthorityId":"Yes","fedRegulatedId":"No","fedOwnerIds":null,"fedFundingIds":null,"fedDesignIds":null,"fedConstructionIds":null,"fedRegulatoryIds":null,"fedInspectionIds":null,"fedOperationIds":null,"fedOtherIds":null,"secretaryAgricultureBuiltId":"No","nrcsWatershedAuthorizationId":"N/A","primaryDamTypeId":"Earth","damTypeIds":"Earth","coreTypeIds":null,"foundationTypeIds":null,"damHeight":"20","hydraulicHeight":null,"structuralHeight":null,"nidHeight":"20","nidHeightId":"Less than 25 feet","damLength":"750","volume":null,"yearCompleted":null,"yearCompletedId":"Undetermined","yearsModified":null,"nidStorage":"34","maxStorage":"34","normalStorage":"26","surfaceArea":"4","drainageArea":"0.01","maxDischarge":"12","spillwayTypeId":"Uncontrolled","spillwayWidth":"26","numberOfLocks":null,"lengthOfLocks":null,"widthOfLocks":null,"secondaryLengthOfLocks":null,"secondaryWidthOfLocks":null,"outletGateTypes":null,"dataUpdated":"2025-06-09","inspectionDate":"2021-10-12","inspectionFrequency":"4","publicHazardId":"Significant","conditionAssessId":"Not Rated","conditionAssessDate":null,"eapId":"Yes","eapLastRevDate":"2023-01-30","websiteUrl":"https://damsafety.org/new-york","usaceDivision":"Great Lakes and Ohio River Division","usaceDistrict":"Pittsburgh District","operationalStatusId":null,"operationalStatusDate":null,"inundationNidAddedId":"No","huc2":"05","huc4":"0501","huc6":"050100","huc8":"05010001","zipcode":"14731","nation":"USA","stateKey":"NY","femaRegion":"2","femaCommunity":"Ellicottville town","aiannh":null,"hasDamPhotoId":"No","sectionSevenAuthorityId":"No"},"geometry":{"type":"Point","coordinates":[-78.692777777777707,42.265833333333298]}},
{"type":"Feature","properties":{"fid":65374,"name":"Edgar Ploetz Recreational Pond Dam","otherNames":null,"formerNames":null,"nidId":"NY00825","otherStructureId":null,"federalId":"NY00825","ownerNames":"DAVID PLOETZ","ownerTypeIds":"Private","primaryOwnerTypeId":"Private","separateStructuresCount":"0","isAssociatedStructureId":"No","designerNames":null,"nonFederalDamOnFederalId":"No","primaryPurposeId":"Recreation","purposeIds":"Recreation","sourceAgency":"New York","stateFedId":"019-3819","latitude":"42.3613888888888","longitude":"-78.6491666666666","state":"New York","county":"Cattaraugus","countyState":"Cattaraugus, New York","city":"Ashford","distance":"2","riverName":"Beaver Meadow Creek","congDist":"Congressional District 23, New York","stateRegulatedId":"Yes","jurisdictionAuthorityId":"Yes","stateRegulatoryAgency":"Nys Dec","permittingAuthorityId":"Yes","inspectionAuthorityId":"Yes","enforcementAuthorityId":"Yes","fedRegulatedId":"No","fedOwnerIds":null,"fedFundingIds":null,"fedDesignIds":null,"fedConstructionIds":null,"fedRegulatoryIds":null,"fedInspectionIds":null,"fedOperationIds":null,"fedOtherIds":null,"secretaryAgricultureBuiltId":"No","nrcsWatershedAuthorizationId":"N/A","primaryDamTypeId":"Earth","damTypeIds":"Earth","coreTypeIds":null,"foundationTypeIds":null,"damHeight":"22","hydraulicHeight":null,"structuralHeight":null,"nidHeight":"22","nidHeightId":"Less than 25 feet","damLength":"380","volume":null,"yearCompleted":"1969","yearCompletedId":"1960-1969","yearsModified":null,"nidStorage":"91","maxStorage":"91","normalStorage":"40","surfaceArea":"8","drainageArea":"0.6","maxDischarge":"100","spillwayTypeId":"Uncontrolled","spillwayWidth":"17","numberOfLocks":null,"lengthOfLocks":null,"widthOfLocks":null,"secondaryLengthOfLocks":null,"secondaryWidthOfLocks":null,"outletGateTypes":null,"dataUpdated":"2025-06-09","inspectionDate":"2023-05-17","inspectionFrequency":"4","publicHazardId":"Significant","conditionAssessId":"Poor","conditionAssessDate":"2023-10-02","eapId":"No","eapLastRevDate":null,"websiteUrl":"https://damsafety.org/new-york","usaceDivision":"Great Lakes and Ohio River Division","usaceDistrict":"Pittsburgh District","operationalStatusId":null,"operationalStatusDate":null,"inundationNidAddedId":"No","huc2":"05","huc4":"0501","huc6":"050100","huc8":"05010001","zipcode":"14171","nation":"USA","stateKey":"NY","femaRegion":"2","femaCommunity":"Ellicottville town","aiannh":null,"hasDamPhotoId":"No","sectionSevenAuthorityId":"No"},"geometry":{"type":"Point","coordinates":[-78.649166666666602,42.361388888888797]}},
{"type":"Feature","properties":{"fid":78796,"name":"Lyle Underwood W L Pond #2 Dam & Dike","otherNames":null,"formerNames":null,"nidId":"NY01351","otherStructureId":null,"federalId":"NY01351","ownerNames":"LYLE UNDERWOOD","ownerTypeIds":"Private","primaryOwnerTypeId":"Private","separateStructuresCount":"0","isAssociatedStructureId":"No","designerNames":null,"nonFederalDamOnFederalId":"No","primaryPurposeId":"Other","purposeIds":"Other","sourceAgency":"New York","stateFedId":"014-2099","latitude":"42.2483333333333","longitude":"-78.8733333333333","state":"New York","county":"Cattaraugus","countyState":"Cattaraugus, New York","city":"Little Valley","distance":"4","riverName":"Little Valley Creek","congDist":"Congressional District 23, New York","stateRegulatedId":"Yes","jurisdictionAuthorityId":"Yes","stateRegulatoryAgency":"Nys Dec","permittingAuthorityId":"Yes","inspectionAuthorityId":"Yes","enforcementAuthorityId":"Yes","fedRegulatedId":"No","fedOwnerIds":null,"fedFundingIds":null,"fedDesignIds":null,"fedConstructionIds":null,"fedRegulatoryIds":null,"fedInspectionIds":null,"fedOperationIds":null,"fedOtherIds":null,"secretaryAgricultureBuiltId":"No","nrcsWatershedAuthorizationId":"N/A","primaryDamTypeId":"Earth","damTypeIds":"Earth","coreTypeIds":null,"foundationTypeIds":null,"damHeight":"7","hydraulicHeight":null,"structuralHeight":null,"nidHeight":"7","nidHeightId":"Less than 25 feet","damLength":"575","volume":null,"yearCompleted":"1954","yearCompletedId":"1950-1959","yearsModified":null,"nidStorage":"88","maxStorage":"88","normalStorage":"88","surfaceArea":"44","drainageArea":"0.16","maxDischarge":"137","spillwayTypeId":"Uncontrolled","spillwayWidth":"68","numberOfLocks":null,"lengthOfLocks":null,"widthOfLocks":null,"secondaryLengthOfLocks":null,"secondaryWidthOfLocks":null,"outletGateTypes":null,"dataUpdated":"2025-06-09","inspectionDate":"1980-07-21","inspectionFrequency":null,"publicHazardId":"Low","conditionAssessId":"Not Rated","conditionAssessDate":null,"eapId":"Not Required","eapLastRevDate":null,"websiteUrl":"https://damsafety.org/new-york","usaceDivision":"Great Lakes and Ohio River Division","usaceDistrict":"Pittsburgh District","operationalStatusId":null,"operationalStatusDate":null,"inundationNidAddedId":"No","huc2":"05","huc4":"0501","huc6":"050100","huc8":"05010001","zipcode":"14755","nation":"USA","stateKey":"NY","femaRegion":"2","femaCommunity":"Napoli town","aiannh":null,"hasDamPhotoId":"No","sectionSevenAuthorityId":"No"},"geometry":{"type":"Point","coordinates":[-78.873333333333306,42.248333333333299]}},
{"type":"Feature","properties":{"fid":78974,"name":"Conewango Creek Site 16a Dam","otherNames":null,"formerNames":null,"nidId":"NY00557","otherStructureId":null,"federalId":"NY00557","ownerNames":"CATTARAUGUS COUNTY;Cattaraugus County","ownerTypeIds":"Local Government","primaryOwnerTypeId":"Local Government","separateStructuresCount":"0","isAssociatedStructureId":"No","designerNames":"USDA NRCS","nonFederalDamOnFederalId":"No","primaryPurposeId":"Flood Risk Reduction","purposeIds":"Flood Risk Reduction","sourceAgency":"New York","stateFedId":"014-3870","latitude":"42.1908515","longitude":"-78.9496318","state":"New York","county":"Cattaraugus","countyState":"Cattaraugus, New York","city":"East Randolph","distance":"2","riverName":"Elm Creek","congDist":"Congressional District 23, New York","stateRegulatedId":"Yes","jurisdictionAuthorityId":"Yes","stateRegulatoryAgency":"Nys Dec","permittingAuthorityId":"Yes","inspectionAuthorityId":"Yes","enforcementAuthorityId":"Yes","fedRegulatedId":"No","fedOwnerIds":null,"fedFundingIds":"Natural Resources Conservation Service","fedDesignIds":"Natural Resources Conservation Service","fedConstructionIds":"Natural Resources Conservation Service","fedRegulatoryIds":null,"fedInspectionIds":"Natural Resources Conservation Service","fedOperationIds":null,"fedOtherIds":null,"secretaryAgricultureBuiltId":"Yes","nrcsWatershedAuthorizationId":"Watershed Protection and Flood Prevention Act of 1954 (Public Law 83-566)","primaryDamTypeId":"Earth","damTypeIds":"Earth","coreTypeIds":null,"foundationTypeIds":null,"damHeight":"42","hydraulicHeight":null,"structuralHeight":null,"nidHeight":"42","nidHeightId":"25-50 feet","damLength":"2008","volume":null,"yearCompleted":"1970","yearCompletedId":"1970-1979","yearsModified":null,"nidStorage":"1514","maxStorage":"1514","normalStorage":"51","surfaceArea":"14","drainageArea":"13.6","maxDischarge":"34840","spillwayTypeId":"Uncontrolled","spillwayWidth":"400","numberOfLocks":null,"lengthOfLocks":null,"widthOfLocks":null,"secondaryLengthOfLocks":null,"secondaryWidthOfLocks":null,"outletGateTypes":null,"dataUpdated":"2025-06-09","inspectionDate":"2024-10-16","inspectionFrequency":"2","publicHazardId":"High","conditionAssessId":"Fair","conditionAssessDate":"2024-11-07","eapId":"Yes","eapLastRevDate":"2024-01-24","websiteUrl":"https://damsafety.org/new-york","usaceDivision":"Great Lakes and Ohio River Division","usaceDistrict":"Pittsburgh District","operationalStatusId":null,"operationalStatusDate":null,"inundationNidAddedId":"No","huc2":"05","huc4":"0501","huc6":"050100","huc8":"05010002","zipcode":"14772","nation":"USA","stateKey":"NY","femaRegion":"2","femaCommunity":"Conewango town","aiannh":null,"hasDamPhotoId":"No","sectionSevenAuthorityId":"No"},"geometry":{"type":"Point","coordinates":[-78.9496318,42.1908515]}},
{"type":"Feature","properties":{"fid":79067,"name":"Camp Chautauqua Pond Dam","otherNames":"Camp Timbercrest","formerNames":null,"nidId":"NY00554","otherStructureId":null,"federalId":"NY00554","ownerNames":"GIRL SCOUTS OF WESTERN NEW YORK","ownerTypeIds":"Private","primaryOwnerTypeId":"Private","separateStructuresCount":"0","isAssociatedStructureId":"No","designerNames":null,"nonFederalDamOnFederalId":"No","primaryPurposeId":"Recreation","purposeIds":"Recreation","sourceAgency":"New York","stateFedId":"014-3362","latitude":"42.105","longitude":"-78.9516666666666","state":"New York","county":"Cattaraugus","countyState":"Cattaraugus, New York","city":"None","distance":null,"riverName":"Tr-Little Conewango Creek","congDist":"Congressional District 23, New York","stateRegulatedId":"Yes","jurisdictionAuthorityId":"Yes","stateRegulatoryAgency":"Nys Dec","permittingAuthorityId":"Yes","inspectionAuthorityId":"Yes","enforcementAuthorityId":"Yes","fedRegulatedId":"No","fedOwnerIds":null,"fedFundingIds":null,"fedDesignIds":null,"fedConstructionIds":null,"fedRegulatoryIds":null,"fedInspectionIds":null,"fedOperationIds":null,"fedOtherIds":null,"secretaryAgricultureBuiltId":"No","nrcsWatershedAuthorizationId":"N/A","primaryDamTypeId":"Earth","damTypeIds":"Earth","coreTypeIds":null,"foundationTypeIds":null,"damHeight":"36","hydraulicHeight":null,"structuralHeight":null,"nidHeight":"36","nidHeightId":"25-50 feet","damLength":"295","volume":null,"yearCompleted":"1965","yearCompletedId":"1960-1969","yearsModified":null,"nidStorage":"435","maxStorage":"435","normalStorage":"355","surfaceArea":"32","drainageArea":null,"maxDischarge":"2695","spillwayTypeId":"Uncontrolled","spillwayWidth":"270","numberOfLocks":null,"lengthOfLocks":null,"widthOfLocks":null,"secondaryLengthOfLocks":null,"secondaryWidthOfLocks":null,"outletGateTypes":null,"dataUpdated":"2025-06-09","inspectionDate":"2023-11-01","inspectionFrequency":"4","publicHazardId":"Significant","conditionAssessId":"Not Rated","conditionAssessDate":null,"eapId":"Yes","eapLastRevDate":"2018-03-14","websiteUrl":"https://damsafety.org/new-york","usaceDivision":"Great Lakes and Ohio River Division","usaceDistrict":"Pittsburgh District","operationalStatusId":null,"operationalStatusDate":null,"inundationNidAddedId":"No","huc2":"05","huc4":"0501","huc6":"050100","huc8":"05010002","zipcode":"14772","nation":"USA","stateKey":"NY","femaRegion":"2","femaCommunity":"Randolph town","aiannh":null,"hasDamPhotoId":"No","sectionSevenAuthorityId":"No"},"geometry":{"type":"Point","coordinates":[-78.951666666666597,42.105]}},
{"type":"Feature","properties":{"fid":79982,"name":"William O Nannen Pond Dam","otherNames":"Murphy Lake","formerNames":null,"nidId":"NY00826","otherStructureId":null,"federalId":"NY00826","ownerNames":"Michael L. Mead","ownerTypeIds":"Private","primaryOwnerTypeId":"Private","separateStructuresCount":"0","isAssociatedStructureId":"No","designerNames":null,"nonFederalDamOnFederalId":"No","primaryPurposeId":"Recreation","purposeIds":"Recreation","sourceAgency":"New York","stateFedId":"019-3301","latitude":"42.2883333333333","longitude":"-78.6630555555555","state":"New York","county":"Cattaraugus","countyState":"Cattaraugus, New York","city":"Ellicottville","distance":"1","riverName":"Tr-Great Valley Creek","congDist":"Congressional District 23, New York","stateRegulatedId":"Yes","jurisdictionAuthorityId":"Yes","stateRegulatoryAgency":"Nys Dec","permittingAuthorityId":"Yes","inspectionAuthorityId":"Yes","enforcementAuthorityId":"Yes","fedRegulatedId":"No","fedOwnerIds":null,"fedFundingIds":null,"fedDesignIds":null,"fedConstructionIds":null,"fedRegulatoryIds":null,"fedInspectionIds":null,"fedOperationIds":null,"fedOtherIds":null,"secretaryAgricultureBuiltId":"No","nrcsWatershedAuthorizationId":"N/A","primaryDamTypeId":"Earth","damTypeIds":"Earth","coreTypeIds":null,"foundationTypeIds":null,"damHeight":"15","hydraulicHeight":null,"structuralHeight":null,"nidHeight":"15","nidHeightId":"Less than 25 feet","damLength":"1230","volume":null,"yearCompleted":"1964","yearCompletedId":"1960-1969","yearsModified":null,"nidStorage":"36","maxStorage":"36","normalStorage":"20","surfaceArea":"4","drainageArea":"5.6","maxDischarge":"48","spillwayTypeId":"Uncontrolled","spillwayWidth":"3","numberOfLocks":null,"lengthOfLocks":null,"widthOfLocks":null,"secondaryLengthOfLocks":null,"secondaryWidthOfLocks":null,"outletGateTypes":null,"dataUpdated":"2025-06-09","inspectionDate":"2023-05-17","inspectionFrequency":"4","publicHazardId":"Significant","conditionAssessId":"Fair","conditionAssessDate":"2023-10-02","eapId":"Yes","eapLastRevDate":"2024-12-01","websiteUrl":"https://damsafety.org/new-york","usaceDivision":"Great Lakes and Ohio River Division","usaceDistrict":"Pittsburgh District","operationalStatusId":null,"operationalStatusDate":null,"inundationNidAddedId":"No","huc2":"05","huc4":"0501","huc6":"050100","huc8":"05010001","zipcode":"14731","nation":"USA","stateKey":"NY","femaRegion":"2","femaCommunity":"Ellicottville town","aiannh":null,"hasDamPhotoId":"No","sectionSevenAuthorityId":"No"},"geometry":{"type":"Point","coordinates":[-78.663055555555502,42.288333333333298]}},
{"type":"Feature","properties":{"fid":81498,"name":"Conewango Creek Site 6 Dam","otherNames":null,"formerNames":null,"nidId":"NY00610","otherStructureId":null,"federalId":"NY00610","ownerNames":"CHAUTAUQUA COUNTY;CONEWANGO WATERSHED COMMISSION","ownerTypeIds":"Local Government","primaryOwnerTypeId":"Local Government","separateStructuresCount":"0","isAssociatedStructureId":"No","designerNames":"USDA NRCS","nonFederalDamOnFederalId":"No","primaryPurposeId":"Flood Risk Reduction","purposeIds":"Flood Risk Reduction","sourceAgency":"New York","stateFedId":"007-3911","latitude":"42.3055555555555","longitude":"-79.1219444444444","state":"New York","county":"Chautauqua","countyState":"Chautauqua, New York","city":"Cherry Creek","distance":"1","riverName":"Cherry Creek","congDist":"Congressional District 23, New York","stateRegulatedId":"Yes","jurisdictionAuthorityId":"Yes","stateRegulatoryAgency":"Nys Dec","permittingAuthorityId":"Yes","inspectionAuthorityId":"Yes","enforcementAuthorityId":"Yes","fedRegulatedId":"No","fedOwnerIds":null,"fedFundingIds":"Natural Resources Conservation Service","fedDesignIds":"Natural Resources Conservation Service","fedConstructionIds":"Natural Resources Conservation Service","fedRegulatoryIds":null,"fedInspectionIds":"Natural Resources Conservation Service","fedOperationIds":null,"fedOtherIds":null,"secretaryAgricultureBuiltId":"Yes","nrcsWatershedAuthorizationId":"Watershed Protection and Flood Prevention Act of 1954 (Public Law 83-566)","primaryDamTypeId":"Earth","damTypeIds":"Earth","coreTypeIds":null,"foundationTypeIds":null,"damHeight":"41","hydraulicHeight":null,"structuralHeight":null,"nidHeight":"41","nidHeightId":"25-50 feet","damLength":"1000","volume":null,"yearCompleted":"1971","yearCompletedId":"1970-1979","yearsModified":null,"nidStorage":"682","maxStorage":"682","normalStorage":"137","surfaceArea":"20","drainageArea":"2.56","maxDischarge":"2178","spillwayTypeId":"Uncontrolled","spillwayWidth":"50","numberOfLocks":null,"lengthOfLocks":null,"widthOfLocks":null,"secondaryLengthOfLocks":null,"secondaryWidthOfLocks":null,"outletGateTypes":null,"dataUpdated":"2025-06-09","inspectionDate":"2022-10-17","inspectionFrequency":"4","publicHazardId":"Significant","conditionAssessId":"Not Rated","conditionAssessDate":null,"eapId":"Yes","eapLastRevDate":"2022-09-13","websiteUrl":"https://damsafety.org/new-york","usaceDivision":"Great Lakes and Ohio River Division","usaceDistrict":"Buffalo District","operationalStatusId":null,"operationalStatusDate":null,"inundationNidAddedId":"No","huc2":"05","huc4":"0501","huc6":"050100","huc8":"05010002","zipcode":"14723","nation":"USA","stateKey":"NY","femaRegion":"2","femaCommunity":"Cherry Creek town","aiannh":null,"hasDamPhotoId":"No","sectionSevenAuthorityId":"No"},"geometry":{"type":"Point","coordinates":[-79.121944444444395,42.3055555555555]}},
{"type":"Feature","properties":{"fid":83191,"name":"Conewango Creek Site 33 Dam","otherNames":null,"formerNames":null,"nidId":"NY00581","otherStructureId":null,"federalId":"NY00581","ownerNames":"CHAUTAUQUA COUNTY;CONEWANGO WATERSHED COMMISSION","ownerTypeIds":"Local Government","primaryOwnerTypeId":"Local Government","separateStructuresCount":"0","isAssociatedStructureId":"No","designerNames":"USDA NRCS","nonFederalDamOnFederalId":"No","primaryPurposeId":"Flood Risk Reduction","purposeIds":"Flood Risk Reduction","sourceAgency":"New York","stateFedId":"007-3917","latitude":"42.2856599","longitude":"-79.1137604","state":"New York","county":"Chautauqua","countyState":"Chautauqua, New York","city":"Cherry Creek","distance":"1","riverName":"Tr-Conewango Creek","congDist":"Congressional District 23, New York","stateRegulatedId":"Yes","jurisdictionAuthorityId":"Yes","stateRegulatoryAgency":"Nys Dec","permittingAuthorityId":"Yes","inspectionAuthorityId":"Yes","enforcementAuthorityId":"Yes","fedRegulatedId":"No","fedOwnerIds":null,"fedFundingIds":"Natural Resources Conservation Service","fedDesignIds":"Natural Resources Conservation Service","fedConstructionIds":"Natural Resources Conservation Service","fedRegulatoryIds":null,"fedInspectionIds":"Natural Resources Conservation Service","fedOperationIds":null,"fedOtherIds":null,"secretaryAgricultureBuiltId":"Yes","nrcsWatershedAuthorizationId":"Watershed Protection and Flood Prevention Act of 1954 (Public Law 83-566)","primaryDamTypeId":"Earth","damTypeIds":"Earth","coreTypeIds":null,"foundationTypeIds":null,"damHeight":"57","hydraulicHeight":null,"structuralHeight":null,"nidHeight":"57","nidHeightId":"51-100 feet","damLength":"325","volume":null,"yearCompleted":"1974","yearCompletedId":"1970-1979","yearsModified":null,"nidStorage":"128","maxStorage":"128","normalStorage":"4","surfaceArea":"1","drainageArea":"0.5","maxDischarge":"656","spillwayTypeId":"Uncontrolled","spillwayWidth":"65","numberOfLocks":null,"lengthOfLocks":null,"widthOfLocks":null,"secondaryLengthOfLocks":null,"secondaryWidthOfLocks":null,"outletGateTypes":null,"dataUpdated":"2025-06-09","inspectionDate":"2024-10-17","inspectionFrequency":"2","publicHazardId":"High","conditionAssessId":"Fair","conditionAssessDate":"2024-11-07","eapId":"Yes","eapLastRevDate":"2024-02-16","websiteUrl":"https://damsafety.org/new-york","usaceDivision":"Great Lakes and Ohio River Division","usaceDistrict":"Buffalo District","operationalStatusId":null,"operationalStatusDate":null,"inundationNidAddedId":"No","huc2":"05","huc4":"0501","huc6":"050100","huc8":"05010002","zipcode":"14723","nation":"USA","stateKey":"NY","femaRegion":"2","femaCommunity":"Cherry Creek town","aiannh":null,"hasDamPhotoId":"No","sectionSevenAuthorityId":"No"},"geometry":{"type":"Point","coordinates":[-79.1137604,42.2856599]}},
{"type":"Feature","properties":{"fid":85326,"name":"Conewango Creek Site 16 Dam","otherNames":"Elm Creek Dam","formerNames":null,"nidId":"NY00593","otherStructureId":null,"federalId":"NY00593","ownerNames":"CATTARAUGUS COUNTY;Cattaraugus County","ownerTypeIds":"Local Government","primaryOwnerTypeId":"Local Government","separateStructuresCount":"0","isAssociatedStructureId":"No","designerNames":"USDA NRCS","nonFederalDamOnFederalId":"No","primaryPurposeId":"Flood Risk Reduction","purposeIds":"Flood Risk Reduction","sourceAgency":"New York","stateFedId":"014-3226","latitude":"42.2232759","longitude":"-78.9414088","state":"New York","county":"Cattaraugus","countyState":"Cattaraugus, New York","city":"East Randolph","distance":"4","riverName":"Elm Creek","congDist":"Congressional District 23, New York","stateRegulatedId":"Yes","jurisdictionAuthorityId":"Yes","stateRegulatoryAgency":"Nys Dec","permittingAuthorityId":"Yes","inspectionAuthorityId":"Yes","enforcementAuthorityId":"Yes","fedRegulatedId":"No","fedOwnerIds":null,"fedFundingIds":"Natural Resources Conservation Service","fedDesignIds":"Natural Resources Conservation Service","fedConstructionIds":"Natural Resources Conservation Service","fedRegulatoryIds":null,"fedInspectionIds":"Natural Resources Conservation Service","fedOperationIds":null,"fedOtherIds":null,"secretaryAgricultureBuiltId":"Yes","nrcsWatershedAuthorizationId":"Watershed Protection and Flood Prevention Act of 1954 (Public Law 83-566)","primaryDamTypeId":"Earth","damTypeIds":"Earth","coreTypeIds":null,"foundationTypeIds":null,"damHeight":"51","hydraulicHeight":null,"structuralHeight":null,"nidHeight":"51","nidHeightId":"51-100 feet","damLength":"720","volume":null,"yearCompleted":"1964","yearCompletedId":"1960-1969","yearsModified":null,"nidStorage":"3700","maxStorage":"3700","normalStorage":"95","surfaceArea":"18","drainageArea":"8","maxDischarge":"13576","spillwayTypeId":"Uncontrolled","spillwayWidth":"293","numberOfLocks":null,"lengthOfLocks":null,"widthOfLocks":null,"secondaryLengthOfLocks":null,"secondaryWidthOfLocks":null,"outletGateTypes":null,"dataUpdated":"2025-06-09","inspectionDate":"2024-10-16","inspectionFrequency":"2","publicHazardId":"High","conditionAssessId":"Fair","conditionAssessDate":"2024-11-07","eapId":"Yes","eapLastRevDate":"2025-01-30","websiteUrl":"https://damsafety.org/new-york","usaceDivision":"Great Lakes and Ohio River Division","usaceDistrict":"Pittsburgh District","operationalStatusId":null,"operationalStatusDate":null,"inundationNidAddedId":"No","huc2":"05","huc4":"0501","huc6":"050100","huc8":"05010002","zipcode":"14772","nation":"USA","stateKey":"NY","femaRegion":"2","femaCommunity":"Napoli town","aiannh":null,"hasDamPhotoId":"No","sectionSevenAuthorityId":"No"},"geometry":{"type":"Point","coordinates":[-78.9414088,42.2232759]}},
{"type":"Feature","properties":{"fid":85368,"name":"Conewango Creek Site 1 Dam","otherNames":"Davis Brook Dam","formerNames":null,"nidId":"NY00564","otherStructureId":null,"federalId":"NY00564","ownerNames":"CATTARAUGUS COUNTY;Cattaraugus County","ownerTypeIds":"Local Government","primaryOwnerTypeId":"Local Government","separateStructuresCount":"0","isAssociatedStructureId":"No","designerNames":"USDA NRCS","nonFederalDamOnFederalId":"No","primaryPurposeId":"Flood Risk Reduction","purposeIds":"Flood Risk Reduction","sourceAgency":"New York","stateFedId":"008-3805","latitude":"42.1632004","longitude":"-79.0546779","state":"New York","county":"Cattaraugus","countyState":"Cattaraugus, New York","city":"None","distance":null,"riverName":"Davis Brook","congDist":"Congressional District 23, New York","stateRegulatedId":"Yes","jurisdictionAuthorityId":"Yes","stateRegulatoryAgency":"Nys Dec","permittingAuthorityId":"Yes","inspectionAuthorityId":"Yes","enforcementAuthorityId":"Yes","fedRegulatedId":"No","fedOwnerIds":null,"fedFundingIds":"Natural Resources Conservation Service","fedDesignIds":"Natural Resources Conservation Service","fedConstructionIds":"Natural Resources Conservation Service","fedRegulatoryIds":null,"fedInspectionIds":"Natural Resources Conservation Service","fedOperationIds":null,"fedOtherIds":null,"secretaryAgricultureBuiltId":"Yes","nrcsWatershedAuthorizationId":"Watershed Protection and Flood Prevention Act of 1954 (Public Law 83-566)","primaryDamTypeId":"Earth","damTypeIds":"Earth","coreTypeIds":null,"foundationTypeIds":null,"damHeight":"48","hydraulicHeight":null,"structuralHeight":null,"nidHeight":"48","nidHeightId":"25-50 feet","damLength":"794","volume":null,"yearCompleted":"1969","yearCompletedId":"1960-1969","yearsModified":null,"nidStorage":"273","maxStorage":"273","normalStorage":"85","surfaceArea":"4","drainageArea":"1.6","maxDischarge":"7000","spillwayTypeId":"Uncontrolled","spillwayWidth":"215","numberOfLocks":null,"lengthOfLocks":null,"widthOfLocks":null,"secondaryLengthOfLocks":null,"secondaryWidthOfLocks":null,"outletGateTypes":null,"dataUpdated":"2025-06-09","inspectionDate":"2024-10-17","inspectionFrequency":"2","publicHazardId":"High","conditionAssessId":"Fair","conditionAssessDate":"2024-11-07","eapId":"Yes","eapLastRevDate":"2025-01-30","websiteUrl":"https://damsafety.org/new-york","usaceDivision":"Great Lakes and Ohio River Division","usaceDistrict":"Pittsburgh District","operationalStatusId":null,"operationalStatusDate":null,"inundationNidAddedId":"No","huc2":"05","huc4":"0501","huc6":"050100","huc8":"05010002","zipcode":"14772","nation":"USA","stateKey":"NY","femaRegion":"2","femaCommunity":"Randolph town","aiannh":null,"hasDamPhotoId":"No","sectionSevenAuthorityId":"No"},"geometry":{"type":"Point","coordinates":[-79.0546779,42.1632004]}},
{"type":"Feature","properties":{"fid":85672,"name":"Conewango Creek Site 13 Dam","otherNames":null,"formerNames":null,"nidId":"NY00609","otherStructureId":null,"federalId":"NY00609","ownerNames":"CATTARAUGUS COUNTY;Cattaraugus County;NYS DEC  DIVISION OF FISH AND WILDLIFE","ownerTypeIds":"Local Government;State","primaryOwnerTypeId":"Local Government","separateStructuresCount":"0","isAssociatedStructureId":"No","designerNames":"USDA NRCS","nonFederalDamOnFederalId":"No","primaryPurposeId":"Flood Risk Reduction","purposeIds":"Flood Risk Reduction","sourceAgency":"New York","stateFedId":"013-3960","latitude":"42.3038888888888","longitude":"-78.9166666666666","state":"New York","county":"Cattaraugus","countyState":"Cattaraugus, New York","city":"Kendall Corners","distance":"2","riverName":"Conewango Creek","congDist":"Congressional District 23, New York","stateRegulatedId":"Yes","jurisdictionAuthorityId":"Yes","stateRegulatoryAgency":"Nys Dec","permittingAuthorityId":"Yes","inspectionAuthorityId":"Yes","enforcementAuthorityId":"Yes","fedRegulatedId":"No","fedOwnerIds":null,"fedFundingIds":"Natural Resources Conservation Service","fedDesignIds":"Natural Resources Conservation Service","fedConstructionIds":"Natural Resources Conservation Service","fedRegulatoryIds":null,"fedInspectionIds":"Natural Resources Conservation Service","fedOperationIds":null,"fedOtherIds":null,"secretaryAgricultureBuiltId":"Yes","nrcsWatershedAuthorizationId":"Watershed Protection and Flood Prevention Act of 1954 (Public Law 83-566)","primaryDamTypeId":"Earth","damTypeIds":"Earth","coreTypeIds":null,"foundationTypeIds":null,"damHeight":"39","hydraulicHeight":null,"structuralHeight":null,"nidHeight":"39","nidHeightId":"25-50 feet","damLength":"1400","volume":null,"yearCompleted":"1982","yearCompletedId":"1980-1989","yearsModified":null,"nidStorage":"1778","maxStorage":"1778","normalStorage":"321","surfaceArea":"50","drainageArea":"7","maxDischarge":"7591","spillwayTypeId":"Uncontrolled","spillwayWidth":"224","numberOfLocks":null,"lengthOfLocks":null,"widthOfLocks":null,"secondaryLengthOfLocks":null,"secondaryWidthOfLocks":null,"outletGateTypes":null,"dataUpdated":"2025-06-09","inspectionDate":"2024-10-17","inspectionFrequency":"4","publicHazardId":"Significant","conditionAssessId":"Not Rated","conditionAssessDate":null,"eapId":"Yes","eapLastRevDate":"2025-01-30","websiteUrl":"https://damsafety.org/new-york","usaceDivision":"Great Lakes and Ohio River Division","usaceDistrict":"Pittsburgh District","operationalStatusId":null,"operationalStatusDate":null,"inundationNidAddedId":"No","huc2":"05","huc4":"0501","huc6":"050100","huc8":"05010002","zipcode":"14719","nation":"USA","stateKey":"NY","femaRegion":"2","femaCommunity":"New Albion town","aiannh":null,"hasDamPhotoId":"No","sectionSevenAuthorityId":"No"},"geometry":{"type":"Point","coordinates":[-78.9166666666666,42.3038888888888]}},
{"type":"Feature","properties":{"fid":85718,"name":"Conewango Creek Site 9a Dam","otherNames":"Villenova Dam","formerNames":null,"nidId":"NY00596","otherStructureId":null,"federalId":"NY00596","ownerNames":"CHAUTAUQUA COUNTY;CONEWANGO WATERSHED COMMISSION","ownerTypeIds":"Local Government","primaryOwnerTypeId":"Local Government","separateStructuresCount":"0","isAssociatedStructureId":"No","designerNames":"USDA NRCS","nonFederalDamOnFederalId":"No","primaryPurposeId":"Flood Risk Reduction","purposeIds":"Flood Risk Reduction","sourceAgency":"New York","stateFedId":"007-3979","latitude":"42.3847222222222","longitude":"-79.1161111111111","state":"New York","county":"Chautauqua","countyState":"Chautauqua, New York","city":"Wrights Corners","distance":"1","riverName":"Tr-Conewango Creek","congDist":"Congressional District 23, New York","stateRegulatedId":"Yes","jurisdictionAuthorityId":"Yes","stateRegulatoryAgency":"Nys Dec","permittingAuthorityId":"Yes","inspectionAuthorityId":"Yes","enforcementAuthorityId":"Yes","fedRegulatedId":"No","fedOwnerIds":null,"fedFundingIds":"Natural Resources Conservation Service","fedDesignIds":"Natural Resources Conservation Service","fedConstructionIds":"Natural Resources Conservation Service","fedRegulatoryIds":null,"fedInspectionIds":"Natural Resources Conservation Service","fedOperationIds":null,"fedOtherIds":null,"secretaryAgricultureBuiltId":"Yes","nrcsWatershedAuthorizationId":"Watershed Protection and Flood Prevention Act of 1954 (Public Law 83-566)","primaryDamTypeId":"Earth","damTypeIds":"Earth","coreTypeIds":null,"foundationTypeIds":null,"damHeight":"43","hydraulicHeight":null,"structuralHeight":null,"nidHeight":"43","nidHeightId":"25-50 feet","damLength":"1590","volume":null,"yearCompleted":"1972","yearCompletedId":"1970-1979","yearsModified":null,"nidStorage":"964","maxStorage":"964","normalStorage":"41","surfaceArea":"9","drainageArea":"6","maxDischarge":"8200","spillwayTypeId":"Uncontrolled","spillwayWidth":"200","numberOfLocks":null,"lengthOfLocks":null,"widthOfLocks":null,"secondaryLengthOfLocks":null,"secondaryWidthOfLocks":null,"outletGateTypes":null,"dataUpdated":"2025-06-09","inspectionDate":"2024-10-17","inspectionFrequency":"2","publicHazardId":"High","conditionAssessId":"Fair","conditionAssessDate":"2024-11-07","eapId":"Yes","eapLastRevDate":"2024-02-16","websiteUrl":"https://damsafety.org/new-york","usaceDivision":"Great Lakes and Ohio River Division","usaceDistrict":"Buffalo District","operationalStatusId":null,"operationalStatusDate":null,"inundationNidAddedId":"No","huc2":"05","huc4":"0501","huc6":"050100","huc8":"05010002","zipcode":"14062","nation":"USA","stateKey":"NY","femaRegion":"2","femaCommunity":"Villenova town","aiannh":null,"hasDamPhotoId":"No","sectionSevenAuthorityId":"No"},"geometry":{"type":"Point","coordinates":[-79.116111111111096,42.384722222222202]}},
{"type":"Feature","properties":{"fid":87438,"name":"Conewango Creek Site 3 Dam","otherNames":"Baptist Camp Dam","formerNames":null,"nidId":"NY00601","otherStructureId":null,"federalId":"NY00601","ownerNames":"CONEWANGO WATERSHED COMMISSION;COUNTY OF CHAUTAUQUA","ownerTypeIds":"Local Government","primaryOwnerTypeId":"Local Government","separateStructuresCount":"0","isAssociatedStructureId":"No","designerNames":"USDA NRCS","nonFederalDamOnFederalId":"No","primaryPurposeId":"Flood Risk Reduction","purposeIds":"Flood Risk Reduction","sourceAgency":"New York","stateFedId":"007-3743","latitude":"42.2516666666666","longitude":"-79.1733333333333","state":"New York","county":"Chautauqua","countyState":"Chautauqua, New York","city":"Bates","distance":"1","riverName":"Tr-Clear Creek","congDist":"Congressional District 23, New York","stateRegulatedId":"Yes","jurisdictionAuthorityId":"Yes","stateRegulatoryAgency":"Nys Dec","permittingAuthorityId":"Yes","inspectionAuthorityId":"Yes","enforcementAuthorityId":"Yes","fedRegulatedId":"No","fedOwnerIds":null,"fedFundingIds":"Natural Resources Conservation Service","fedDesignIds":"Natural Resources Conservation Service","fedConstructionIds":"Natural Resources Conservation Service","fedRegulatoryIds":null,"fedInspectionIds":"Natural Resources Conservation Service","fedOperationIds":null,"fedOtherIds":null,"secretaryAgricultureBuiltId":"Yes","nrcsWatershedAuthorizationId":"Watershed Protection and Flood Prevention Act of 1954 (Public Law 83-566)","primaryDamTypeId":"Earth","damTypeIds":"Earth","coreTypeIds":null,"foundationTypeIds":null,"damHeight":"47","hydraulicHeight":null,"structuralHeight":null,"nidHeight":"47","nidHeightId":"25-50 feet","damLength":"510","volume":null,"yearCompleted":"1978","yearCompletedId":"1970-1979","yearsModified":null,"nidStorage":"389","maxStorage":"389","normalStorage":"148","surfaceArea":"5","drainageArea":"2.78","maxDischarge":"4550","spillwayTypeId":"Uncontrolled","spillwayWidth":"190","numberOfLocks":null,"lengthOfLocks":null,"widthOfLocks":null,"secondaryLengthOfLocks":null,"secondaryWidthOfLocks":null,"outletGateTypes":null,"dataUpdated":"2025-06-09","inspectionDate":"2022-10-17","inspectionFrequency":"4","publicHazardId":"Significant","conditionAssessId":"Poor","conditionAssessDate":"2019-03-21","eapId":"Yes","eapLastRevDate":"2022-09-13","websiteUrl":"https://damsafety.org/new-york","usaceDivision":"Great Lakes and Ohio River Division","usaceDistrict":"Buffalo District","operationalStatusId":null,"operationalStatusDate":null,"inundationNidAddedId":"No","huc2":"05","huc4":"0501","huc6":"050100","huc8":"05010002","zipcode":"14782","nation":"USA","stateKey":"NY","femaRegion":"2","femaCommunity":"Ellington town","aiannh":null,"hasDamPhotoId":"No","sectionSevenAuthorityId":"No"},"geometry":{"type":"Point","coordinates":[-79.173333333333304,42.251666666666601]}},
{"type":"Feature","properties":{"fid":92504,"name":"Kinzua Dam","otherNames":"Allegheny Reservoir","formerNames":null,"nidId":"PA00105","otherStructureId":null,"federalId":"PA00105","ownerNames":"USACE - Pittsburgh District","ownerTypeIds":"Federal","primaryOwnerTypeId":"Federal","separateStructuresCount":"0","isAssociatedStructureId":"No","designerNames":"CELRP","nonFederalDamOnFederalId":"No","primaryPurposeId":"Flood Risk Reduction","purposeIds":"Flood Risk Reduction;Other;Fish and Wildlife Pond;Recreation;Hydroelectric","sourceAgency":"US Army Corps of Engineers","stateFedId":"PA00105","latitude":"41.839319312","longitude":"-79.002990546","state":"Pennsylvania","county":"Warren","countyState":"Warren, Pennsylvania","city":"Warren","distance":"5","riverName":"Allegheny River","congDist":"Congressional District 15, Pennsylvania","stateRegulatedId":"No","jurisdictionAuthorityId":"No","stateRegulatoryAgency":null,"permittingAuthorityId":"No","inspectionAuthorityId":"No","enforcementAuthorityId":"No","fedRegulatedId":"Yes","fedOwnerIds":"US Army Corps of Engineers","fedFundingIds":"US Army Corps of Engineers","fedDesignIds":"US Army Corps of Engineers","fedConstructionIds":"US Army Corps of Engineers","fedRegulatoryIds":"US Army Corps of Engineers","fedInspectionIds":"US Army Corps of Engineers","fedOperationIds":"US Army Corps of Engineers","fedOtherIds":"US Army Corps of Engineers","secretaryAgricultureBuiltId":null,"nrcsWatershedAuthorizationId":null,"primaryDamTypeId":"Rockfill","damTypeIds":"Rockfill;Earth;Gravity","coreTypeIds":"Concrete","foundationTypeIds":"Rock;Soil","damHeight":null,"hydraulicHeight":"172","structuralHeight":"177","nidHeight":"177","nidHeightId":"Greater than 100 feet","damLength":"1916","volume":"3138000","yearCompleted":"1965","yearCompletedId":"1960-1969","yearsModified":null,"nidStorage":"1300000","maxStorage":"1300000","normalStorage":"573000","surfaceArea":"12080","drainageArea":"2180","maxDischarge":"144000","spillwayTypeId":"Controlled","spillwayWidth":"180","numberOfLocks":"0","lengthOfLocks":"0","widthOfLocks":"0","secondaryLengthOfLocks":null,"secondaryWidthOfLocks":null,"outletGateTypes":"Slide (sluice gate)14;Tainter (radial)4","dataUpdated":"2026-09-16","inspectionDate":"2023-06-15","inspectionFrequency":"5","publicHazardId":"High","conditionAssessId":"Not Available","conditionAssessDate":null,"eapId":"Yes","eapLastRevDate":"2017-05-05","websiteUrl":"https://www.usace.army.mil/Missions/Civil-Works/Dam-Safety-Program/Article/2870967/dam-safety-program/","usaceDivision":"Great Lakes and Ohio River Division","usaceDistrict":"Pittsburgh District","operationalStatusId":"Under Investigation, Planning, Permitting, or Design for Remediation","operationalStatusDate":"2025-11-20","inundationNidAddedId":"Yes","huc2":"05","huc4":"0501","huc6":"050100","huc8":"05010001","zipcode":"16365","nation":"USA","stateKey":"PA","femaRegion":"3","femaCommunity":"Glade township, Pennsylvania","aiannh":null,"hasDamPhotoId":"Yes","sectionSevenAuthorityId":"No"},"geometry":{"type":"Point","coordinates":[-79.002990546,41.839319312]}},
{"type":"Feature","properties":{"fid":59900,"name":"Bentley Wildlife Marsh Dam","otherNames":null,"formerNames":null,"nidId":"NY16042","otherStructureId":null,"federalId":"NY16042","ownerNames":"MARTYN Z. & JOAN M. BENTLEY","ownerTypeIds":"Private","primaryOwnerTypeId":"Private","separateStructuresCount":"0","isAssociatedStructureId":"No","designerNames":null,"nonFederalDamOnFederalId":"No","primaryPurposeId":"Fish and Wildlife Pond","purposeIds":"Fish and Wildlife Pond","sourceAgency":"New York","stateFedId":"019-5427","latitude":"42.36","longitude":"-78.5344444444444","state":"New York","county":"Cattaraugus","countyState":"Cattaraugus, New York","city":"Machias","distance":null,"riverName":"Bakerstand Creek","congDist":"Congressional District 23, New York","stateRegulatedId":"Yes","jurisdictionAuthorityId":"Yes","stateRegulatoryAgency":"Nys Dec","permittingAuthorityId":"Yes","inspectionAuthorityId":"Yes","enforcementAuthorityId":"Yes","fedRegulatedId":"No","fedOwnerIds":null,"fedFundingIds":null,"fedDesignIds":null,"fedConstructionIds":null,"fedRegulatoryIds":null,"fedInspectionIds":null,"fedOperationIds":null,"fedOtherIds":null,"secretaryAgricultureBuiltId":"No","nrcsWatershedAuthorizationId":"N/A","primaryDamTypeId":"Earth","damTypeIds":"Earth","coreTypeIds":null,"foundationTypeIds":null,"damHeight":"10","hydraulicHeight":null,"structuralHeight":null,"nidHeight":"10","nidHeightId":"Less than 25 feet","damLength":"1100","volume":null,"yearCompleted":"2001","yearCompletedId":"Since 2000","yearsModified":null,"nidStorage":"910","maxStorage":"910","normalStorage":"220","surfaceArea":"130","drainageArea":"5.15","maxDischarge":"388","spillwayTypeId":"Uncontrolled","spillwayWidth":"80","numberOfLocks":null,"lengthOfLocks":null,"widthOfLocks":null,"secondaryLengthOfLocks":null,"secondaryWidthOfLocks":null,"outletGateTypes":null,"dataUpdated":"2025-06-09","inspectionDate":"2001-06-14","inspectionFrequency":null,"publicHazardId":"Low","conditionAssessId":"Not Rated","conditionAssessDate":null,"eapId":"Not Required","eapLastRevDate":null,"websiteUrl":"https://damsafety.org/new-york","usaceDivision":"Great Lakes and Ohio River Division","usaceDistrict":"Pittsburgh District","operationalStatusId":null,"operationalStatusDate":null,"inundationNidAddedId":"No","huc2":"05","huc4":"0501","huc6":"050100","huc8":"05010001","zipcode":"14101","nation":"USA","stateKey":"NY","femaRegion":"2","femaCommunity":"Machias town","aiannh":null,"hasDamPhotoId":"No","sectionSevenAuthorityId":"No"},"geometry":{"type":"Point","coordinates":[-78.534444444444404,42.36]}},
{"type":"Feature","properties":{"fid":64126,"name":"Camp Lakeland Pond Dam","otherNames":null,"formerNames":null,"nidId":"NY00589","otherStructureId":null,"federalId":"NY00589","ownerNames":"THE WOODS AT BEAR CREEK, LLC","ownerTypeIds":"Private","primaryOwnerTypeId":"Private","separateStructuresCount":"0","isAssociatedStructureId":"No","designerNames":null,"nonFederalDamOnFederalId":"No","primaryPurposeId":"Recreation","purposeIds":"Recreation","sourceAgency":"New York","stateFedId":"019-3276","latitude":"42.36","longitude":"-78.5066666666666","state":"New York","county":"Cattaraugus","countyState":"Cattaraugus, New York","city":"Franklinville","distance":"4","riverName":"Tr-Bear Creek","congDist":"Congressional District 23, New York","stateRegulatedId":"Yes","jurisdictionAuthorityId":"Yes","stateRegulatoryAgency":"Nys Dec","permittingAuthorityId":"Yes","inspectionAuthorityId":"Yes","enforcementAuthorityId":"Yes","fedRegulatedId":"No","fedOwnerIds":null,"fedFundingIds":null,"fedDesignIds":null,"fedConstructionIds":null,"fedRegulatoryIds":null,"fedInspectionIds":null,"fedOperationIds":null,"fedOtherIds":null,"secretaryAgricultureBuiltId":"No","nrcsWatershedAuthorizationId":"N/A","primaryDamTypeId":"Earth","damTypeIds":"Earth","coreTypeIds":null,"foundationTypeIds":null,"damHeight":"47","hydraulicHeight":null,"structuralHeight":null,"nidHeight":"47","nidHeightId":"25-50 feet","damLength":"850","volume":null,"yearCompleted":"1964","yearCompletedId":"1960-1969","yearsModified":null,"nidStorage":"221","maxStorage":"221","normalStorage":"186","surfaceArea":"14","drainageArea":"0.5","maxDischarge":"180","spillwayTypeId":"Uncontrolled","spillwayWidth":"75","numberOfLocks":null,"lengthOfLocks":null,"widthOfLocks":null,"secondaryLengthOfLocks":null,"secondaryWidthOfLocks":null,"outletGateTypes":null,"dataUpdated":"2025-06-09","inspectionDate":"2011-10-06","inspectionFrequency":null,"publicHazardId":"Low","conditionAssessId":"Not Rated","conditionAssessDate":null,"eapId":"Not Required","eapLastRevDate":null,"websiteUrl":"https://damsafety.org/new-york","usaceDivision":"Great Lakes and Ohio River Division","usaceDistrict":"Pittsburgh District","operationalStatusId":null,"operationalStatusDate":null,"inundationNidAddedId":"No","huc2":"05","huc4":"0501","huc6":"050100","huc8":"05010001","zipcode":"14101","nation":"USA","stateKey":"NY","femaRegion":"2","femaCommunity":"Machias town","aiannh":null,"hasDamPhotoId":"No","sectionSevenAuthorityId":"No"},"geometry":{"type":"Point","coordinates":[-78.506666666666604,42.36]}},
{"type":"Feature","properties":{"fid":78040,"name":"Ischua Creek Watershed Dam #1","otherNames":null,"formerNames":null,"nidId":"NY00583","otherStructureId":null,"federalId":"NY00583","ownerNames":"CATTARAUGUS COUNTY;Cattaraugus County","ownerTypeIds":"Local Government","primaryOwnerTypeId":"Local Government","separateStructuresCount":"0","isAssociatedStructureId":"No","designerNames":"USDA NRCS","nonFederalDamOnFederalId":"No","primaryPurposeId":"Flood Risk Reduction","purposeIds":"Flood Risk Reduction","sourceAgency":"New York","stateFedId":"019-3241","latitude":"42.4136111111111","longitude":"-78.5055555555555","state":"New York","county":"Cattaraugus","countyState":"Cattaraugus, New York","city":"Machias","distance":null,"riverName":"Ischua Creek","congDist":"Congressional District 23, New York","stateRegulatedId":"Yes","jurisdictionAuthorityId":"Yes","stateRegulatoryAgency":"Nys Dec","permittingAuthorityId":"Yes","inspectionAuthorityId":"Yes","enforcementAuthorityId":"Yes","fedRegulatedId":"No","fedOwnerIds":null,"fedFundingIds":"Natural Resources Conservation Service","fedDesignIds":"Natural Resources Conservation Service","fedConstructionIds":"Natural Resources Conservation Service","fedRegulatoryIds":null,"fedInspectionIds":"Natural Resources Conservation Service","fedOperationIds":null,"fedOtherIds":null,"secretaryAgricultureBuiltId":"Yes","nrcsWatershedAuthorizationId":"Watershed Protection and Flood Prevention Act of 1954 (Public Law 83-566)","primaryDamTypeId":"Earth","damTypeIds":"Earth","coreTypeIds":null,"foundationTypeIds":null,"damHeight":"27","hydraulicHeight":null,"structuralHeight":null,"nidHeight":"27","nidHeightId":"25-50 feet","damLength":"490","volume":null,"yearCompleted":"1964","yearCompletedId":"1960-1969","yearsModified":null,"nidStorage":"3677","maxStorage":"3677","normalStorage":"50","surfaceArea":"167","drainageArea":"13.1","maxDischarge":"12814","spillwayTypeId":"Uncontrolled","spillwayWidth":"530","numberOfLocks":null,"lengthOfLocks":null,"widthOfLocks":null,"secondaryLengthOfLocks":null,"secondaryWidthOfLocks":null,"outletGateTypes":null,"dataUpdated":"2025-06-09","inspectionDate":"2024-10-16","inspectionFrequency":"2","publicHazardId":"High","conditionAssessId":"Fair","conditionAssessDate":"2024-11-07","eapId":"Yes","eapLastRevDate":"2025-01-30","websiteUrl":"https://damsafety.org/new-york","usaceDivision":"Great Lakes and Ohio River Division","usaceDistrict":"Pittsburgh District","operationalStatusId":null,"operationalStatusDate":null,"inundationNidAddedId":"No","huc2":"05","huc4":"0501","huc6":"050100","huc8":"05010001","zipcode":"14101","nation":"USA","stateKey":"NY","femaRegion":"2","femaCommunity":"Machias town","aiannh":null,"hasDamPhotoId":"No","sectionSevenAuthorityId":"No"},"geometry":{"type":"Point","coordinates":[-78.505555555555503,42.413611111111102]}},
{"type":"Feature","properties":{"fid":78434,"name":"Elk Lick Scout Reservation","otherNames":null,"formerNames":null,"nidId":"PA01715","otherStructureId":null,"federalId":"PA01715","ownerNames":"ALLEGHENY HIGHLANDS COUNCIL, BSA","ownerTypeIds":"Private","primaryOwnerTypeId":"Private","separateStructuresCount":"0","isAssociatedStructureId":"No","designerNames":null,"nonFederalDamOnFederalId":"No","primaryPurposeId":"Recreation","purposeIds":"Recreation","sourceAgency":"Pennsylvania","stateFedId":"D42-036","latitude":"41.84944444","longitude":"-78.49444444","state":"Pennsylvania","county":"McKean","countyState":"McKean, Pennsylvania","city":null,"distance":null,"riverName":"Tr South Branch Cole Creek","congDist":"Congressional District 15, Pennsylvania","stateRegulatedId":"Yes","jurisdictionAuthorityId":"Yes","stateRegulatoryAgency":"Pennsylvania Department of Environmental Protection","permittingAuthorityId":"Yes","inspectionAuthorityId":"Yes","enforcementAuthorityId":"Yes","fedRegulatedId":"No","fedOwnerIds":null,"fedFundingIds":null,"fedDesignIds":null,"fedConstructionIds":null,"fedRegulatoryIds":null,"fedInspectionIds":null,"fedOperationIds":null,"fedOtherIds":null,"secretaryAgricultureBuiltId":"No","nrcsWatershedAuthorizationId":"N/A","primaryDamTypeId":"Earth","damTypeIds":"Earth","coreTypeIds":"Unlisted/Unknown;Unlisted/Unknown","foundationTypeIds":"Unlisted/Unknown","damHeight":"13","hydraulicHeight":null,"structuralHeight":null,"nidHeight":"13","nidHeightId":"Less than 25 feet","damLength":"415","volume":null,"yearCompleted":null,"yearCompletedId":"Undetermined","yearsModified":null,"nidStorage":"18","maxStorage":"18","normalStorage":"13","surfaceArea":"1.84","drainageArea":"1.42","maxDischarge":null,"spillwayTypeId":"Uncontrolled","spillwayWidth":null,"numberOfLocks":null,"lengthOfLocks":null,"widthOfLocks":null,"secondaryLengthOfLocks":null,"secondaryWidthOfLocks":null,"outletGateTypes":null,"dataUpdated":"2021-04-09","inspectionDate":"2018-08-02","inspectionFrequency":"2","publicHazardId":"Significant","conditionAssessId":"Satisfactory","conditionAssessDate":null,"eapId":"Yes","eapLastRevDate":null,"websiteUrl":"https://damsafety.org/pennsylvania","usaceDivision":"Great Lakes and Ohio River Division","usaceDistrict":"Pittsburgh District","operationalStatusId":null,"operationalStatusDate":null,"inundationNidAddedId":"No","huc2":"05","huc4":"0501","huc6":"050100","huc8":"05010001","zipcode":"16749","nation":"USA","stateKey":"PA","femaRegion":"3","femaCommunity":"Keating township, Pennsylvania","aiannh":null,"hasDamPhotoId":"No","sectionSevenAuthorityId":"No"},"geometry":{"type":"Point","coordinates":[-78.49444444,41.84944444]}},
{"type":"Feature","properties":{"fid":50646,"name":"Vee Pond Dam","otherNames":null,"formerNames":null,"nidId":"NY01353","otherStructureId":null,"federalId":"NY01353","ownerNames":"MARY C SCHLOSSER","ownerTypeIds":"Private","primaryOwnerTypeId":"Private","separateStructuresCount":"0","isAssociatedStructureId":"No","designerNames":null,"nonFederalDamOnFederalId":"No","primaryPurposeId":"Other","purposeIds":"Other","sourceAgency":"New York","stateFedId":"026-1254","latitude":"42.1566666666666","longitude":"-78.4833333333333","state":"New York","county":"Cattaraugus","countyState":"Cattaraugus, New York","city":"Allegany","distance":"5","riverName":"Morgan Hollow Run","congDist":"Congressional District 23, New York","stateRegulatedId":"Yes","jurisdictionAuthorityId":"Yes","stateRegulatoryAgency":"Nys Dec","permittingAuthorityId":"Yes","inspectionAuthorityId":"Yes","enforcementAuthorityId":"Yes","fedRegulatedId":"No","fedOwnerIds":null,"fedFundingIds":null,"fedDesignIds":null,"fedConstructionIds":null,"fedRegulatoryIds":null,"fedInspectionIds":null,"fedOperationIds":null,"fedOtherIds":null,"secretaryAgricultureBuiltId":"No","nrcsWatershedAuthorizationId":"N/A","primaryDamTypeId":"Earth","damTypeIds":"Earth","coreTypeIds":null,"foundationTypeIds":null,"damHeight":"16","hydraulicHeight":null,"structuralHeight":null,"nidHeight":"16","nidHeightId":"Less than 25 feet","damLength":"245","volume":null,"yearCompleted":"1947","yearCompletedId":"1940-1949","yearsModified":null,"nidStorage":"50","maxStorage":"50","normalStorage":"50","surfaceArea":"10","drainageArea":"0.93","maxDischarge":"427","spillwayTypeId":"Uncontrolled","spillwayWidth":"30","numberOfLocks":null,"lengthOfLocks":null,"widthOfLocks":null,"secondaryLengthOfLocks":null,"secondaryWidthOfLocks":null,"outletGateTypes":null,"dataUpdated":"2025-06-09","inspectionDate":"2007-10-18","inspectionFrequency":null,"publicHazardId":"Low","conditionAssessId":"Not Rated","conditionAssessDate":null,"eapId":"Not Required","eapLastRevDate":null,"websiteUrl":"https://damsafety.org/new-york","usaceDivision":"Great Lakes and Ohio River Division","usaceDistrict":"Pittsburgh District","operationalStatusId":null,"operationalStatusDate":null,"inundationNidAddedId":"No","huc2":"05","huc4":"0501","huc6":"050100","huc8":"05010001","zipcode":"14706","nation":"USA","stateKey":"NY","femaRegion":"2","femaCommunity":"Allegany town","aiannh":null,"hasDamPhotoId":"No","sectionSevenAuthorityId":"No"},"geometry":{"type":"Point","coordinates":[-78.483333333333306,42.156666666666602]}},
{"type":"Feature","properties":{"fid":50503,"name":"Hamlin Lake Park","otherNames":null,"formerNames":null,"nidId":"PA01014","otherStructureId":null,"federalId":"PA01014","ownerNames":"BOROUGH OF SMETHPORT","ownerTypeIds":"Local Government","primaryOwnerTypeId":"Local Government","separateStructuresCount":"0","isAssociatedStructureId":"No","designerNames":null,"nonFederalDamOnFederalId":"No","primaryPurposeId":"Recreation","purposeIds":"Recreation","sourceAgency":"Pennsylvania","stateFedId":"D42-017","latitude":"41.80777778","longitude":"-78.4425","state":"Pennsylvania","county":"McKean","countyState":"McKean, Pennsylvania","city":null,"distance":null,"riverName":"Marvin Creek","congDist":"Congressional District 15, Pennsylvania","stateRegulatedId":"Yes","jurisdictionAuthorityId":"Yes","stateRegulatoryAgency":"Pennsylvania Department of Environmental Protection","permittingAuthorityId":"Yes","inspectionAuthorityId":"Yes","enforcementAuthorityId":"Yes","fedRegulatedId":"No","fedOwnerIds":null,"fedFundingIds":null,"fedDesignIds":null,"fedConstructionIds":null,"fedRegulatoryIds":null,"fedInspectionIds":null,"fedOperationIds":null,"fedOtherIds":null,"secretaryAgricultureBuiltId":"No","nrcsWatershedAuthorizationId":"N/A","primaryDamTypeId":"Earth","damTypeIds":"Earth","coreTypeIds":"Unlisted/Unknown;Unlisted/Unknown","foundationTypeIds":"Unlisted/Unknown","damHeight":"10","hydraulicHeight":null,"structuralHeight":null,"nidHeight":"10","nidHeightId":"Less than 25 feet","damLength":"653","volume":null,"yearCompleted":"1915","yearCompletedId":"1910-1919","yearsModified":null,"nidStorage":"144","maxStorage":"144","normalStorage":"74","surfaceArea":"27.6","drainageArea":"56.7","maxDischarge":null,"spillwayTypeId":null,"spillwayWidth":null,"numberOfLocks":null,"lengthOfLocks":null,"widthOfLocks":null,"secondaryLengthOfLocks":null,"secondaryWidthOfLocks":null,"outletGateTypes":null,"dataUpdated":"2021-04-09","inspectionDate":"2019-07-25","inspectionFrequency":"1","publicHazardId":"High","conditionAssessId":"Fair","conditionAssessDate":null,"eapId":"Yes","eapLastRevDate":null,"websiteUrl":"https://damsafety.org/pennsylvania","usaceDivision":"Great Lakes and Ohio River Division","usaceDistrict":"Pittsburgh District","operationalStatusId":null,"operationalStatusDate":null,"inundationNidAddedId":"No","huc2":"05","huc4":"0501","huc6":"050100","huc8":"05010001","zipcode":"16749","nation":"USA","stateKey":"PA","femaRegion":"3","femaCommunity":"Smethport borough, Pennsylvania","aiannh":null,"hasDamPhotoId":"No","sectionSevenAuthorityId":"No"},"geometry":{"type":"Point","coordinates":[-78.4425,41.80777778]}},
{"type":"Feature","properties":{"fid":77995,"name":"Ischua Creek Watershed Dam #2","otherNames":null,"formerNames":null,"nidId":"NY00560","otherStructureId":null,"federalId":"NY00560","ownerNames":"CATTARAUGUS COUNTY;Cattaraugus County","ownerTypeIds":"Local Government","primaryOwnerTypeId":"Local Government","separateStructuresCount":"0","isAssociatedStructureId":"No","designerNames":"USDA NRCS","nonFederalDamOnFederalId":"No","primaryPurposeId":"Flood Risk Reduction","purposeIds":"Flood Risk Reduction","sourceAgency":"New York","stateFedId":"025-2977","latitude":"42.3897222222222","longitude":"-78.4225","state":"New York","county":"Cattaraugus","countyState":"Cattaraugus, New York","city":"Franklinville","distance":"4","riverName":"Johnson Creek","congDist":"Congressional District 23, New York","stateRegulatedId":"Yes","jurisdictionAuthorityId":"Yes","stateRegulatoryAgency":"Nys Dec","permittingAuthorityId":"Yes","inspectionAuthorityId":"Yes","enforcementAuthorityId":"Yes","fedRegulatedId":"No","fedOwnerIds":null,"fedFundingIds":"Natural Resources Conservation Service","fedDesignIds":"Natural Resources Conservation Service","fedConstructionIds":"Natural Resources Conservation Service","fedRegulatoryIds":null,"fedInspectionIds":"Natural Resources Conservation Service","fedOperationIds":null,"fedOtherIds":null,"secretaryAgricultureBuiltId":"Yes","nrcsWatershedAuthorizationId":"Watershed Protection and Flood Prevention Act of 1954 (Public Law 83-566)","primaryDamTypeId":"Earth","damTypeIds":"Earth","coreTypeIds":null,"foundationTypeIds":null,"damHeight":"42","hydraulicHeight":null,"structuralHeight":null,"nidHeight":"42","nidHeightId":"25-50 feet","damLength":"1400","volume":null,"yearCompleted":"1961","yearCompletedId":"1960-1969","yearsModified":null,"nidStorage":"647","maxStorage":"647","normalStorage":"25","surfaceArea":"7","drainageArea":"2.8","maxDischarge":"6591","spillwayTypeId":"Uncontrolled","spillwayWidth":"160","numberOfLocks":null,"lengthOfLocks":null,"widthOfLocks":null,"secondaryLengthOfLocks":null,"secondaryWidthOfLocks":null,"outletGateTypes":null,"dataUpdated":"2025-06-09","inspectionDate":"2024-10-16","inspectionFrequency":"2","publicHazardId":"High","conditionAssessId":"Satisfactory","conditionAssessDate":"2024-11-07","eapId":"Yes","eapLastRevDate":"2025-01-30","websiteUrl":"https://damsafety.org/new-york","usaceDivision":"Great Lakes and Ohio River Division","usaceDistrict":"Pittsburgh District","operationalStatusId":null,"operationalStatusDate":null,"inundationNidAddedId":"No","huc2":"05","huc4":"0501","huc6":"050100","huc8":"05010001","zipcode":"14737","nation":"USA","stateKey":"NY","femaRegion":"2","femaCommunity":"Farmersville town","aiannh":null,"hasDamPhotoId":"No","sectionSevenAuthorityId":"No"},"geometry":{"type":"Point","coordinates":[-78.4225,42.389722222222197]}},
{"type":"Feature","properties":{"fid":75670,"name":"Harwood Lake Dam","otherNames":null,"formerNames":null,"nidId":"NY00627","otherStructureId":null,"federalId":"NY00627","ownerNames":"NYS DEC  DIVISION OF FISH AND WILDLIFE","ownerTypeIds":"State","primaryOwnerTypeId":"State","separateStructuresCount":"0","isAssociatedStructureId":"No","designerNames":"USDA NRCS","nonFederalDamOnFederalId":"No","primaryPurposeId":"Recreation","purposeIds":"Recreation","sourceAgency":"New York","stateFedId":"025-3145","latitude":"42.3820277777777","longitude":"-78.3835","state":"New York","county":"Cattaraugus","countyState":"Cattaraugus, New York","city":"Franklinville","distance":"5","riverName":"Tr-Ischua Creek","congDist":"Congressional District 23, New York","stateRegulatedId":"Yes","jurisdictionAuthorityId":"Yes","stateRegulatoryAgency":"Nys Dec","permittingAuthorityId":"Yes","inspectionAuthorityId":"Yes","enforcementAuthorityId":"Yes","fedRegulatedId":"No","fedOwnerIds":null,"fedFundingIds":"Natural Resources Conservation Service","fedDesignIds":"Natural Resources Conservation Service","fedConstructionIds":"Natural Resources Conservation Service","fedRegulatoryIds":null,"fedInspectionIds":"Natural Resources Conservation Service","fedOperationIds":null,"fedOtherIds":null,"secretaryAgricultureBuiltId":"Yes","nrcsWatershedAuthorizationId":"Watershed Protection and Flood Prevention Act of 1954 (Public Law 83-566)","primaryDamTypeId":"Earth","damTypeIds":"Earth","coreTypeIds":null,"foundationTypeIds":null,"damHeight":"22","hydraulicHeight":null,"structuralHeight":null,"nidHeight":"22","nidHeightId":"Less than 25 feet","damLength":"1070","volume":null,"yearCompleted":"1963","yearCompletedId":"1960-1969","yearsModified":null,"nidStorage":"350","maxStorage":"350","normalStorage":"200","surfaceArea":"35","drainageArea":null,"maxDischarge":"95","spillwayTypeId":"Uncontrolled","spillwayWidth":"110","numberOfLocks":null,"lengthOfLocks":null,"widthOfLocks":null,"secondaryLengthOfLocks":null,"secondaryWidthOfLocks":null,"outletGateTypes":null,"dataUpdated":"2026-06-30","inspectionDate":"2025-11-06","inspectionFrequency":"2","publicHazardId":"High","conditionAssessId":"Satisfactory","conditionAssessDate":"2025-11-19","eapId":"Yes","eapLastRevDate":"2024-05-21","websiteUrl":"https://damsafety.org/new-york","usaceDivision":"Great Lakes and Ohio River Division","usaceDistrict":"Pittsburgh District","operationalStatusId":null,"operationalStatusDate":null,"inundationNidAddedId":"No","huc2":"05","huc4":"0501","huc6":"050100","huc8":"05010001","zipcode":"14737","nation":"USA","stateKey":"NY","femaRegion":"2","femaCommunity":"Farmersville town","aiannh":null,"hasDamPhotoId":"No","sectionSevenAuthorityId":"No"},"geometry":{"type":"Point","coordinates":[-78.3835,42.382027777777701]}},
{"type":"Feature","properties":{"fid":69806,"name":"Cuba Lake Dam","otherNames":null,"formerNames":null,"nidId":"NY00455","otherStructureId":null,"federalId":"NY00455","ownerNames":"CUBA LAKE DISTRICT;New York State Office of General Services","ownerTypeIds":"Private;State","primaryOwnerTypeId":"Private","separateStructuresCount":"0","isAssociatedStructureId":"No","designerNames":null,"nonFederalDamOnFederalId":"No","primaryPurposeId":"Recreation","purposeIds":"Recreation","sourceAgency":"New York","stateFedId":"026-0385","latitude":"42.245","longitude":"-78.2761111111111","state":"New York","county":"Allegany","countyState":"Allegany, New York","city":"Cuba","distance":"1","riverName":"Oil Creek","congDist":"Congressional District 23, New York","stateRegulatedId":"Yes","jurisdictionAuthorityId":"Yes","stateRegulatoryAgency":"Nys Dec","permittingAuthorityId":"Yes","inspectionAuthorityId":"Yes","enforcementAuthorityId":"Yes","fedRegulatedId":"No","fedOwnerIds":null,"fedFundingIds":null,"fedDesignIds":null,"fedConstructionIds":null,"fedRegulatoryIds":null,"fedInspectionIds":null,"fedOperationIds":null,"fedOtherIds":null,"secretaryAgricultureBuiltId":"No","nrcsWatershedAuthorizationId":"N/A","primaryDamTypeId":"Earth","damTypeIds":"Earth","coreTypeIds":null,"foundationTypeIds":null,"damHeight":"55","hydraulicHeight":null,"structuralHeight":null,"nidHeight":"55","nidHeightId":"51-100 feet","damLength":"1750","volume":null,"yearCompleted":"1872","yearCompletedId":"Before 1900","yearsModified":null,"nidStorage":"16498","maxStorage":"16498","normalStorage":"8215","surfaceArea":"465","drainageArea":"25.3","maxDischarge":null,"spillwayTypeId":"Controlled","spillwayWidth":"102","numberOfLocks":null,"lengthOfLocks":null,"widthOfLocks":null,"secondaryLengthOfLocks":null,"secondaryWidthOfLocks":null,"outletGateTypes":null,"dataUpdated":"2025-06-09","inspectionDate":"2024-08-01","inspectionFrequency":"2","publicHazardId":"High","conditionAssessId":"Fair","conditionAssessDate":"2021-01-19","eapId":"Yes","eapLastRevDate":"2025-03-30","websiteUrl":"https://damsafety.org/new-york","usaceDivision":"Great Lakes and Ohio River Division","usaceDistrict":"Pittsburgh District","operationalStatusId":null,"operationalStatusDate":null,"inundationNidAddedId":"No","huc2":"05","huc4":"0501","huc6":"050100","huc8":"05010001","zipcode":"14727","nation":"USA","stateKey":"NY","femaRegion":"2","femaCommunity":"Cuba town","aiannh":null,"hasDamPhotoId":"No","sectionSevenAuthorityId":"No"},"geometry":{"type":"Point","coordinates":[-78.276111111111106,42.245]}},
{"type":"Feature","properties":{"fid":78582,"name":"Ischua Creek Watershed Dam #4","otherNames":null,"formerNames":null,"nidId":"NY00626","otherStructureId":null,"federalId":"NY00626","ownerNames":"CATTARAUGUS COUNTY;Cattaraugus County","ownerTypeIds":"Local Government","primaryOwnerTypeId":"Local Government","separateStructuresCount":"0","isAssociatedStructureId":"No","designerNames":"USDA NRCS","nonFederalDamOnFederalId":"No","primaryPurposeId":"Flood Risk Reduction","purposeIds":"Flood Risk Reduction","sourceAgency":"New York","stateFedId":"025-3060","latitude":"42.3452777777777","longitude":"-78.435","state":"New York","county":"Cattaraugus","countyState":"Cattaraugus, New York","city":"Franklinville","distance":"1","riverName":"Saunders Creek","congDist":"Congressional District 23, New York","stateRegulatedId":"Yes","jurisdictionAuthorityId":"Yes","stateRegulatoryAgency":"Nys Dec","permittingAuthorityId":"Yes","inspectionAuthorityId":"Yes","enforcementAuthorityId":"Yes","fedRegulatedId":"No","fedOwnerIds":null,"fedFundingIds":"Natural Resources Conservation Service","fedDesignIds":"Natural Resources Conservation Service","fedConstructionIds":"Natural Resources Conservation Service","fedRegulatoryIds":null,"fedInspectionIds":"Natural Resources Conservation Service","fedOperationIds":null,"fedOtherIds":null,"secretaryAgricultureBuiltId":"Yes","nrcsWatershedAuthorizationId":"Watershed Protection and Flood Prevention Act of 1954 (Public Law 83-566)","primaryDamTypeId":"Earth","damTypeIds":"Earth","coreTypeIds":null,"foundationTypeIds":null,"damHeight":"51","hydraulicHeight":null,"structuralHeight":null,"nidHeight":"51","nidHeightId":"51-100 feet","damLength":"900","volume":null,"yearCompleted":"1961","yearCompletedId":"1960-1969","yearsModified":null,"nidStorage":"1011","maxStorage":"1011","normalStorage":"302","surfaceArea":"26","drainageArea":"4.1","maxDischarge":"8650","spillwayTypeId":"Uncontrolled","spillwayWidth":"309","numberOfLocks":null,"lengthOfLocks":null,"widthOfLocks":null,"secondaryLengthOfLocks":null,"secondaryWidthOfLocks":null,"outletGateTypes":null,"dataUpdated":"2025-06-09","inspectionDate":"2024-10-16","inspectionFrequency":"2","publicHazardId":"High","conditionAssessId":"Fair","conditionAssessDate":"2024-11-07","eapId":"Yes","eapLastRevDate":"2025-01-30","websiteUrl":"https://damsafety.org/new-york","usaceDivision":"Great Lakes and Ohio River Division","usaceDistrict":"Pittsburgh District","operationalStatusId":null,"operationalStatusDate":null,"inundationNidAddedId":"No","huc2":"05","huc4":"0501","huc6":"050100","huc8":"05010001","zipcode":"14737","nation":"USA","stateKey":"NY","femaRegion":"2","femaCommunity":"Franklinville town","aiannh":null,"hasDamPhotoId":"No","sectionSevenAuthorityId":"No"},"geometry":{"type":"Point","coordinates":[-78.435,42.345277777777703]}},
{"type":"Feature","properties":{"fid":81525,"name":"Ischua Creek Watershed Dam #5","otherNames":null,"formerNames":null,"nidId":"NY00565","otherStructureId":null,"federalId":"NY00565","ownerNames":"CATTARAUGUS COUNTY;Cattaraugus County","ownerTypeIds":"Local Government","primaryOwnerTypeId":"Local Government","separateStructuresCount":"0","isAssociatedStructureId":"No","designerNames":"USDA NRCS","nonFederalDamOnFederalId":"No","primaryPurposeId":"Flood Risk Reduction","purposeIds":"Flood Risk Reduction","sourceAgency":"New York","stateFedId":"025-2980","latitude":"42.3130555555555","longitude":"-78.4011111111111","state":"New York","county":"Cattaraugus","countyState":"Cattaraugus, New York","city":"Franklinville","distance":"4","riverName":"Tr-Gates Creek","congDist":"Congressional District 23, New York","stateRegulatedId":"Yes","jurisdictionAuthorityId":"Yes","stateRegulatoryAgency":"Nys Dec","permittingAuthorityId":"Yes","inspectionAuthorityId":"Yes","enforcementAuthorityId":"Yes","fedRegulatedId":"No","fedOwnerIds":null,"fedFundingIds":"Natural Resources Conservation Service","fedDesignIds":"Natural Resources Conservation Service","fedConstructionIds":"Natural Resources Conservation Service","fedRegulatoryIds":null,"fedInspectionIds":"Natural Resources Conservation Service","fedOperationIds":null,"fedOtherIds":null,"secretaryAgricultureBuiltId":"Yes","nrcsWatershedAuthorizationId":"Watershed Protection and Flood Prevention Act of 1954 (Public Law 83-566)","primaryDamTypeId":"Earth","damTypeIds":"Earth","coreTypeIds":null,"foundationTypeIds":null,"damHeight":"54","hydraulicHeight":null,"structuralHeight":null,"nidHeight":"54","nidHeightId":"51-100 feet","damLength":"1693","volume":null,"yearCompleted":"1961","yearCompletedId":"1960-1969","yearsModified":null,"nidStorage":"1643","maxStorage":"1643","normalStorage":"45","surfaceArea":"9","drainageArea":"6.4","maxDischarge":"22137","spillwayTypeId":"Uncontrolled","spillwayWidth":"376","numberOfLocks":null,"lengthOfLocks":null,"widthOfLocks":null,"secondaryLengthOfLocks":null,"secondaryWidthOfLocks":null,"outletGateTypes":null,"dataUpdated":"2025-06-09","inspectionDate":"2024-10-16","inspectionFrequency":"2","publicHazardId":"High","conditionAssessId":"Fair","conditionAssessDate":"2024-11-07","eapId":"Yes","eapLastRevDate":"2024-01-11","websiteUrl":"https://damsafety.org/new-york","usaceDivision":"Great Lakes and Ohio River Division","usaceDistrict":"Pittsburgh District","operationalStatusId":null,"operationalStatusDate":null,"inundationNidAddedId":"No","huc2":"05","huc4":"0501","huc6":"050100","huc8":"05010001","zipcode":"14737","nation":"USA","stateKey":"NY","femaRegion":"2","femaCommunity":"Lyndon town","aiannh":null,"hasDamPhotoId":"No","sectionSevenAuthorityId":"No"},"geometry":{"type":"Point","coordinates":[-78.401111111111106,42.313055555555501]}},
{"type":"Feature","properties":{"fid":84575,"name":"Ischua Creek Watershed Dam #6a","otherNames":"Case Lake","formerNames":null,"nidId":"NY00571","otherStructureId":null,"federalId":"NY00571","ownerNames":"CATTARAUGUS COUNTY;Cattaraugus County","ownerTypeIds":"Local Government","primaryOwnerTypeId":"Local Government","separateStructuresCount":"0","isAssociatedStructureId":"No","designerNames":"USDA NRCS","nonFederalDamOnFederalId":"No","primaryPurposeId":"Recreation","purposeIds":"Recreation;Flood Risk Reduction","sourceAgency":"New York","stateFedId":"025-3399","latitude":"42.3261111111111","longitude":"-78.4427777777777","state":"New York","county":"Cattaraugus","countyState":"Cattaraugus, New York","city":"Franklinville","distance":"1","riverName":"Gates Creek","congDist":"Congressional District 23, New York","stateRegulatedId":"Yes","jurisdictionAuthorityId":"Yes","stateRegulatoryAgency":"Nys Dec","permittingAuthorityId":"Yes","inspectionAuthorityId":"Yes","enforcementAuthorityId":"Yes","fedRegulatedId":"No","fedOwnerIds":null,"fedFundingIds":"Natural Resources Conservation Service","fedDesignIds":"Natural Resources Conservation Service","fedConstructionIds":"Natural Resources Conservation Service","fedRegulatoryIds":null,"fedInspectionIds":"Natural Resources Conservation Service","fedOperationIds":null,"fedOtherIds":null,"secretaryAgricultureBuiltId":"Yes","nrcsWatershedAuthorizationId":"Watershed Protection and Flood Prevention Act of 1954 (Public Law 83-566)","primaryDamTypeId":"Earth","damTypeIds":"Earth","coreTypeIds":null,"foundationTypeIds":null,"damHeight":"63","hydraulicHeight":null,"structuralHeight":null,"nidHeight":"63","nidHeightId":"51-100 feet","damLength":"1043","volume":null,"yearCompleted":"1971","yearCompletedId":"1970-1979","yearsModified":null,"nidStorage":"3890","maxStorage":"3890","normalStorage":"1110","surfaceArea":"80","drainageArea":"19","maxDischarge":"35800","spillwayTypeId":"Uncontrolled","spillwayWidth":"488","numberOfLocks":null,"lengthOfLocks":null,"widthOfLocks":null,"secondaryLengthOfLocks":null,"secondaryWidthOfLocks":null,"outletGateTypes":null,"dataUpdated":"2025-06-09","inspectionDate":"2024-10-16","inspectionFrequency":"2","publicHazardId":"High","conditionAssessId":"Fair","conditionAssessDate":"2024-11-07","eapId":"Yes","eapLastRevDate":"2025-01-30","websiteUrl":"https://damsafety.org/new-york","usaceDivision":"Great Lakes and Ohio River Division","usaceDistrict":"Pittsburgh District","operationalStatusId":null,"operationalStatusDate":null,"inundationNidAddedId":"No","huc2":"05","huc4":"0501","huc6":"050100","huc8":"05010001","zipcode":"14737","nation":"USA","stateKey":"NY","femaRegion":"2","femaCommunity":"Franklinville town","aiannh":null,"hasDamPhotoId":"No","sectionSevenAuthorityId":"No"},"geometry":{"type":"Point","coordinates":[-78.442777777777707,42.326111111111103]}},
{"type":"Feature","properties":{"fid":87078,"name":"Ischua Creek Watershed Dam #3","otherNames":"Kingsbury Hill Dam","formerNames":null,"nidId":"NY00551","otherStructureId":null,"federalId":"NY00551","ownerNames":"CATTARAUGUS COUNTY;Cattaraugus County","ownerTypeIds":"Local Government","primaryOwnerTypeId":"Local Government","separateStructuresCount":"0","isAssociatedStructureId":"No","designerNames":"USDA NRCS","nonFederalDamOnFederalId":"No","primaryPurposeId":"Flood Risk Reduction","purposeIds":"Flood Risk Reduction","sourceAgency":"New York","stateFedId":"025-3442","latitude":"42.3694444444444","longitude":"-78.4369444444444","state":"New York","county":"Cattaraugus","countyState":"Cattaraugus, New York","city":"Franklinville","distance":"3","riverName":"Tr-Ischua Creek","congDist":"Congressional District 23, New York","stateRegulatedId":"Yes","jurisdictionAuthorityId":"Yes","stateRegulatoryAgency":"Nys Dec","permittingAuthorityId":"Yes","inspectionAuthorityId":"Yes","enforcementAuthorityId":"Yes","fedRegulatedId":"No","fedOwnerIds":null,"fedFundingIds":"Natural Resources Conservation Service","fedDesignIds":"Natural Resources Conservation Service","fedConstructionIds":"Natural Resources Conservation Service","fedRegulatoryIds":null,"fedInspectionIds":"Natural Resources Conservation Service","fedOperationIds":null,"fedOtherIds":null,"secretaryAgricultureBuiltId":"Yes","nrcsWatershedAuthorizationId":"Watershed Protection and Flood Prevention Act of 1954 (Public Law 83-566)","primaryDamTypeId":"Earth","damTypeIds":"Earth","coreTypeIds":null,"foundationTypeIds":null,"damHeight":"38","hydraulicHeight":null,"structuralHeight":null,"nidHeight":"38","nidHeightId":"25-50 feet","damLength":"1220","volume":null,"yearCompleted":"1966","yearCompletedId":"1960-1969","yearsModified":null,"nidStorage":"646","maxStorage":"646","normalStorage":"38","surfaceArea":"11","drainageArea":"3.7","maxDischarge":"4025","spillwayTypeId":"Uncontrolled","spillwayWidth":"330","numberOfLocks":null,"lengthOfLocks":null,"widthOfLocks":null,"secondaryLengthOfLocks":null,"secondaryWidthOfLocks":null,"outletGateTypes":null,"dataUpdated":"2025-06-09","inspectionDate":"2022-10-18","inspectionFrequency":"4","publicHazardId":"Significant","conditionAssessId":"Satisfactory","conditionAssessDate":"2018-08-03","eapId":"Yes","eapLastRevDate":"2025-01-30","websiteUrl":"https://damsafety.org/new-york","usaceDivision":"Great Lakes and Ohio River Division","usaceDistrict":"Pittsburgh District","operationalStatusId":null,"operationalStatusDate":null,"inundationNidAddedId":"No","huc2":"05","huc4":"0501","huc6":"050100","huc8":"05010001","zipcode":"14737","nation":"USA","stateKey":"NY","femaRegion":"2","femaCommunity":"Farmersville town","aiannh":null,"hasDamPhotoId":"No","sectionSevenAuthorityId":"No"},"geometry":{"type":"Point","coordinates":[-78.436944444444407,42.369444444444397]}},
{"type":"Feature","properties":{"fid":88526,"name":"Cuba Lake Outlet Spillway Dam","otherNames":null,"formerNames":null,"nidId":"NY00456","otherStructureId":null,"federalId":"NY00456","ownerNames":"CUBA LAKE DISTRICT;New York State Office of General Services;Seneca Nation of Indians","ownerTypeIds":"Private;State;Tribal Government","primaryOwnerTypeId":"Private","separateStructuresCount":"0","isAssociatedStructureId":"No","designerNames":null,"nonFederalDamOnFederalId":"No","primaryPurposeId":"Recreation","purposeIds":"Recreation","sourceAgency":"New York","stateFedId":"026-0371","latitude":"42.2366666666666","longitude":"-78.3075","state":"New York","county":"Allegany","countyState":"Allegany, New York","city":"Maplehurst","distance":"1","riverName":"Cuba Lake Outlet","congDist":"Congressional District 23, New York","stateRegulatedId":"Yes","jurisdictionAuthorityId":"Yes","stateRegulatoryAgency":"Nys Dec","permittingAuthorityId":"Yes","inspectionAuthorityId":"Yes","enforcementAuthorityId":"Yes","fedRegulatedId":"No","fedOwnerIds":null,"fedFundingIds":null,"fedDesignIds":null,"fedConstructionIds":null,"fedRegulatoryIds":null,"fedInspectionIds":null,"fedOperationIds":null,"fedOtherIds":null,"secretaryAgricultureBuiltId":"No","nrcsWatershedAuthorizationId":"N/A","primaryDamTypeId":"Concrete","damTypeIds":"Concrete","coreTypeIds":null,"foundationTypeIds":null,"damHeight":"9","hydraulicHeight":null,"structuralHeight":null,"nidHeight":"9","nidHeightId":"Less than 25 feet","damLength":"136","volume":null,"yearCompleted":"1919","yearCompletedId":"1910-1919","yearsModified":null,"nidStorage":"16498","maxStorage":"16498","normalStorage":"8215","surfaceArea":"465","drainageArea":"25.3","maxDischarge":"800","spillwayTypeId":"Controlled","spillwayWidth":"102","numberOfLocks":null,"lengthOfLocks":null,"widthOfLocks":null,"secondaryLengthOfLocks":null,"secondaryWidthOfLocks":null,"outletGateTypes":null,"dataUpdated":"2025-06-09","inspectionDate":"2022-06-02","inspectionFrequency":"4","publicHazardId":"Significant","conditionAssessId":"Not Rated","conditionAssessDate":null,"eapId":"Yes","eapLastRevDate":"2025-03-30","websiteUrl":"https://damsafety.org/new-york","usaceDivision":"Great Lakes and Ohio River Division","usaceDistrict":"Pittsburgh District","operationalStatusId":null,"operationalStatusDate":null,"inundationNidAddedId":"No","huc2":"05","huc4":"0501","huc6":"050100","huc8":"05010001","zipcode":"14727","nation":"USA","stateKey":"NY","femaRegion":"2","femaCommunity":"Oil Springs Reservation","aiannh":"Oil Springs Reservation","hasDamPhotoId":"No","sectionSevenAuthorityId":"No"},"geometry":{"type":"Point","coordinates":[-78.3075,42.236666666666601]}}
]
}
