{
    "type": "FeatureCollection",
    "features": [
        {
            "type": "Feature",
            "geometry": {
                "type": "Point",
                "coordinates": [
                    -103.9844,
                    44.4657
                ]
            },
            "properties": {
                "id": "247",
                "storm_start_date": "2015-08-16T00:00:00Z",
                "aorc:statistics": {
                    "min": 0.28,
                    "mean": 1.47,
                    "max": 2.92,
                    "units": "inches"
                },
                "season": "Summer"
            }
        },
        {
            "type": "Feature",
            "geometry": {
                "type": "Point",
                "coordinates": [
                    -107.1342,
                    44.3074
                ]
            },
            "properties": {
                "id": "240",
                "storm_start_date": "2011-10-06T00:00:00Z",
                "aorc:statistics": {
                    "min": 0.24,
                    "mean": 1.49,
                    "max": 4.58,
                    "units": "inches"
                },
                "season": "Autumn"
            }
        },
        {
            "type": "Feature",
            "geometry": {
                "type": "Point",
                "coordinates": [
                    -113.434,
                    48.4489
                ]
            },
            "properties": {
                "id": "30",
                "storm_start_date": "1995-06-05T00:00:00Z",
                "aorc:statistics": {
                    "min": 0.5,
                    "mean": 2.59,
                    "max": 10.96,
                    "units": "inches"
                },
                "season": "Summer"
            }
        },
        {
            "type": "Feature",
            "geometry": {
                "type": "Point",
                "coordinates": [
                    -113.8006,
                    48.3822
                ]
            },
            "properties": {
                "id": "446",
                "storm_start_date": "1981-06-12T00:00:00Z",
                "aorc:statistics": {
                    "min": 0.28,
                    "mean": 1.13,
                    "max": 3.59,
                    "units": "inches"
                },
                "season": "Summer"
            }
        },
        {
            "type": "Feature",
            "geometry": {
                "type": "Point",
                "coordinates": [
                    -111.4341,
                    44.974
                ]
            },
            "properties": {
                "id": "145",
                "storm_start_date": "1991-05-09T00:00:00Z",
                "aorc:statistics": {
                    "min": 0.02,
                    "mean": 1.71,
                    "max": 7.87,
                    "units": "inches"
                },
                "season": "Spring"
            }
        },
        {
            "type": "Feature",
            "geometry": {
                "type": "Point",
                "coordinates": [
                    -101.2178,
                    40.8575
                ]
            },
            "properties": {
                "id": "370",
                "storm_start_date": "2010-07-05T00:00:00Z",
                "aorc:statistics": {
                    "min": 0.11,
                    "mean": 1.23,
                    "max": 3.55,
                    "units": "inches"
                },
                "season": "Summer"
            }
        },
        {
            "type": "Feature",
            "geometry": {
                "type": "Point",
                "coordinates": [
                    -113.9423,
                    47.1322
                ]
            },
            "properties": {
                "id": "307",
                "storm_start_date": "2014-11-25T00:00:00Z",
                "aorc:statistics": {
                    "min": 0.12,
                    "mean": 1.32,
                    "max": 9.72,
                    "units": "inches"
                },
                "season": "Autumn"
            }
        },
        {
            "type": "Feature",
            "geometry": {
                "type": "Point",
                "coordinates": [
                    -105.8176,
                    42.4324
                ]
            },
            "properties": {
                "id": "47",
                "storm_start_date": "1991-05-14T00:00:00Z",
                "aorc:statistics": {
                    "min": 0.73,
                    "mean": 2.35,
                    "max": 6.04,
                    "units": "inches"
                },
                "season": "Spring"
            }
        },
        {
            "type": "Feature",
            "geometry": {
                "type": "Point",
                "coordinates": [
                    -105.6926,
                    40.2825
                ]
            },
            "properties": {
                "id": "38",
                "storm_start_date": "2003-03-17T00:00:00Z",
                "aorc:statistics": {
                    "min": 0.0,
                    "mean": 2.45,
                    "max": 11.74,
                    "units": "inches"
                },
                "season": "Spring"
            }
        },
        {
            "type": "Feature",
            "geometry": {
                "type": "Point",
                "coordinates": [
                    -107.2592,
                    42.2741
                ]
            },
            "properties": {
                "id": "438",
                "storm_start_date": "2024-10-28T00:00:00Z",
                "aorc:statistics": {
                    "min": 0.25,
                    "mean": 1.14,
                    "max": 2.54,
                    "units": "inches"
                },
                "season": "Autumn"
            }
        },
        {
            "type": "Feature",
            "geometry": {
                "type": "Point",
                "coordinates": [
                    -101.3845,
                    46.0073
                ]
            },
            "properties": {
                "id": "34",
                "storm_start_date": "2025-05-14T00:00:00Z",
                "aorc:statistics": {
                    "min": 0.22,
                    "mean": 2.51,
                    "max": 7.33,
                    "units": "inches"
                },
                "season": "Spring"
            }
        },
        {
            "type": "Feature",
            "geometry": {
                "type": "Point",
                "coordinates": [
                    -105.3677,
                    39.9075
                ]
            },
            "properties": {
                "id": "177",
                "storm_start_date": "2024-03-13T00:00:00Z",
                "aorc:statistics": {
                    "min": 0.09,
                    "mean": 1.62,
                    "max": 4.54,
                    "units": "inches"
                },
                "season": "Spring"
            }
        },
        {
            "type": "Feature",
            "geometry": {
                "type": "Point",
                "coordinates": [
                    -105.8093,
                    42.5658
                ]
            },
            "properties": {
                "id": "306",
                "storm_start_date": "1986-10-01T00:00:00Z",
                "aorc:statistics": {
                    "min": 0.62,
                    "mean": 1.33,
                    "max": 2.65,
                    "units": "inches"
                },
                "season": "Autumn"
            }
        },
        {
            "type": "Feature",
            "geometry": {
                "type": "Point",
                "coordinates": [
                    -110.9424,
                    45.7906
                ]
            },
            "properties": {
                "id": "383",
                "storm_start_date": "1987-08-23T00:00:00Z",
                "aorc:statistics": {
                    "min": 0.16,
                    "mean": 1.21,
                    "max": 3.4,
                    "units": "inches"
                },
                "season": "Summer"
            }
        },
        {
            "type": "Feature",
            "geometry": {
                "type": "Point",
                "coordinates": [
                    -107.2009,
                    45.3823
                ]
            },
            "properties": {
                "id": "409",
                "storm_start_date": "2019-07-14T00:00:00Z",
                "aorc:statistics": {
                    "min": 0.07,
                    "mean": 1.17,
                    "max": 2.86,
                    "units": "inches"
                },
                "season": "Summer"
            }
        },
        {
            "type": "Feature",
            "geometry": {
                "type": "Point",
                "coordinates": [
                    -113.059,
                    47.7906
                ]
            },
            "properties": {
                "id": "399",
                "storm_start_date": "1986-08-29T00:00:00Z",
                "aorc:statistics": {
                    "min": 0.12,
                    "mean": 1.19,
                    "max": 3.65,
                    "units": "inches"
                },
                "season": "Summer"
            }
        },
        {
            "type": "Feature",
            "geometry": {
                "type": "Point",
                "coordinates": [
                    -102.0928,
                    39.6575
                ]
            },
            "properties": {
                "id": "137",
                "storm_start_date": "2008-08-07T00:00:00Z",
                "aorc:statistics": {
                    "min": 0.0,
                    "mean": 1.75,
                    "max": 6.08,
                    "units": "inches"
                },
                "season": "Summer"
            }
        },
        {
            "type": "Feature",
            "geometry": {
                "type": "Point",
                "coordinates": [
                    -113.0173,
                    48.3405
                ]
            },
            "properties": {
                "id": "144",
                "storm_start_date": "2023-06-08T00:00:00Z",
                "aorc:statistics": {
                    "min": 0.32,
                    "mean": 1.72,
                    "max": 4.94,
                    "units": "inches"
                },
                "season": "Summer"
            }
        },
        {
            "type": "Feature",
            "geometry": {
                "type": "Point",
                "coordinates": [
                    -101.3261,
                    39.1576
                ]
            },
            "properties": {
                "id": "419",
                "storm_start_date": "1987-07-02T00:00:00Z",
                "aorc:statistics": {
                    "min": 0.0,
                    "mean": 1.16,
                    "max": 3.14,
                    "units": "inches"
                },
                "season": "Summer"
            }
        },
        {
            "type": "Feature",
            "geometry": {
                "type": "Point",
                "coordinates": [
                    -104.4427,
                    39.6075
                ]
            },
            "properties": {
                "id": "2",
                "storm_start_date": "2023-05-10T00:00:00Z",
                "aorc:statistics": {
                    "min": 1.19,
                    "mean": 3.65,
                    "max": 8.08,
                    "units": "inches"
                },
                "season": "Spring"
            }
        },
        {
            "type": "Feature",
            "geometry": {
                "type": "Point",
                "coordinates": [
                    -113.9423,
                    47.1322
                ]
            },
            "properties": {
                "id": "27",
                "storm_start_date": "2006-04-04T00:00:00Z",
                "aorc:statistics": {
                    "min": 0.0,
                    "mean": 2.62,
                    "max": 11.69,
                    "units": "inches"
                },
                "season": "Spring"
            }
        },
        {
            "type": "Feature",
            "geometry": {
                "type": "Point",
                "coordinates": [
                    -111.4091,
                    47.1072
                ]
            },
            "properties": {
                "id": "376",
                "storm_start_date": "2023-04-18T00:00:00Z",
                "aorc:statistics": {
                    "min": 0.04,
                    "mean": 1.22,
                    "max": 3.64,
                    "units": "inches"
                },
                "season": "Spring"
            }
        },
        {
            "type": "Feature",
            "geometry": {
                "type": "Point",
                "coordinates": [
                    -101.7095,
                    40.5158
                ]
            },
            "properties": {
                "id": "37",
                "storm_start_date": "2011-05-24T00:00:00Z",
                "aorc:statistics": {
                    "min": 0.26,
                    "mean": 2.5,
                    "max": 5.06,
                    "units": "inches"
                },
                "season": "Spring"
            }
        },
        {
            "type": "Feature",
            "geometry": {
                "type": "Point",
                "coordinates": [
                    -112.959,
                    48.0572
                ]
            },
            "properties": {
                "id": "15",
                "storm_start_date": "2002-06-08T00:00:00Z",
                "aorc:statistics": {
                    "min": 0.0,
                    "mean": 2.91,
                    "max": 9.75,
                    "units": "inches"
                },
                "season": "Summer"
            }
        },
        {
            "type": "Feature",
            "geometry": {
                "type": "Point",
                "coordinates": [
                    -104.026,
                    38.1826
                ]
            },
            "properties": {
                "id": "257",
                "storm_start_date": "2016-04-28T00:00:00Z",
                "aorc:statistics": {
                    "min": 0.52,
                    "mean": 1.44,
                    "max": 2.16,
                    "units": "inches"
                },
                "season": "Spring"
            }
        },
        {
            "type": "Feature",
            "geometry": {
                "type": "Point",
                "coordinates": [
                    -106.6843,
                    48.8072
                ]
            },
            "properties": {
                "id": "288",
                "storm_start_date": "1994-06-05T00:00:00Z",
                "aorc:statistics": {
                    "min": 0.22,
                    "mean": 1.37,
                    "max": 2.66,
                    "units": "inches"
                },
                "season": "Summer"
            }
        },
        {
            "type": "Feature",
            "geometry": {
                "type": "Point",
                "coordinates": [
                    -106.5593,
                    46.0323
                ]
            },
            "properties": {
                "id": "114",
                "storm_start_date": "2023-09-21T00:00:00Z",
                "aorc:statistics": {
                    "min": 0.46,
                    "mean": 1.86,
                    "max": 4.46,
                    "units": "inches"
                },
                "season": "Autumn"
            }
        },
        {
            "type": "Feature",
            "geometry": {
                "type": "Point",
                "coordinates": [
                    -107.1259,
                    44.3074
                ]
            },
            "properties": {
                "id": "220",
                "storm_start_date": "2011-05-29T00:00:00Z",
                "aorc:statistics": {
                    "min": 0.57,
                    "mean": 1.53,
                    "max": 3.42,
                    "units": "inches"
                },
                "season": "Spring"
            }
        },
        {
            "type": "Feature",
            "geometry": {
                "type": "Point",
                "coordinates": [
                    -102.6261,
                    44.9907
                ]
            },
            "properties": {
                "id": "389",
                "storm_start_date": "2004-07-03T00:00:00Z",
                "aorc:statistics": {
                    "min": 0.09,
                    "mean": 1.2,
                    "max": 3.67,
                    "units": "inches"
                },
                "season": "Summer"
            }
        },
        {
            "type": "Feature",
            "geometry": {
                "type": "Point",
                "coordinates": [
                    -107.0593,
                    47.9989
                ]
            },
            "properties": {
                "id": "33",
                "storm_start_date": "2016-05-09T00:00:00Z",
                "aorc:statistics": {
                    "min": 0.29,
                    "mean": 2.52,
                    "max": 4.85,
                    "units": "inches"
                },
                "season": "Spring"
            }
        },
        {
            "type": "Feature",
            "geometry": {
                "type": "Point",
                "coordinates": [
                    -106.6843,
                    41.0242
                ]
            },
            "properties": {
                "id": "416",
                "storm_start_date": "1993-11-12T00:00:00Z",
                "aorc:statistics": {
                    "min": 0.32,
                    "mean": 1.16,
                    "max": 7.09,
                    "units": "inches"
                },
                "season": "Autumn"
            }
        },
        {
            "type": "Feature",
            "geometry": {
                "type": "Point",
                "coordinates": [
                    -107.1426,
                    44.0907
                ]
            },
            "properties": {
                "id": "208",
                "storm_start_date": "2003-04-29T00:00:00Z",
                "aorc:statistics": {
                    "min": 0.0,
                    "mean": 1.56,
                    "max": 5.91,
                    "units": "inches"
                },
                "season": "Spring"
            }
        },
        {
            "type": "Feature",
            "geometry": {
                "type": "Point",
                "coordinates": [
                    -101.8011,
                    45.0407
                ]
            },
            "properties": {
                "id": "16",
                "storm_start_date": "2023-06-22T00:00:00Z",
                "aorc:statistics": {
                    "min": 0.62,
                    "mean": 2.88,
                    "max": 10.9,
                    "units": "inches"
                },
                "season": "Summer"
            }
        },
        {
            "type": "Feature",
            "geometry": {
                "type": "Point",
                "coordinates": [
                    -105.1177,
                    41.0825
                ]
            },
            "properties": {
                "id": "174",
                "storm_start_date": "2019-03-13T00:00:00Z",
                "aorc:statistics": {
                    "min": 0.41,
                    "mean": 1.62,
                    "max": 3.6,
                    "units": "inches"
                },
                "season": "Spring"
            }
        },
        {
            "type": "Feature",
            "geometry": {
                "type": "Point",
                "coordinates": [
                    -103.876,
                    37.8243
                ]
            },
            "properties": {
                "id": "392",
                "storm_start_date": "2023-07-19T00:00:00Z",
                "aorc:statistics": {
                    "min": 0.07,
                    "mean": 1.2,
                    "max": 3.43,
                    "units": "inches"
                },
                "season": "Summer"
            }
        },
        {
            "type": "Feature",
            "geometry": {
                "type": "Point",
                "coordinates": [
                    -100.8178,
                    40.2159
                ]
            },
            "properties": {
                "id": "219",
                "storm_start_date": "2009-05-24T00:00:00Z",
                "aorc:statistics": {
                    "min": 0.13,
                    "mean": 1.54,
                    "max": 5.86,
                    "units": "inches"
                },
                "season": "Spring"
            }
        },
        {
            "type": "Feature",
            "geometry": {
                "type": "Point",
                "coordinates": [
                    -101.6678,
                    44.5657
                ]
            },
            "properties": {
                "id": "391",
                "storm_start_date": "2001-07-24T00:00:00Z",
                "aorc:statistics": {
                    "min": 0.06,
                    "mean": 1.2,
                    "max": 3.46,
                    "units": "inches"
                },
                "season": "Summer"
            }
        },
        {
            "type": "Feature",
            "geometry": {
                "type": "Point",
                "coordinates": [
                    -100.8845,
                    40.2492
                ]
            },
            "properties": {
                "id": "129",
                "storm_start_date": "2009-10-21T00:00:00Z",
                "aorc:statistics": {
                    "min": 0.58,
                    "mean": 1.79,
                    "max": 3.39,
                    "units": "inches"
                },
                "season": "Autumn"
            }
        },
        {
            "type": "Feature",
            "geometry": {
                "type": "Point",
                "coordinates": [
                    -103.6677,
                    42.5991
                ]
            },
            "properties": {
                "id": "351",
                "storm_start_date": "2022-08-13T00:00:00Z",
                "aorc:statistics": {
                    "min": 0.04,
                    "mean": 1.26,
                    "max": 5.27,
                    "units": "inches"
                },
                "season": "Summer"
            }
        },
        {
            "type": "Feature",
            "geometry": {
                "type": "Point",
                "coordinates": [
                    -112.0674,
                    45.5573
                ]
            },
            "properties": {
                "id": "388",
                "storm_start_date": "1999-05-28T00:00:00Z",
                "aorc:statistics": {
                    "min": 0.17,
                    "mean": 1.2,
                    "max": 5.38,
                    "units": "inches"
                },
                "season": "Spring"
            }
        },
        {
            "type": "Feature",
            "geometry": {
                "type": "Point",
                "coordinates": [
                    -102.0761,
                    38.3576
                ]
            },
            "properties": {
                "id": "282",
                "storm_start_date": "2021-05-16T00:00:00Z",
                "aorc:statistics": {
                    "min": 0.12,
                    "mean": 1.38,
                    "max": 6.05,
                    "units": "inches"
                },
                "season": "Spring"
            }
        },
        {
            "type": "Feature",
            "geometry": {
                "type": "Point",
                "coordinates": [
                    -113.059,
                    47.8072
                ]
            },
            "properties": {
                "id": "308",
                "storm_start_date": "1995-09-07T00:00:00Z",
                "aorc:statistics": {
                    "min": 0.04,
                    "mean": 1.32,
                    "max": 4.91,
                    "units": "inches"
                },
                "season": "Autumn"
            }
        },
        {
            "type": "Feature",
            "geometry": {
                "type": "Point",
                "coordinates": [
                    -113.059,
                    47.7989
                ]
            },
            "properties": {
                "id": "215",
                "storm_start_date": "1991-06-05T00:00:00Z",
                "aorc:statistics": {
                    "min": 0.48,
                    "mean": 1.54,
                    "max": 3.67,
                    "units": "inches"
                },
                "season": "Summer"
            }
        },
        {
            "type": "Feature",
            "geometry": {
                "type": "Point",
                "coordinates": [
                    -104.0344,
                    41.9075
                ]
            },
            "properties": {
                "id": "264",
                "storm_start_date": "2001-07-09T00:00:00Z",
                "aorc:statistics": {
                    "min": 0.1,
                    "mean": 1.42,
                    "max": 3.27,
                    "units": "inches"
                },
                "season": "Summer"
            }
        },
        {
            "type": "Feature",
            "geometry": {
                "type": "Point",
                "coordinates": [
                    -102.1511,
                    40.0992
                ]
            },
            "properties": {
                "id": "408",
                "storm_start_date": "1988-03-31T00:00:00Z",
                "aorc:statistics": {
                    "min": 0.17,
                    "mean": 1.17,
                    "max": 2.46,
                    "units": "inches"
                },
                "season": "Spring"
            }
        },
        {
            "type": "Feature",
            "geometry": {
                "type": "Point",
                "coordinates": [
                    -102.5594,
                    42.7324
                ]
            },
            "properties": {
                "id": "130",
                "storm_start_date": "2025-05-24T00:00:00Z",
                "aorc:statistics": {
                    "min": 0.25,
                    "mean": 1.78,
                    "max": 4.06,
                    "units": "inches"
                },
                "season": "Spring"
            }
        },
        {
            "type": "Feature",
            "geometry": {
                "type": "Point",
                "coordinates": [
                    -103.4761,
                    44.3907
                ]
            },
            "properties": {
                "id": "193",
                "storm_start_date": "1993-05-06T00:00:00Z",
                "aorc:statistics": {
                    "min": 0.28,
                    "mean": 1.58,
                    "max": 3.4,
                    "units": "inches"
                },
                "season": "Spring"
            }
        },
        {
            "type": "Feature",
            "geometry": {
                "type": "Point",
                "coordinates": [
                    -102.7761,
                    45.5823
                ]
            },
            "properties": {
                "id": "259",
                "storm_start_date": "2024-06-08T00:00:00Z",
                "aorc:statistics": {
                    "min": 0.0,
                    "mean": 1.43,
                    "max": 53.19,
                    "units": "inches"
                },
                "season": "Summer"
            }
        },
        {
            "type": "Feature",
            "geometry": {
                "type": "Point",
                "coordinates": [
                    -109.4842,
                    45.649
                ]
            },
            "properties": {
                "id": "241",
                "storm_start_date": "2024-05-21T00:00:00Z",
                "aorc:statistics": {
                    "min": 0.13,
                    "mean": 1.49,
                    "max": 3.7,
                    "units": "inches"
                },
                "season": "Spring"
            }
        },
        {
            "type": "Feature",
            "geometry": {
                "type": "Point",
                "coordinates": [
                    -113.484,
                    48.5405
                ]
            },
            "properties": {
                "id": "433",
                "storm_start_date": "2020-11-06T00:00:00Z",
                "aorc:statistics": {
                    "min": 0.24,
                    "mean": 1.15,
                    "max": 4.09,
                    "units": "inches"
                },
                "season": "Autumn"
            }
        },
        {
            "type": "Feature",
            "geometry": {
                "type": "Point",
                "coordinates": [
                    -107.4926,
                    48.4655
                ]
            },
            "properties": {
                "id": "224",
                "storm_start_date": "2015-07-26T00:00:00Z",
                "aorc:statistics": {
                    "min": 0.24,
                    "mean": 1.53,
                    "max": 4.76,
                    "units": "inches"
                },
                "season": "Summer"
            }
        },
        {
            "type": "Feature",
            "geometry": {
                "type": "Point",
                "coordinates": [
                    -109.2592,
                    46.7323
                ]
            },
            "properties": {
                "id": "334",
                "storm_start_date": "2016-09-03T00:00:00Z",
                "aorc:statistics": {
                    "min": 0.44,
                    "mean": 1.28,
                    "max": 3.06,
                    "units": "inches"
                },
                "season": "Autumn"
            }
        },
        {
            "type": "Feature",
            "geometry": {
                "type": "Point",
                "coordinates": [
                    -101.7011,
                    39.0076
                ]
            },
            "properties": {
                "id": "365",
                "storm_start_date": "2023-06-16T00:00:00Z",
                "aorc:statistics": {
                    "min": 0.07,
                    "mean": 1.24,
                    "max": 4.91,
                    "units": "inches"
                },
                "season": "Summer"
            }
        },
        {
            "type": "Feature",
            "geometry": {
                "type": "Point",
                "coordinates": [
                    -104.876,
                    38.8159
                ]
            },
            "properties": {
                "id": "237",
                "storm_start_date": "2025-05-05T00:00:00Z",
                "aorc:statistics": {
                    "min": 0.1,
                    "mean": 1.5,
                    "max": 4.36,
                    "units": "inches"
                },
                "season": "Spring"
            }
        },
        {
            "type": "Feature",
            "geometry": {
                "type": "Point",
                "coordinates": [
                    -112.934,
                    45.4656
                ]
            },
            "properties": {
                "id": "340",
                "storm_start_date": "1996-12-31T00:00:00Z",
                "aorc:statistics": {
                    "min": 0.0,
                    "mean": 1.28,
                    "max": 7.61,
                    "units": "inches"
                },
                "season": "Winter"
            }
        },
        {
            "type": "Feature",
            "geometry": {
                "type": "Point",
                "coordinates": [
                    -110.3008,
                    45.3657
                ]
            },
            "properties": {
                "id": "50",
                "storm_start_date": "2001-06-12T00:00:00Z",
                "aorc:statistics": {
                    "min": 0.85,
                    "mean": 2.35,
                    "max": 5.69,
                    "units": "inches"
                },
                "season": "Summer"
            }
        },
        {
            "type": "Feature",
            "geometry": {
                "type": "Point",
                "coordinates": [
                    -106.1593,
                    39.1742
                ]
            },
            "properties": {
                "id": "421",
                "storm_start_date": "2015-10-21T00:00:00Z",
                "aorc:statistics": {
                    "min": 0.34,
                    "mean": 1.16,
                    "max": 4.18,
                    "units": "inches"
                },
                "season": "Autumn"
            }
        },
        {
            "type": "Feature",
            "geometry": {
                "type": "Point",
                "coordinates": [
                    -109.4342,
                    46.7573
                ]
            },
            "properties": {
                "id": "18",
                "storm_start_date": "2023-06-01T00:00:00Z",
                "aorc:statistics": {
                    "min": 0.55,
                    "mean": 2.86,
                    "max": 6.74,
                    "units": "inches"
                },
                "season": "Summer"
            }
        },
        {
            "type": "Feature",
            "geometry": {
                "type": "Point",
                "coordinates": [
                    -104.4927,
                    45.874
                ]
            },
            "properties": {
                "id": "99",
                "storm_start_date": "2006-04-17T00:00:00Z",
                "aorc:statistics": {
                    "min": 0.0,
                    "mean": 1.92,
                    "max": 4.29,
                    "units": "inches"
                },
                "season": "Spring"
            }
        },
        {
            "type": "Feature",
            "geometry": {
                "type": "Point",
                "coordinates": [
                    -107.0843,
                    45.1657
                ]
            },
            "properties": {
                "id": "6",
                "storm_start_date": "2011-05-20T00:00:00Z",
                "aorc:statistics": {
                    "min": 0.85,
                    "mean": 3.25,
                    "max": 6.08,
                    "units": "inches"
                },
                "season": "Spring"
            }
        },
        {
            "type": "Feature",
            "geometry": {
                "type": "Point",
                "coordinates": [
                    -113.9423,
                    47.1322
                ]
            },
            "properties": {
                "id": "362",
                "storm_start_date": "1987-03-17T00:00:00Z",
                "aorc:statistics": {
                    "min": 0.03,
                    "mean": 1.24,
                    "max": 6.93,
                    "units": "inches"
                },
                "season": "Spring"
            }
        },
        {
            "type": "Feature",
            "geometry": {
                "type": "Point",
                "coordinates": [
                    -105.0843,
                    46.3239
                ]
            },
            "properties": {
                "id": "249",
                "storm_start_date": "2025-10-16T00:00:00Z",
                "aorc:statistics": {
                    "min": 0.3,
                    "mean": 1.47,
                    "max": 2.62,
                    "units": "inches"
                },
                "season": "Autumn"
            }
        },
        {
            "type": "Feature",
            "geometry": {
                "type": "Point",
                "coordinates": [
                    -103.6844,
                    44.349
                ]
            },
            "properties": {
                "id": "17",
                "storm_start_date": "2013-10-03T00:00:00Z",
                "aorc:statistics": {
                    "min": 1.07,
                    "mean": 2.87,
                    "max": 5.15,
                    "units": "inches"
                },
                "season": "Autumn"
            }
        },
        {
            "type": "Feature",
            "geometry": {
                "type": "Point",
                "coordinates": [
                    -105.0343,
                    38.8326
                ]
            },
            "properties": {
                "id": "127",
                "storm_start_date": "1995-05-16T00:00:00Z",
                "aorc:statistics": {
                    "min": 0.44,
                    "mean": 1.8,
                    "max": 4.3,
                    "units": "inches"
                },
                "season": "Spring"
            }
        },
        {
            "type": "Feature",
            "geometry": {
                "type": "Point",
                "coordinates": [
                    -108.5509,
                    47.9572
                ]
            },
            "properties": {
                "id": "226",
                "storm_start_date": "2002-06-22T00:00:00Z",
                "aorc:statistics": {
                    "min": 0.15,
                    "mean": 1.53,
                    "max": 5.74,
                    "units": "inches"
                },
                "season": "Summer"
            }
        },
        {
            "type": "Feature",
            "geometry": {
                "type": "Point",
                "coordinates": [
                    -105.6926,
                    38.0576
                ]
            },
            "properties": {
                "id": "449",
                "storm_start_date": "1991-11-15T00:00:00Z",
                "aorc:statistics": {
                    "min": 0.29,
                    "mean": 1.13,
                    "max": 8.36,
                    "units": "inches"
                },
                "season": "Autumn"
            }
        },
        {
            "type": "Feature",
            "geometry": {
                "type": "Point",
                "coordinates": [
                    -101.1512,
                    40.2992
                ]
            },
            "properties": {
                "id": "171",
                "storm_start_date": "2019-08-11T00:00:00Z",
                "aorc:statistics": {
                    "min": 0.02,
                    "mean": 1.63,
                    "max": 6.82,
                    "units": "inches"
                },
                "season": "Summer"
            }
        },
        {
            "type": "Feature",
            "geometry": {
                "type": "Point",
                "coordinates": [
                    -103.8177,
                    43.7907
                ]
            },
            "properties": {
                "id": "243",
                "storm_start_date": "1989-09-19T00:00:00Z",
                "aorc:statistics": {
                    "min": 0.31,
                    "mean": 1.48,
                    "max": 2.67,
                    "units": "inches"
                },
                "season": "Autumn"
            }
        },
        {
            "type": "Feature",
            "geometry": {
                "type": "Point",
                "coordinates": [
                    -103.3427,
                    38.8742
                ]
            },
            "properties": {
                "id": "327",
                "storm_start_date": "2017-03-24T00:00:00Z",
                "aorc:statistics": {
                    "min": 0.06,
                    "mean": 1.29,
                    "max": 3.2,
                    "units": "inches"
                },
                "season": "Spring"
            }
        },
        {
            "type": "Feature",
            "geometry": {
                "type": "Point",
                "coordinates": [
                    -105.6176,
                    40.5075
                ]
            },
            "properties": {
                "id": "173",
                "storm_start_date": "2015-04-16T00:00:00Z",
                "aorc:statistics": {
                    "min": 0.37,
                    "mean": 1.62,
                    "max": 8.47,
                    "units": "inches"
                },
                "season": "Spring"
            }
        },
        {
            "type": "Feature",
            "geometry": {
                "type": "Point",
                "coordinates": [
                    -99.3346,
                    45.6156
                ]
            },
            "properties": {
                "id": "440",
                "storm_start_date": "2025-08-16T00:00:00Z",
                "aorc:statistics": {
                    "min": 0.0,
                    "mean": 1.14,
                    "max": 4.93,
                    "units": "inches"
                },
                "season": "Summer"
            }
        },
        {
            "type": "Feature",
            "geometry": {
                "type": "Point",
                "coordinates": [
                    -107.0593,
                    44.2157
                ]
            },
            "properties": {
                "id": "271",
                "storm_start_date": "2013-09-25T00:00:00Z",
                "aorc:statistics": {
                    "min": 0.11,
                    "mean": 1.4,
                    "max": 3.96,
                    "units": "inches"
                },
                "season": "Autumn"
            }
        },
        {
            "type": "Feature",
            "geometry": {
                "type": "Point",
                "coordinates": [
                    -113.059,
                    47.7906
                ]
            },
            "properties": {
                "id": "92",
                "storm_start_date": "1987-07-17T00:00:00Z",
                "aorc:statistics": {
                    "min": 0.43,
                    "mean": 1.95,
                    "max": 6.24,
                    "units": "inches"
                },
                "season": "Summer"
            }
        },
        {
            "type": "Feature",
            "geometry": {
                "type": "Point",
                "coordinates": [
                    -106.3259,
                    42.7241
                ]
            },
            "properties": {
                "id": "183",
                "storm_start_date": "1998-10-15T00:00:00Z",
                "aorc:statistics": {
                    "min": 0.54,
                    "mean": 1.6,
                    "max": 4.44,
                    "units": "inches"
                },
                "season": "Autumn"
            }
        },
        {
            "type": "Feature",
            "geometry": {
                "type": "Point",
                "coordinates": [
                    -103.3844,
                    45.8156
                ]
            },
            "properties": {
                "id": "40",
                "storm_start_date": "1989-04-26T00:00:00Z",
                "aorc:statistics": {
                    "min": 0.72,
                    "mean": 2.42,
                    "max": 4.6,
                    "units": "inches"
                },
                "season": "Spring"
            }
        },
        {
            "type": "Feature",
            "geometry": {
                "type": "Point",
                "coordinates": [
                    -102.6594,
                    41.1825
                ]
            },
            "properties": {
                "id": "113",
                "storm_start_date": "1988-05-01T00:00:00Z",
                "aorc:statistics": {
                    "min": 0.19,
                    "mean": 1.88,
                    "max": 4.18,
                    "units": "inches"
                },
                "season": "Spring"
            }
        },
        {
            "type": "Feature",
            "geometry": {
                "type": "Point",
                "coordinates": [
                    -105.5093,
                    37.5576
                ]
            },
            "properties": {
                "id": "12",
                "storm_start_date": "1999-04-29T00:00:00Z",
                "aorc:statistics": {
                    "min": 0.09,
                    "mean": 3.02,
                    "max": 10.86,
                    "units": "inches"
                },
                "season": "Spring"
            }
        },
        {
            "type": "Feature",
            "geometry": {
                "type": "Point",
                "coordinates": [
                    -113.9423,
                    47.1322
                ]
            },
            "properties": {
                "id": "329",
                "storm_start_date": "2015-01-04T00:00:00Z",
                "aorc:statistics": {
                    "min": 0.1,
                    "mean": 1.29,
                    "max": 13.81,
                    "units": "inches"
                },
                "season": "Winter"
            }
        },
        {
            "type": "Feature",
            "geometry": {
                "type": "Point",
                "coordinates": [
                    -109.6258,
                    48.1905
                ]
            },
            "properties": {
                "id": "248",
                "storm_start_date": "2022-06-05T00:00:00Z",
                "aorc:statistics": {
                    "min": 0.43,
                    "mean": 1.47,
                    "max": 3.68,
                    "units": "inches"
                },
                "season": "Summer"
            }
        },
        {
            "type": "Feature",
            "geometry": {
                "type": "Point",
                "coordinates": [
                    -109.8175,
                    45.3157
                ]
            },
            "properties": {
                "id": "258",
                "storm_start_date": "1987-07-09T00:00:00Z",
                "aorc:statistics": {
                    "min": 0.26,
                    "mean": 1.44,
                    "max": 5.28,
                    "units": "inches"
                },
                "season": "Summer"
            }
        },
        {
            "type": "Feature",
            "geometry": {
                "type": "Point",
                "coordinates": [
                    -113.509,
                    48.7322
                ]
            },
            "properties": {
                "id": "108",
                "storm_start_date": "2014-06-17T00:00:00Z",
                "aorc:statistics": {
                    "min": 0.31,
                    "mean": 1.89,
                    "max": 10.04,
                    "units": "inches"
                },
                "season": "Summer"
            }
        },
        {
            "type": "Feature",
            "geometry": {
                "type": "Point",
                "coordinates": [
                    -105.551,
                    42.4408
                ]
            },
            "properties": {
                "id": "265",
                "storm_start_date": "2003-03-26T00:00:00Z",
                "aorc:statistics": {
                    "min": 0.0,
                    "mean": 1.41,
                    "max": 4.76,
                    "units": "inches"
                },
                "season": "Spring"
            }
        },
        {
            "type": "Feature",
            "geometry": {
                "type": "Point",
                "coordinates": [
                    -110.2925,
                    46.0573
                ]
            },
            "properties": {
                "id": "8",
                "storm_start_date": "1992-06-14T00:00:00Z",
                "aorc:statistics": {
                    "min": 0.67,
                    "mean": 3.14,
                    "max": 7.99,
                    "units": "inches"
                },
                "season": "Summer"
            }
        },
        {
            "type": "Feature",
            "geometry": {
                "type": "Point",
                "coordinates": [
                    -113.0757,
                    47.7656
                ]
            },
            "properties": {
                "id": "348",
                "storm_start_date": "2008-08-31T00:00:00Z",
                "aorc:statistics": {
                    "min": 0.14,
                    "mean": 1.26,
                    "max": 3.1,
                    "units": "inches"
                },
                "season": "Summer"
            }
        },
        {
            "type": "Feature",
            "geometry": {
                "type": "Point",
                "coordinates": [
                    -102.4344,
                    45.224
                ]
            },
            "properties": {
                "id": "61",
                "storm_start_date": "1986-05-07T00:00:00Z",
                "aorc:statistics": {
                    "min": 0.98,
                    "mean": 2.21,
                    "max": 3.61,
                    "units": "inches"
                },
                "season": "Spring"
            }
        },
        {
            "type": "Feature",
            "geometry": {
                "type": "Point",
                "coordinates": [
                    -100.2679,
                    43.1157
                ]
            },
            "properties": {
                "id": "134",
                "storm_start_date": "1999-09-02T00:00:00Z",
                "aorc:statistics": {
                    "min": 0.23,
                    "mean": 1.76,
                    "max": 3.72,
                    "units": "inches"
                },
                "season": "Autumn"
            }
        },
        {
            "type": "Feature",
            "geometry": {
                "type": "Point",
                "coordinates": [
                    -105.1677,
                    40.9908
                ]
            },
            "properties": {
                "id": "430",
                "storm_start_date": "2014-07-28T00:00:00Z",
                "aorc:statistics": {
                    "min": 0.02,
                    "mean": 1.15,
                    "max": 3.32,
                    "units": "inches"
                },
                "season": "Summer"
            }
        },
        {
            "type": "Feature",
            "geometry": {
                "type": "Point",
                "coordinates": [
                    -103.1927,
                    45.5406
                ]
            },
            "properties": {
                "id": "55",
                "storm_start_date": "2022-04-22T00:00:00Z",
                "aorc:statistics": {
                    "min": 1.06,
                    "mean": 2.28,
                    "max": 4.24,
                    "units": "inches"
                },
                "season": "Spring"
            }
        },
        {
            "type": "Feature",
            "geometry": {
                "type": "Point",
                "coordinates": [
                    -113.434,
                    48.4405
                ]
            },
            "properties": {
                "id": "5",
                "storm_start_date": "1980-05-23T00:00:00Z",
                "aorc:statistics": {
                    "min": 0.65,
                    "mean": 3.36,
                    "max": 10.6,
                    "units": "inches"
                },
                "season": "Spring"
            }
        },
        {
            "type": "Feature",
            "geometry": {
                "type": "Point",
                "coordinates": [
                    -103.5344,
                    38.7576
                ]
            },
            "properties": {
                "id": "427",
                "storm_start_date": "1993-10-16T00:00:00Z",
                "aorc:statistics": {
                    "min": 0.14,
                    "mean": 1.15,
                    "max": 2.15,
                    "units": "inches"
                },
                "season": "Autumn"
            }
        },
        {
            "type": "Feature",
            "geometry": {
                "type": "Point",
                "coordinates": [
                    -102.2428,
                    40.3492
                ]
            },
            "properties": {
                "id": "109",
                "storm_start_date": "2016-05-25T00:00:00Z",
                "aorc:statistics": {
                    "min": 0.33,
                    "mean": 1.89,
                    "max": 5.23,
                    "units": "inches"
                },
                "season": "Spring"
            }
        },
        {
            "type": "Feature",
            "geometry": {
                "type": "Point",
                "coordinates": [
                    -106.6843,
                    40.9408
                ]
            },
            "properties": {
                "id": "321",
                "storm_start_date": "2000-09-20T00:00:00Z",
                "aorc:statistics": {
                    "min": 0.49,
                    "mean": 1.29,
                    "max": 3.97,
                    "units": "inches"
                },
                "season": "Autumn"
            }
        },
        {
            "type": "Feature",
            "geometry": {
                "type": "Point",
                "coordinates": [
                    -114.2506,
                    46.6906
                ]
            },
            "properties": {
                "id": "406",
                "storm_start_date": "1982-01-22T00:00:00Z",
                "aorc:statistics": {
                    "min": 0.07,
                    "mean": 1.17,
                    "max": 8.56,
                    "units": "inches"
                },
                "season": "Winter"
            }
        },
        {
            "type": "Feature",
            "geometry": {
                "type": "Point",
                "coordinates": [
                    -104.576,
                    42.6908
                ]
            },
            "properties": {
                "id": "9",
                "storm_start_date": "1986-06-08T00:00:00Z",
                "aorc:statistics": {
                    "min": 1.24,
                    "mean": 3.1,
                    "max": 4.82,
                    "units": "inches"
                },
                "season": "Summer"
            }
        },
        {
            "type": "Feature",
            "geometry": {
                "type": "Point",
                "coordinates": [
                    -105.4093,
                    41.2408
                ]
            },
            "properties": {
                "id": "90",
                "storm_start_date": "1991-06-01T00:00:00Z",
                "aorc:statistics": {
                    "min": 0.41,
                    "mean": 1.97,
                    "max": 4.78,
                    "units": "inches"
                },
                "season": "Summer"
            }
        },
        {
            "type": "Feature",
            "geometry": {
                "type": "Point",
                "coordinates": [
                    -102.8594,
                    39.9159
                ]
            },
            "properties": {
                "id": "310",
                "storm_start_date": "2025-09-22T00:00:00Z",
                "aorc:statistics": {
                    "min": 0.0,
                    "mean": 1.32,
                    "max": 2.94,
                    "units": "inches"
                },
                "season": "Autumn"
            }
        },
        {
            "type": "Feature",
            "geometry": {
                "type": "Point",
                "coordinates": [
                    -99.0346,
                    40.7158
                ]
            },
            "properties": {
                "id": "294",
                "storm_start_date": "1989-06-24T00:00:00Z",
                "aorc:statistics": {
                    "min": 0.07,
                    "mean": 1.35,
                    "max": 6.51,
                    "units": "inches"
                },
                "season": "Summer"
            }
        },
        {
            "type": "Feature",
            "geometry": {
                "type": "Point",
                "coordinates": [
                    -105.5843,
                    46.9739
                ]
            },
            "properties": {
                "id": "368",
                "storm_start_date": "1992-04-17T00:00:00Z",
                "aorc:statistics": {
                    "min": 0.19,
                    "mean": 1.23,
                    "max": 3.76,
                    "units": "inches"
                },
                "season": "Spring"
            }
        },
        {
            "type": "Feature",
            "geometry": {
                "type": "Point",
                "coordinates": [
                    -105.0593,
                    42.4408
                ]
            },
            "properties": {
                "id": "125",
                "storm_start_date": "1993-06-01T00:00:00Z",
                "aorc:statistics": {
                    "min": 0.22,
                    "mean": 1.8,
                    "max": 3.31,
                    "units": "inches"
                },
                "season": "Summer"
            }
        },
        {
            "type": "Feature",
            "geometry": {
                "type": "Point",
                "coordinates": [
                    -103.5677,
                    37.7243
                ]
            },
            "properties": {
                "id": "444",
                "storm_start_date": "1986-07-19T00:00:00Z",
                "aorc:statistics": {
                    "min": 0.0,
                    "mean": 1.14,
                    "max": 2.63,
                    "units": "inches"
                },
                "season": "Summer"
            }
        },
        {
            "type": "Feature",
            "geometry": {
                "type": "Point",
                "coordinates": [
                    -107.1009,
                    44.2824
                ]
            },
            "properties": {
                "id": "138",
                "storm_start_date": "1994-10-15T00:00:00Z",
                "aorc:statistics": {
                    "min": 0.39,
                    "mean": 1.74,
                    "max": 4.82,
                    "units": "inches"
                },
                "season": "Autumn"
            }
        },
        {
            "type": "Feature",
            "geometry": {
                "type": "Point",
                "coordinates": [
                    -110.6091,
                    47.5072
                ]
            },
            "properties": {
                "id": "232",
                "storm_start_date": "2002-05-21T00:00:00Z",
                "aorc:statistics": {
                    "min": 0.0,
                    "mean": 1.51,
                    "max": 5.23,
                    "units": "inches"
                },
                "season": "Spring"
            }
        },
        {
            "type": "Feature",
            "geometry": {
                "type": "Point",
                "coordinates": [
                    -113.8923,
                    48.1572
                ]
            },
            "properties": {
                "id": "445",
                "storm_start_date": "2025-06-19T00:00:00Z",
                "aorc:statistics": {
                    "min": 0.31,
                    "mean": 1.13,
                    "max": 2.5,
                    "units": "inches"
                },
                "season": "Summer"
            }
        },
        {
            "type": "Feature",
            "geometry": {
                "type": "Point",
                "coordinates": [
                    -114.184,
                    46.6906
                ]
            },
            "properties": {
                "id": "448",
                "storm_start_date": "2008-11-12T00:00:00Z",
                "aorc:statistics": {
                    "min": 0.01,
                    "mean": 1.13,
                    "max": 9.21,
                    "units": "inches"
                },
                "season": "Autumn"
            }
        },
        {
            "type": "Feature",
            "geometry": {
                "type": "Point",
                "coordinates": [
                    -103.901,
                    39.3742
                ]
            },
            "properties": {
                "id": "338",
                "storm_start_date": "2024-08-12T00:00:00Z",
                "aorc:statistics": {
                    "min": 0.13,
                    "mean": 1.28,
                    "max": 4.65,
                    "units": "inches"
                },
                "season": "Summer"
            }
        },
        {
            "type": "Feature",
            "geometry": {
                "type": "Point",
                "coordinates": [
                    -102.5094,
                    39.2242
                ]
            },
            "properties": {
                "id": "32",
                "storm_start_date": "2016-04-15T00:00:00Z",
                "aorc:statistics": {
                    "min": 0.37,
                    "mean": 2.56,
                    "max": 7.54,
                    "units": "inches"
                },
                "season": "Spring"
            }
        },
        {
            "type": "Feature",
            "geometry": {
                "type": "Point",
                "coordinates": [
                    -105.2427,
                    40.4408
                ]
            },
            "properties": {
                "id": "222",
                "storm_start_date": "2012-07-06T00:00:00Z",
                "aorc:statistics": {
                    "min": 0.15,
                    "mean": 1.53,
                    "max": 5.43,
                    "units": "inches"
                },
                "season": "Summer"
            }
        },
        {
            "type": "Feature",
            "geometry": {
                "type": "Point",
                "coordinates": [
                    -103.4011,
                    38.3909
                ]
            },
            "properties": {
                "id": "94",
                "storm_start_date": "2017-05-09T00:00:00Z",
                "aorc:statistics": {
                    "min": 0.23,
                    "mean": 1.94,
                    "max": 5.32,
                    "units": "inches"
                },
                "season": "Spring"
            }
        },
        {
            "type": "Feature",
            "geometry": {
                "type": "Point",
                "coordinates": [
                    -109.9425,
                    45.1907
                ]
            },
            "properties": {
                "id": "268",
                "storm_start_date": "1989-01-22T00:00:00Z",
                "aorc:statistics": {
                    "min": 0.14,
                    "mean": 1.41,
                    "max": 11.98,
                    "units": "inches"
                },
                "season": "Winter"
            }
        },
        {
            "type": "Feature",
            "geometry": {
                "type": "Point",
                "coordinates": [
                    -105.2343,
                    39.7825
                ]
            },
            "properties": {
                "id": "325",
                "storm_start_date": "2000-07-16T00:00:00Z",
                "aorc:statistics": {
                    "min": 0.28,
                    "mean": 1.29,
                    "max": 3.21,
                    "units": "inches"
                },
                "season": "Summer"
            }
        },
        {
            "type": "Feature",
            "geometry": {
                "type": "Point",
                "coordinates": [
                    -111.1508,
                    48.8488
                ]
            },
            "properties": {
                "id": "270",
                "storm_start_date": "1990-05-23T00:00:00Z",
                "aorc:statistics": {
                    "min": 0.23,
                    "mean": 1.41,
                    "max": 3.51,
                    "units": "inches"
                },
                "season": "Spring"
            }
        },
        {
            "type": "Feature",
            "geometry": {
                "type": "Point",
                "coordinates": [
                    -113.0757,
                    47.7656
                ]
            },
            "properties": {
                "id": "181",
                "storm_start_date": "2015-09-03T00:00:00Z",
                "aorc:statistics": {
                    "min": 0.23,
                    "mean": 1.61,
                    "max": 4.35,
                    "units": "inches"
                },
                "season": "Autumn"
            }
        },
        {
            "type": "Feature",
            "geometry": {
                "type": "Point",
                "coordinates": [
                    -109.5092,
                    46.7739
                ]
            },
            "properties": {
                "id": "140",
                "storm_start_date": "1985-08-01T00:00:00Z",
                "aorc:statistics": {
                    "min": 0.24,
                    "mean": 1.73,
                    "max": 5.85,
                    "units": "inches"
                },
                "season": "Summer"
            }
        },
        {
            "type": "Feature",
            "geometry": {
                "type": "Point",
                "coordinates": [
                    -103.2011,
                    43.4324
                ]
            },
            "properties": {
                "id": "176",
                "storm_start_date": "1997-07-19T00:00:00Z",
                "aorc:statistics": {
                    "min": 0.08,
                    "mean": 1.62,
                    "max": 3.91,
                    "units": "inches"
                },
                "season": "Summer"
            }
        },
        {
            "type": "Feature",
            "geometry": {
                "type": "Point",
                "coordinates": [
                    -111.5091,
                    44.5657
                ]
            },
            "properties": {
                "id": "192",
                "storm_start_date": "2005-11-06T00:00:00Z",
                "aorc:statistics": {
                    "min": 0.0,
                    "mean": 1.58,
                    "max": 12.28,
                    "units": "inches"
                },
                "season": "Autumn"
            }
        },
        {
            "type": "Feature",
            "geometry": {
                "type": "Point",
                "coordinates": [
                    -105.851,
                    42.5658
                ]
            },
            "properties": {
                "id": "293",
                "storm_start_date": "2009-03-22T00:00:00Z",
                "aorc:statistics": {
                    "min": 0.27,
                    "mean": 1.35,
                    "max": 3.65,
                    "units": "inches"
                },
                "season": "Spring"
            }
        },
        {
            "type": "Feature",
            "geometry": {
                "type": "Point",
                "coordinates": [
                    -105.6176,
                    40.4742
                ]
            },
            "properties": {
                "id": "426",
                "storm_start_date": "2013-04-15T00:00:00Z",
                "aorc:statistics": {
                    "min": 0.06,
                    "mean": 1.15,
                    "max": 7.27,
                    "units": "inches"
                },
                "season": "Spring"
            }
        },
        {
            "type": "Feature",
            "geometry": {
                "type": "Point",
                "coordinates": [
                    -98.5929,
                    40.7908
                ]
            },
            "properties": {
                "id": "278",
                "storm_start_date": "2025-06-24T00:00:00Z",
                "aorc:statistics": {
                    "min": 0.01,
                    "mean": 1.39,
                    "max": 6.83,
                    "units": "inches"
                },
                "season": "Summer"
            }
        },
        {
            "type": "Feature",
            "geometry": {
                "type": "Point",
                "coordinates": [
                    -103.2344,
                    44.1074
                ]
            },
            "properties": {
                "id": "31",
                "storm_start_date": "2019-05-20T00:00:00Z",
                "aorc:statistics": {
                    "min": 0.6,
                    "mean": 2.58,
                    "max": 5.21,
                    "units": "inches"
                },
                "season": "Spring"
            }
        },
        {
            "type": "Feature",
            "geometry": {
                "type": "Point",
                "coordinates": [
                    -102.2844,
                    40.5408
                ]
            },
            "properties": {
                "id": "326",
                "storm_start_date": "2009-05-31T00:00:00Z",
                "aorc:statistics": {
                    "min": 0.16,
                    "mean": 1.29,
                    "max": 4.12,
                    "units": "inches"
                },
                "season": "Spring"
            }
        },
        {
            "type": "Feature",
            "geometry": {
                "type": "Point",
                "coordinates": [
                    -104.3927,
                    39.1492
                ]
            },
            "properties": {
                "id": "262",
                "storm_start_date": "2023-06-12T00:00:00Z",
                "aorc:statistics": {
                    "min": 0.0,
                    "mean": 1.43,
                    "max": 8.41,
                    "units": "inches"
                },
                "season": "Summer"
            }
        },
        {
            "type": "Feature",
            "geometry": {
                "type": "Point",
                "coordinates": [
                    -104.7343,
                    39.2659
                ]
            },
            "properties": {
                "id": "322",
                "storm_start_date": "1995-06-28T00:00:00Z",
                "aorc:statistics": {
                    "min": 0.0,
                    "mean": 1.29,
                    "max": 3.4,
                    "units": "inches"
                },
                "season": "Summer"
            }
        },
        {
            "type": "Feature",
            "geometry": {
                "type": "Point",
                "coordinates": [
                    -102.0511,
                    45.399
                ]
            },
            "properties": {
                "id": "337",
                "storm_start_date": "2025-07-21T00:00:00Z",
                "aorc:statistics": {
                    "min": 0.04,
                    "mean": 1.28,
                    "max": 4.72,
                    "units": "inches"
                },
                "season": "Summer"
            }
        },
        {
            "type": "Feature",
            "geometry": {
                "type": "Point",
                "coordinates": [
                    -109.5342,
                    44.5574
                ]
            },
            "properties": {
                "id": "309",
                "storm_start_date": "1981-05-05T00:00:00Z",
                "aorc:statistics": {
                    "min": 0.31,
                    "mean": 1.32,
                    "max": 5.22,
                    "units": "inches"
                },
                "season": "Spring"
            }
        },
        {
            "type": "Feature",
            "geometry": {
                "type": "Point",
                "coordinates": [
                    -103.7094,
                    44.3407
                ]
            },
            "properties": {
                "id": "71",
                "storm_start_date": "1998-06-16T00:00:00Z",
                "aorc:statistics": {
                    "min": 0.62,
                    "mean": 2.1,
                    "max": 5.23,
                    "units": "inches"
                },
                "season": "Summer"
            }
        },
        {
            "type": "Feature",
            "geometry": {
                "type": "Point",
                "coordinates": [
                    -101.2428,
                    40.8742
                ]
            },
            "properties": {
                "id": "305",
                "storm_start_date": "2018-06-23T00:00:00Z",
                "aorc:statistics": {
                    "min": 0.2,
                    "mean": 1.33,
                    "max": 3.53,
                    "units": "inches"
                },
                "season": "Summer"
            }
        },
        {
            "type": "Feature",
            "geometry": {
                "type": "Point",
                "coordinates": [
                    -103.9677,
                    45.5323
                ]
            },
            "properties": {
                "id": "380",
                "storm_start_date": "1989-07-12T00:00:00Z",
                "aorc:statistics": {
                    "min": 0.02,
                    "mean": 1.22,
                    "max": 4.06,
                    "units": "inches"
                },
                "season": "Summer"
            }
        },
        {
            "type": "Feature",
            "geometry": {
                "type": "Point",
                "coordinates": [
                    -109.7008,
                    48.1572
                ]
            },
            "properties": {
                "id": "254",
                "storm_start_date": "1983-05-08T00:00:00Z",
                "aorc:statistics": {
                    "min": 0.16,
                    "mean": 1.46,
                    "max": 4.81,
                    "units": "inches"
                },
                "season": "Spring"
            }
        },
        {
            "type": "Feature",
            "geometry": {
                "type": "Point",
                "coordinates": [
                    -106.3926,
                    47.6572
                ]
            },
            "properties": {
                "id": "324",
                "storm_start_date": "2022-07-07T00:00:00Z",
                "aorc:statistics": {
                    "min": 0.03,
                    "mean": 1.29,
                    "max": 5.56,
                    "units": "inches"
                },
                "season": "Summer"
            }
        },
        {
            "type": "Feature",
            "geometry": {
                "type": "Point",
                "coordinates": [
                    -111.0091,
                    44.524
                ]
            },
            "properties": {
                "id": "251",
                "storm_start_date": "2019-02-25T00:00:00Z",
                "aorc:statistics": {
                    "min": 0.44,
                    "mean": 1.47,
                    "max": 6.81,
                    "units": "inches"
                },
                "season": "Winter"
            }
        },
        {
            "type": "Feature",
            "geometry": {
                "type": "Point",
                "coordinates": [
                    -102.9594,
                    46.099
                ]
            },
            "properties": {
                "id": "414",
                "storm_start_date": "1994-09-13T00:00:00Z",
                "aorc:statistics": {
                    "min": 0.21,
                    "mean": 1.17,
                    "max": 3.34,
                    "units": "inches"
                },
                "season": "Autumn"
            }
        },
        {
            "type": "Feature",
            "geometry": {
                "type": "Point",
                "coordinates": [
                    -101.2095,
                    40.7992
                ]
            },
            "properties": {
                "id": "353",
                "storm_start_date": "1994-07-12T00:00:00Z",
                "aorc:statistics": {
                    "min": 0.08,
                    "mean": 1.25,
                    "max": 3.58,
                    "units": "inches"
                },
                "season": "Summer"
            }
        },
        {
            "type": "Feature",
            "geometry": {
                "type": "Point",
                "coordinates": [
                    -107.9176,
                    45.2407
                ]
            },
            "properties": {
                "id": "252",
                "storm_start_date": "2025-10-04T00:00:00Z",
                "aorc:statistics": {
                    "min": 0.46,
                    "mean": 1.46,
                    "max": 3.54,
                    "units": "inches"
                },
                "season": "Autumn"
            }
        },
        {
            "type": "Feature",
            "geometry": {
                "type": "Point",
                "coordinates": [
                    -104.1177,
                    45.874
                ]
            },
            "properties": {
                "id": "159",
                "storm_start_date": "2000-10-31T00:00:00Z",
                "aorc:statistics": {
                    "min": 0.2,
                    "mean": 1.67,
                    "max": 4.13,
                    "units": "inches"
                },
                "season": "Autumn"
            }
        },
        {
            "type": "Feature",
            "geometry": {
                "type": "Point",
                "coordinates": [
                    -107.3926,
                    44.724
                ]
            },
            "properties": {
                "id": "313",
                "storm_start_date": "1991-04-10T00:00:00Z",
                "aorc:statistics": {
                    "min": 0.15,
                    "mean": 1.31,
                    "max": 2.43,
                    "units": "inches"
                },
                "season": "Spring"
            }
        },
        {
            "type": "Feature",
            "geometry": {
                "type": "Point",
                "coordinates": [
                    -104.5344,
                    42.2991
                ]
            },
            "properties": {
                "id": "132",
                "storm_start_date": "2004-09-03T00:00:00Z",
                "aorc:statistics": {
                    "min": 0.12,
                    "mean": 1.76,
                    "max": 3.39,
                    "units": "inches"
                },
                "season": "Autumn"
            }
        },
        {
            "type": "Feature",
            "geometry": {
                "type": "Point",
                "coordinates": [
                    -112.3424,
                    46.4406
                ]
            },
            "properties": {
                "id": "117",
                "storm_start_date": "2011-06-07T00:00:00Z",
                "aorc:statistics": {
                    "min": 0.82,
                    "mean": 1.84,
                    "max": 4.58,
                    "units": "inches"
                },
                "season": "Summer"
            }
        },
        {
            "type": "Feature",
            "geometry": {
                "type": "Point",
                "coordinates": [
                    -107.2676,
                    43.5074
                ]
            },
            "properties": {
                "id": "59",
                "storm_start_date": "2016-04-24T00:00:00Z",
                "aorc:statistics": {
                    "min": 0.43,
                    "mean": 2.24,
                    "max": 4.67,
                    "units": "inches"
                },
                "season": "Spring"
            }
        },
        {
            "type": "Feature",
            "geometry": {
                "type": "Point",
                "coordinates": [
                    -107.6926,
                    46.7156
                ]
            },
            "properties": {
                "id": "396",
                "storm_start_date": "2018-06-01T00:00:00Z",
                "aorc:statistics": {
                    "min": 0.04,
                    "mean": 1.19,
                    "max": 3.35,
                    "units": "inches"
                },
                "season": "Summer"
            }
        },
        {
            "type": "Feature",
            "geometry": {
                "type": "Point",
                "coordinates": [
                    -105.9343,
                    40.3659
                ]
            },
            "properties": {
                "id": "106",
                "storm_start_date": "2005-06-02T00:00:00Z",
                "aorc:statistics": {
                    "min": 0.0,
                    "mean": 1.9,
                    "max": 4.14,
                    "units": "inches"
                },
                "season": "Summer"
            }
        },
        {
            "type": "Feature",
            "geometry": {
                "type": "Point",
                "coordinates": [
                    -106.9343,
                    44.5157
                ]
            },
            "properties": {
                "id": "189",
                "storm_start_date": "2007-06-06T00:00:00Z",
                "aorc:statistics": {
                    "min": 0.14,
                    "mean": 1.59,
                    "max": 4.47,
                    "units": "inches"
                },
                "season": "Summer"
            }
        },
        {
            "type": "Feature",
            "geometry": {
                "type": "Point",
                "coordinates": [
                    -113.1673,
                    47.6406
                ]
            },
            "properties": {
                "id": "168",
                "storm_start_date": "2025-12-09T00:00:00Z",
                "aorc:statistics": {
                    "min": 0.04,
                    "mean": 1.64,
                    "max": 10.91,
                    "units": "inches"
                },
                "season": "Winter"
            }
        },
        {
            "type": "Feature",
            "geometry": {
                "type": "Point",
                "coordinates": [
                    -105.0343,
                    38.8326
                ]
            },
            "properties": {
                "id": "349",
                "storm_start_date": "1997-04-23T00:00:00Z",
                "aorc:statistics": {
                    "min": 0.0,
                    "mean": 1.26,
                    "max": 10.81,
                    "units": "inches"
                },
                "season": "Spring"
            }
        },
        {
            "type": "Feature",
            "geometry": {
                "type": "Point",
                "coordinates": [
                    -98.6763,
                    40.8992
                ]
            },
            "properties": {
                "id": "19",
                "storm_start_date": "2021-03-13T00:00:00Z",
                "aorc:statistics": {
                    "min": 0.63,
                    "mean": 2.83,
                    "max": 6.11,
                    "units": "inches"
                },
                "season": "Spring"
            }
        },
        {
            "type": "Feature",
            "geometry": {
                "type": "Point",
                "coordinates": [
                    -101.7928,
                    46.2323
                ]
            },
            "properties": {
                "id": "198",
                "storm_start_date": "1999-08-10T00:00:00Z",
                "aorc:statistics": {
                    "min": 0.03,
                    "mean": 1.57,
                    "max": 4.11,
                    "units": "inches"
                },
                "season": "Summer"
            }
        },
        {
            "type": "Feature",
            "geometry": {
                "type": "Point",
                "coordinates": [
                    -103.6344,
                    41.7241
                ]
            },
            "properties": {
                "id": "83",
                "storm_start_date": "2018-05-17T00:00:00Z",
                "aorc:statistics": {
                    "min": 0.0,
                    "mean": 2.03,
                    "max": 6.62,
                    "units": "inches"
                },
                "season": "Spring"
            }
        },
        {
            "type": "Feature",
            "geometry": {
                "type": "Point",
                "coordinates": [
                    -109.4508,
                    45.924
                ]
            },
            "properties": {
                "id": "202",
                "storm_start_date": "2019-09-20T00:00:00Z",
                "aorc:statistics": {
                    "min": 0.37,
                    "mean": 1.56,
                    "max": 4.56,
                    "units": "inches"
                },
                "season": "Autumn"
            }
        },
        {
            "type": "Feature",
            "geometry": {
                "type": "Point",
                "coordinates": [
                    -101.0512,
                    45.4073
                ]
            },
            "properties": {
                "id": "191",
                "storm_start_date": "1995-06-20T00:00:00Z",
                "aorc:statistics": {
                    "min": 0.21,
                    "mean": 1.58,
                    "max": 4.07,
                    "units": "inches"
                },
                "season": "Summer"
            }
        },
        {
            "type": "Feature",
            "geometry": {
                "type": "Point",
                "coordinates": [
                    -108.0675,
                    45.174
                ]
            },
            "properties": {
                "id": "45",
                "storm_start_date": "1993-07-02T00:00:00Z",
                "aorc:statistics": {
                    "min": 1.08,
                    "mean": 2.36,
                    "max": 4.21,
                    "units": "inches"
                },
                "season": "Summer"
            }
        },
        {
            "type": "Feature",
            "geometry": {
                "type": "Point",
                "coordinates": [
                    -106.1343,
                    47.0656
                ]
            },
            "properties": {
                "id": "52",
                "storm_start_date": "2019-09-10T00:00:00Z",
                "aorc:statistics": {
                    "min": 0.44,
                    "mean": 2.31,
                    "max": 4.19,
                    "units": "inches"
                },
                "season": "Autumn"
            }
        },
        {
            "type": "Feature",
            "geometry": {
                "type": "Point",
                "coordinates": [
                    -113.434,
                    48.6155
                ]
            },
            "properties": {
                "id": "363",
                "storm_start_date": "1990-11-23T00:00:00Z",
                "aorc:statistics": {
                    "min": 0.0,
                    "mean": 1.24,
                    "max": 19.34,
                    "units": "inches"
                },
                "season": "Autumn"
            }
        },
        {
            "type": "Feature",
            "geometry": {
                "type": "Point",
                "coordinates": [
                    -112.4424,
                    45.749
                ]
            },
            "properties": {
                "id": "315",
                "storm_start_date": "2003-04-01T00:00:00Z",
                "aorc:statistics": {
                    "min": 0.0,
                    "mean": 1.3,
                    "max": 4.35,
                    "units": "inches"
                },
                "season": "Spring"
            }
        },
        {
            "type": "Feature",
            "geometry": {
                "type": "Point",
                "coordinates": [
                    -110.2841,
                    45.9323
                ]
            },
            "properties": {
                "id": "450",
                "storm_start_date": "1998-12-03T00:00:00Z",
                "aorc:statistics": {
                    "min": 0.0,
                    "mean": 1.13,
                    "max": 12.18,
                    "units": "inches"
                },
                "season": "Winter"
            }
        },
        {
            "type": "Feature",
            "geometry": {
                "type": "Point",
                "coordinates": [
                    -109.4425,
                    46.7406
                ]
            },
            "properties": {
                "id": "56",
                "storm_start_date": "1988-05-06T00:00:00Z",
                "aorc:statistics": {
                    "min": 0.17,
                    "mean": 2.26,
                    "max": 8.72,
                    "units": "inches"
                },
                "season": "Spring"
            }
        },
        {
            "type": "Feature",
            "geometry": {
                "type": "Point",
                "coordinates": [
                    -109.3092,
                    45.0407
                ]
            },
            "properties": {
                "id": "66",
                "storm_start_date": "1987-05-25T00:00:00Z",
                "aorc:statistics": {
                    "min": 0.51,
                    "mean": 2.13,
                    "max": 7.19,
                    "units": "inches"
                },
                "season": "Spring"
            }
        },
        {
            "type": "Feature",
            "geometry": {
                "type": "Point",
                "coordinates": [
                    -101.5345,
                    40.8492
                ]
            },
            "properties": {
                "id": "381",
                "storm_start_date": "1991-05-02T00:00:00Z",
                "aorc:statistics": {
                    "min": 0.26,
                    "mean": 1.21,
                    "max": 2.51,
                    "units": "inches"
                },
                "season": "Spring"
            }
        },
        {
            "type": "Feature",
            "geometry": {
                "type": "Point",
                "coordinates": [
                    -113.4257,
                    48.6239
                ]
            },
            "properties": {
                "id": "156",
                "storm_start_date": "1986-02-15T00:00:00Z",
                "aorc:statistics": {
                    "min": 0.05,
                    "mean": 1.68,
                    "max": 18.55,
                    "units": "inches"
                },
                "season": "Winter"
            }
        },
        {
            "type": "Feature",
            "geometry": {
                "type": "Point",
                "coordinates": [
                    -113.409,
                    48.6489
                ]
            },
            "properties": {
                "id": "63",
                "storm_start_date": "1989-08-23T00:00:00Z",
                "aorc:statistics": {
                    "min": 0.5,
                    "mean": 2.19,
                    "max": 6.67,
                    "units": "inches"
                },
                "season": "Summer"
            }
        },
        {
            "type": "Feature",
            "geometry": {
                "type": "Point",
                "coordinates": [
                    -98.9846,
                    40.9325
                ]
            },
            "properties": {
                "id": "122",
                "storm_start_date": "1984-04-19T00:00:00Z",
                "aorc:statistics": {
                    "min": 0.55,
                    "mean": 1.82,
                    "max": 3.5,
                    "units": "inches"
                },
                "season": "Spring"
            }
        },
        {
            "type": "Feature",
            "geometry": {
                "type": "Point",
                "coordinates": [
                    -104.2094,
                    39.1909
                ]
            },
            "properties": {
                "id": "135",
                "storm_start_date": "2008-08-15T00:00:00Z",
                "aorc:statistics": {
                    "min": 0.0,
                    "mean": 1.75,
                    "max": 4.68,
                    "units": "inches"
                },
                "season": "Summer"
            }
        },
        {
            "type": "Feature",
            "geometry": {
                "type": "Point",
                "coordinates": [
                    -112.6507,
                    47.4489
                ]
            },
            "properties": {
                "id": "292",
                "storm_start_date": "2016-05-19T00:00:00Z",
                "aorc:statistics": {
                    "min": 0.3,
                    "mean": 1.35,
                    "max": 2.61,
                    "units": "inches"
                },
                "season": "Spring"
            }
        },
        {
            "type": "Feature",
            "geometry": {
                "type": "Point",
                "coordinates": [
                    -105.226,
                    40.5492
                ]
            },
            "properties": {
                "id": "28",
                "storm_start_date": "2017-05-17T00:00:00Z",
                "aorc:statistics": {
                    "min": 0.71,
                    "mean": 2.61,
                    "max": 5.11,
                    "units": "inches"
                },
                "season": "Spring"
            }
        },
        {
            "type": "Feature",
            "geometry": {
                "type": "Point",
                "coordinates": [
                    -105.551,
                    40.0575
                ]
            },
            "properties": {
                "id": "296",
                "storm_start_date": "2006-12-20T00:00:00Z",
                "aorc:statistics": {
                    "min": 0.0,
                    "mean": 1.35,
                    "max": 9.12,
                    "units": "inches"
                },
                "season": "Winter"
            }
        },
        {
            "type": "Feature",
            "geometry": {
                "type": "Point",
                "coordinates": [
                    -101.5345,
                    40.0492
                ]
            },
            "properties": {
                "id": "175",
                "storm_start_date": "1980-03-27T00:00:00Z",
                "aorc:statistics": {
                    "min": 0.27,
                    "mean": 1.62,
                    "max": 4.6,
                    "units": "inches"
                },
                "season": "Spring"
            }
        },
        {
            "type": "Feature",
            "geometry": {
                "type": "Point",
                "coordinates": [
                    -104.9927,
                    37.8826
                ]
            },
            "properties": {
                "id": "255",
                "storm_start_date": "1980-05-14T00:00:00Z",
                "aorc:statistics": {
                    "min": 0.71,
                    "mean": 1.45,
                    "max": 6.75,
                    "units": "inches"
                },
                "season": "Spring"
            }
        },
        {
            "type": "Feature",
            "geometry": {
                "type": "Point",
                "coordinates": [
                    -106.7009,
                    40.1742
                ]
            },
            "properties": {
                "id": "398",
                "storm_start_date": "2003-04-22T00:00:00Z",
                "aorc:statistics": {
                    "min": 0.0,
                    "mean": 1.19,
                    "max": 5.81,
                    "units": "inches"
                },
                "season": "Spring"
            }
        },
        {
            "type": "Feature",
            "geometry": {
                "type": "Point",
                "coordinates": [
                    -110.5258,
                    45.0573
                ]
            },
            "properties": {
                "id": "442",
                "storm_start_date": "2015-11-02T00:00:00Z",
                "aorc:statistics": {
                    "min": 0.07,
                    "mean": 1.14,
                    "max": 11.74,
                    "units": "inches"
                },
                "season": "Autumn"
            }
        },
        {
            "type": "Feature",
            "geometry": {
                "type": "Point",
                "coordinates": [
                    -104.6927,
                    45.0573
                ]
            },
            "properties": {
                "id": "417",
                "storm_start_date": "2018-07-16T00:00:00Z",
                "aorc:statistics": {
                    "min": 0.09,
                    "mean": 1.16,
                    "max": 3.82,
                    "units": "inches"
                },
                "season": "Summer"
            }
        },
        {
            "type": "Feature",
            "geometry": {
                "type": "Point",
                "coordinates": [
                    -109.2008,
                    46.7739
                ]
            },
            "properties": {
                "id": "374",
                "storm_start_date": "2025-07-27T00:00:00Z",
                "aorc:statistics": {
                    "min": 0.08,
                    "mean": 1.22,
                    "max": 3.95,
                    "units": "inches"
                },
                "season": "Summer"
            }
        },
        {
            "type": "Feature",
            "geometry": {
                "type": "Point",
                "coordinates": [
                    -113.409,
                    46.0073
                ]
            },
            "properties": {
                "id": "84",
                "storm_start_date": "2020-06-06T00:00:00Z",
                "aorc:statistics": {
                    "min": 0.7,
                    "mean": 2.03,
                    "max": 4.03,
                    "units": "inches"
                },
                "season": "Summer"
            }
        },
        {
            "type": "Feature",
            "geometry": {
                "type": "Point",
                "coordinates": [
                    -101.7428,
                    44.449
                ]
            },
            "properties": {
                "id": "354",
                "storm_start_date": "2025-08-29T00:00:00Z",
                "aorc:statistics": {
                    "min": 0.0,
                    "mean": 1.25,
                    "max": 6.37,
                    "units": "inches"
                },
                "season": "Summer"
            }
        },
        {
            "type": "Feature",
            "geometry": {
                "type": "Point",
                "coordinates": [
                    -105.3927,
                    48.5572
                ]
            },
            "properties": {
                "id": "317",
                "storm_start_date": "2019-06-27T00:00:00Z",
                "aorc:statistics": {
                    "min": 0.0,
                    "mean": 1.3,
                    "max": 4.61,
                    "units": "inches"
                },
                "season": "Summer"
            }
        },
        {
            "type": "Feature",
            "geometry": {
                "type": "Point",
                "coordinates": [
                    -103.9927,
                    44.1907
                ]
            },
            "properties": {
                "id": "411",
                "storm_start_date": "2008-11-05T00:00:00Z",
                "aorc:statistics": {
                    "min": 0.15,
                    "mean": 1.17,
                    "max": 3.21,
                    "units": "inches"
                },
                "season": "Autumn"
            }
        },
        {
            "type": "Feature",
            "geometry": {
                "type": "Point",
                "coordinates": [
                    -104.1844,
                    45.7156
                ]
            },
            "properties": {
                "id": "60",
                "storm_start_date": "2008-04-30T00:00:00Z",
                "aorc:statistics": {
                    "min": 0.29,
                    "mean": 2.21,
                    "max": 4.99,
                    "units": "inches"
                },
                "season": "Spring"
            }
        },
        {
            "type": "Feature",
            "geometry": {
                "type": "Point",
                "coordinates": [
                    -105.7426,
                    47.5572
                ]
            },
            "properties": {
                "id": "169",
                "storm_start_date": "1993-07-25T00:00:00Z",
                "aorc:statistics": {
                    "min": 0.31,
                    "mean": 1.64,
                    "max": 2.63,
                    "units": "inches"
                },
                "season": "Summer"
            }
        },
        {
            "type": "Feature",
            "geometry": {
                "type": "Point",
                "coordinates": [
                    -113.059,
                    47.7989
                ]
            },
            "properties": {
                "id": "239",
                "storm_start_date": "2006-05-26T00:00:00Z",
                "aorc:statistics": {
                    "min": 0.06,
                    "mean": 1.49,
                    "max": 3.88,
                    "units": "inches"
                },
                "season": "Spring"
            }
        },
        {
            "type": "Feature",
            "geometry": {
                "type": "Point",
                "coordinates": [
                    -103.0511,
                    44.6073
                ]
            },
            "properties": {
                "id": "62",
                "storm_start_date": "2018-06-18T00:00:00Z",
                "aorc:statistics": {
                    "min": 0.0,
                    "mean": 2.19,
                    "max": 5.52,
                    "units": "inches"
                },
                "season": "Summer"
            }
        },
        {
            "type": "Feature",
            "geometry": {
                "type": "Point",
                "coordinates": [
                    -105.0927,
                    39.3992
                ]
            },
            "properties": {
                "id": "21",
                "storm_start_date": "1988-05-18T00:00:00Z",
                "aorc:statistics": {
                    "min": 0.79,
                    "mean": 2.82,
                    "max": 4.27,
                    "units": "inches"
                },
                "season": "Spring"
            }
        },
        {
            "type": "Feature",
            "geometry": {
                "type": "Point",
                "coordinates": [
                    -105.1593,
                    37.2493
                ]
            },
            "properties": {
                "id": "218",
                "storm_start_date": "1980-04-23T00:00:00Z",
                "aorc:statistics": {
                    "min": 0.0,
                    "mean": 1.54,
                    "max": 11.69,
                    "units": "inches"
                },
                "season": "Spring"
            }
        },
        {
            "type": "Feature",
            "geometry": {
                "type": "Point",
                "coordinates": [
                    -107.1592,
                    44.3657
                ]
            },
            "properties": {
                "id": "303",
                "storm_start_date": "1994-04-24T00:00:00Z",
                "aorc:statistics": {
                    "min": 0.2,
                    "mean": 1.33,
                    "max": 3.21,
                    "units": "inches"
                },
                "season": "Spring"
            }
        },
        {
            "type": "Feature",
            "geometry": {
                "type": "Point",
                "coordinates": [
                    -113.9423,
                    47.0906
                ]
            },
            "properties": {
                "id": "141",
                "storm_start_date": "2012-01-18T00:00:00Z",
                "aorc:statistics": {
                    "min": 0.0,
                    "mean": 1.73,
                    "max": 15.26,
                    "units": "inches"
                },
                "season": "Winter"
            }
        },
        {
            "type": "Feature",
            "geometry": {
                "type": "Point",
                "coordinates": [
                    -105.3343,
                    42.5658
                ]
            },
            "properties": {
                "id": "304",
                "storm_start_date": "2003-06-15T00:00:00Z",
                "aorc:statistics": {
                    "min": 0.0,
                    "mean": 1.33,
                    "max": 3.44,
                    "units": "inches"
                },
                "season": "Summer"
            }
        },
        {
            "type": "Feature",
            "geometry": {
                "type": "Point",
                "coordinates": [
                    -102.6428,
                    44.9823
                ]
            },
            "properties": {
                "id": "72",
                "storm_start_date": "2025-05-18T00:00:00Z",
                "aorc:statistics": {
                    "min": 0.89,
                    "mean": 2.1,
                    "max": 3.49,
                    "units": "inches"
                },
                "season": "Spring"
            }
        },
        {
            "type": "Feature",
            "geometry": {
                "type": "Point",
                "coordinates": [
                    -110.3091,
                    45.9906
                ]
            },
            "properties": {
                "id": "387",
                "storm_start_date": "2017-11-01T00:00:00Z",
                "aorc:statistics": {
                    "min": 0.27,
                    "mean": 1.2,
                    "max": 4.64,
                    "units": "inches"
                },
                "season": "Autumn"
            }
        },
        {
            "type": "Feature",
            "geometry": {
                "type": "Point",
                "coordinates": [
                    -100.8928,
                    41.4991
                ]
            },
            "properties": {
                "id": "110",
                "storm_start_date": "2010-06-11T00:00:00Z",
                "aorc:statistics": {
                    "min": 0.52,
                    "mean": 1.88,
                    "max": 5.58,
                    "units": "inches"
                },
                "season": "Summer"
            }
        },
        {
            "type": "Feature",
            "geometry": {
                "type": "Point",
                "coordinates": [
                    -109.2425,
                    46.7239
                ]
            },
            "properties": {
                "id": "178",
                "storm_start_date": "1995-05-11T00:00:00Z",
                "aorc:statistics": {
                    "min": 0.21,
                    "mean": 1.62,
                    "max": 4.0,
                    "units": "inches"
                },
                "season": "Spring"
            }
        },
        {
            "type": "Feature",
            "geometry": {
                "type": "Point",
                "coordinates": [
                    -102.9511,
                    38.9409
                ]
            },
            "properties": {
                "id": "287",
                "storm_start_date": "2017-07-29T00:00:00Z",
                "aorc:statistics": {
                    "min": 0.0,
                    "mean": 1.37,
                    "max": 6.02,
                    "units": "inches"
                },
                "season": "Summer"
            }
        },
        {
            "type": "Feature",
            "geometry": {
                "type": "Point",
                "coordinates": [
                    -105.7426,
                    40.7408
                ]
            },
            "properties": {
                "id": "91",
                "storm_start_date": "2010-04-22T00:00:00Z",
                "aorc:statistics": {
                    "min": 0.2,
                    "mean": 1.96,
                    "max": 5.2,
                    "units": "inches"
                },
                "season": "Spring"
            }
        },
        {
            "type": "Feature",
            "geometry": {
                "type": "Point",
                "coordinates": [
                    -104.6843,
                    47.1906
                ]
            },
            "properties": {
                "id": "65",
                "storm_start_date": "2011-05-08T00:00:00Z",
                "aorc:statistics": {
                    "min": 0.57,
                    "mean": 2.15,
                    "max": 3.52,
                    "units": "inches"
                },
                "season": "Spring"
            }
        },
        {
            "type": "Feature",
            "geometry": {
                "type": "Point",
                "coordinates": [
                    -104.3177,
                    40.6158
                ]
            },
            "properties": {
                "id": "390",
                "storm_start_date": "1989-07-28T00:00:00Z",
                "aorc:statistics": {
                    "min": 0.0,
                    "mean": 1.2,
                    "max": 4.11,
                    "units": "inches"
                },
                "season": "Summer"
            }
        },
        {
            "type": "Feature",
            "geometry": {
                "type": "Point",
                "coordinates": [
                    -110.5508,
                    47.4322
                ]
            },
            "properties": {
                "id": "234",
                "storm_start_date": "2015-05-15T00:00:00Z",
                "aorc:statistics": {
                    "min": 0.27,
                    "mean": 1.51,
                    "max": 4.4,
                    "units": "inches"
                },
                "season": "Spring"
            }
        },
        {
            "type": "Feature",
            "geometry": {
                "type": "Point",
                "coordinates": [
                    -102.8761,
                    40.6742
                ]
            },
            "properties": {
                "id": "274",
                "storm_start_date": "2023-01-16T00:00:00Z",
                "aorc:statistics": {
                    "min": 0.07,
                    "mean": 1.4,
                    "max": 19.06,
                    "units": "inches"
                },
                "season": "Winter"
            }
        },
        {
            "type": "Feature",
            "geometry": {
                "type": "Point",
                "coordinates": [
                    -113.634,
                    47.5572
                ]
            },
            "properties": {
                "id": "413",
                "storm_start_date": "1986-09-07T00:00:00Z",
                "aorc:statistics": {
                    "min": 0.2,
                    "mean": 1.17,
                    "max": 4.68,
                    "units": "inches"
                },
                "season": "Autumn"
            }
        },
        {
            "type": "Feature",
            "geometry": {
                "type": "Point",
                "coordinates": [
                    -101.0928,
                    46.2406
                ]
            },
            "properties": {
                "id": "203",
                "storm_start_date": "1993-06-27T00:00:00Z",
                "aorc:statistics": {
                    "min": 0.12,
                    "mean": 1.56,
                    "max": 2.88,
                    "units": "inches"
                },
                "season": "Summer"
            }
        },
        {
            "type": "Feature",
            "geometry": {
                "type": "Point",
                "coordinates": [
                    -101.8428,
                    45.9823
                ]
            },
            "properties": {
                "id": "233",
                "storm_start_date": "2014-06-26T00:00:00Z",
                "aorc:statistics": {
                    "min": 0.28,
                    "mean": 1.51,
                    "max": 4.56,
                    "units": "inches"
                },
                "season": "Summer"
            }
        },
        {
            "type": "Feature",
            "geometry": {
                "type": "Point",
                "coordinates": [
                    -109.4425,
                    48.2489
                ]
            },
            "properties": {
                "id": "244",
                "storm_start_date": "1998-06-25T00:00:00Z",
                "aorc:statistics": {
                    "min": 0.24,
                    "mean": 1.48,
                    "max": 6.11,
                    "units": "inches"
                },
                "season": "Summer"
            }
        },
        {
            "type": "Feature",
            "geometry": {
                "type": "Point",
                "coordinates": [
                    -102.9511,
                    45.0323
                ]
            },
            "properties": {
                "id": "447",
                "storm_start_date": "1985-03-02T00:00:00Z",
                "aorc:statistics": {
                    "min": 0.32,
                    "mean": 1.13,
                    "max": 3.04,
                    "units": "inches"
                },
                "season": "Spring"
            }
        },
        {
            "type": "Feature",
            "geometry": {
                "type": "Point",
                "coordinates": [
                    -105.9426,
                    40.6075
                ]
            },
            "properties": {
                "id": "86",
                "storm_start_date": "1990-03-05T00:00:00Z",
                "aorc:statistics": {
                    "min": 0.34,
                    "mean": 2.0,
                    "max": 8.35,
                    "units": "inches"
                },
                "season": "Spring"
            }
        },
        {
            "type": "Feature",
            "geometry": {
                "type": "Point",
                "coordinates": [
                    -105.1343,
                    46.3989
                ]
            },
            "properties": {
                "id": "75",
                "storm_start_date": "2010-05-24T00:00:00Z",
                "aorc:statistics": {
                    "min": 0.27,
                    "mean": 2.08,
                    "max": 3.65,
                    "units": "inches"
                },
                "season": "Spring"
            }
        },
        {
            "type": "Feature",
            "geometry": {
                "type": "Point",
                "coordinates": [
                    -105.0677,
                    37.9243
                ]
            },
            "properties": {
                "id": "136",
                "storm_start_date": "2004-04-22T00:00:00Z",
                "aorc:statistics": {
                    "min": 0.04,
                    "mean": 1.75,
                    "max": 6.84,
                    "units": "inches"
                },
                "season": "Spring"
            }
        },
        {
            "type": "Feature",
            "geometry": {
                "type": "Point",
                "coordinates": [
                    -102.8178,
                    39.3242
                ]
            },
            "properties": {
                "id": "58",
                "storm_start_date": "2005-10-09T00:00:00Z",
                "aorc:statistics": {
                    "min": 0.55,
                    "mean": 2.25,
                    "max": 4.01,
                    "units": "inches"
                },
                "season": "Autumn"
            }
        },
        {
            "type": "Feature",
            "geometry": {
                "type": "Point",
                "coordinates": [
                    -113.634,
                    47.5989
                ]
            },
            "properties": {
                "id": "149",
                "storm_start_date": "2020-10-17T00:00:00Z",
                "aorc:statistics": {
                    "min": 0.2,
                    "mean": 1.7,
                    "max": 6.13,
                    "units": "inches"
                },
                "season": "Autumn"
            }
        },
        {
            "type": "Feature",
            "geometry": {
                "type": "Point",
                "coordinates": [
                    -108.5425,
                    47.9572
                ]
            },
            "properties": {
                "id": "115",
                "storm_start_date": "2019-06-20T00:00:00Z",
                "aorc:statistics": {
                    "min": 0.46,
                    "mean": 1.85,
                    "max": 4.52,
                    "units": "inches"
                },
                "season": "Summer"
            }
        },
        {
            "type": "Feature",
            "geometry": {
                "type": "Point",
                "coordinates": [
                    -100.4678,
                    43.4657
                ]
            },
            "properties": {
                "id": "359",
                "storm_start_date": "1997-06-01T00:00:00Z",
                "aorc:statistics": {
                    "min": 0.18,
                    "mean": 1.25,
                    "max": 4.21,
                    "units": "inches"
                },
                "season": "Summer"
            }
        },
        {
            "type": "Feature",
            "geometry": {
                "type": "Point",
                "coordinates": [
                    -104.3594,
                    44.6907
                ]
            },
            "properties": {
                "id": "439",
                "storm_start_date": "1984-06-14T00:00:00Z",
                "aorc:statistics": {
                    "min": 0.1,
                    "mean": 1.14,
                    "max": 2.56,
                    "units": "inches"
                },
                "season": "Summer"
            }
        },
        {
            "type": "Feature",
            "geometry": {
                "type": "Point",
                "coordinates": [
                    -105.1593,
                    37.2326
                ]
            },
            "properties": {
                "id": "289",
                "storm_start_date": "1980-04-29T00:00:00Z",
                "aorc:statistics": {
                    "min": 0.07,
                    "mean": 1.36,
                    "max": 4.42,
                    "units": "inches"
                },
                "season": "Spring"
            }
        },
        {
            "type": "Feature",
            "geometry": {
                "type": "Point",
                "coordinates": [
                    -113.6923,
                    47.0573
                ]
            },
            "properties": {
                "id": "358",
                "storm_start_date": "1999-11-24T00:00:00Z",
                "aorc:statistics": {
                    "min": 0.06,
                    "mean": 1.25,
                    "max": 8.45,
                    "units": "inches"
                },
                "season": "Autumn"
            }
        },
        {
            "type": "Feature",
            "geometry": {
                "type": "Point",
                "coordinates": [
                    -101.4928,
                    44.8657
                ]
            },
            "properties": {
                "id": "53",
                "storm_start_date": "2008-06-04T00:00:00Z",
                "aorc:statistics": {
                    "min": 0.06,
                    "mean": 2.29,
                    "max": 5.33,
                    "units": "inches"
                },
                "season": "Summer"
            }
        },
        {
            "type": "Feature",
            "geometry": {
                "type": "Point",
                "coordinates": [
                    -100.9845,
                    40.5242
                ]
            },
            "properties": {
                "id": "314",
                "storm_start_date": "2011-06-18T00:00:00Z",
                "aorc:statistics": {
                    "min": 0.06,
                    "mean": 1.3,
                    "max": 4.93,
                    "units": "inches"
                },
                "season": "Summer"
            }
        },
        {
            "type": "Feature",
            "geometry": {
                "type": "Point",
                "coordinates": [
                    -107.1342,
                    45.0323
                ]
            },
            "properties": {
                "id": "182",
                "storm_start_date": "2017-04-25T00:00:00Z",
                "aorc:statistics": {
                    "min": 0.43,
                    "mean": 1.6,
                    "max": 3.9,
                    "units": "inches"
                },
                "season": "Spring"
            }
        },
        {
            "type": "Feature",
            "geometry": {
                "type": "Point",
                "coordinates": [
                    -110.8758,
                    44.299
                ]
            },
            "properties": {
                "id": "386",
                "storm_start_date": "2016-12-14T00:00:00Z",
                "aorc:statistics": {
                    "min": 0.21,
                    "mean": 1.2,
                    "max": 3.56,
                    "units": "inches"
                },
                "season": "Winter"
            }
        },
        {
            "type": "Feature",
            "geometry": {
                "type": "Point",
                "coordinates": [
                    -109.4342,
                    46.7573
                ]
            },
            "properties": {
                "id": "385",
                "storm_start_date": "2019-05-15T00:00:00Z",
                "aorc:statistics": {
                    "min": 0.26,
                    "mean": 1.2,
                    "max": 3.29,
                    "units": "inches"
                },
                "season": "Spring"
            }
        },
        {
            "type": "Feature",
            "geometry": {
                "type": "Point",
                "coordinates": [
                    -102.1594,
                    39.3326
                ]
            },
            "properties": {
                "id": "281",
                "storm_start_date": "2018-10-08T00:00:00Z",
                "aorc:statistics": {
                    "min": 0.35,
                    "mean": 1.39,
                    "max": 4.04,
                    "units": "inches"
                },
                "season": "Autumn"
            }
        },
        {
            "type": "Feature",
            "geometry": {
                "type": "Point",
                "coordinates": [
                    -113.884,
                    44.8073
                ]
            },
            "properties": {
                "id": "143",
                "storm_start_date": "2020-06-16T00:00:00Z",
                "aorc:statistics": {
                    "min": 0.17,
                    "mean": 1.72,
                    "max": 3.87,
                    "units": "inches"
                },
                "season": "Summer"
            }
        },
        {
            "type": "Feature",
            "geometry": {
                "type": "Point",
                "coordinates": [
                    -104.9427,
                    46.7073
                ]
            },
            "properties": {
                "id": "301",
                "storm_start_date": "1980-08-14T00:00:00Z",
                "aorc:statistics": {
                    "min": 0.24,
                    "mean": 1.34,
                    "max": 3.62,
                    "units": "inches"
                },
                "season": "Summer"
            }
        },
        {
            "type": "Feature",
            "geometry": {
                "type": "Point",
                "coordinates": [
                    -109.9425,
                    45.1907
                ]
            },
            "properties": {
                "id": "341",
                "storm_start_date": "1994-12-02T00:00:00Z",
                "aorc:statistics": {
                    "min": 0.01,
                    "mean": 1.27,
                    "max": 12.4,
                    "units": "inches"
                },
                "season": "Winter"
            }
        },
        {
            "type": "Feature",
            "geometry": {
                "type": "Point",
                "coordinates": [
                    -105.8593,
                    42.4991
                ]
            },
            "properties": {
                "id": "123",
                "storm_start_date": "1989-09-08T00:00:00Z",
                "aorc:statistics": {
                    "min": 0.83,
                    "mean": 1.82,
                    "max": 3.87,
                    "units": "inches"
                },
                "season": "Autumn"
            }
        },
        {
            "type": "Feature",
            "geometry": {
                "type": "Point",
                "coordinates": [
                    -101.7261,
                    41.9825
                ]
            },
            "properties": {
                "id": "352",
                "storm_start_date": "2020-05-02T00:00:00Z",
                "aorc:statistics": {
                    "min": 0.0,
                    "mean": 1.25,
                    "max": 3.63,
                    "units": "inches"
                },
                "season": "Spring"
            }
        },
        {
            "type": "Feature",
            "geometry": {
                "type": "Point",
                "coordinates": [
                    -101.7345,
                    38.8492
                ]
            },
            "properties": {
                "id": "423",
                "storm_start_date": "1989-05-15T00:00:00Z",
                "aorc:statistics": {
                    "min": 0.02,
                    "mean": 1.16,
                    "max": 3.07,
                    "units": "inches"
                },
                "season": "Spring"
            }
        },
        {
            "type": "Feature",
            "geometry": {
                "type": "Point",
                "coordinates": [
                    -103.3344,
                    45.5906
                ]
            },
            "properties": {
                "id": "98",
                "storm_start_date": "2025-04-28T00:00:00Z",
                "aorc:statistics": {
                    "min": 0.48,
                    "mean": 1.92,
                    "max": 5.16,
                    "units": "inches"
                },
                "season": "Spring"
            }
        },
        {
            "type": "Feature",
            "geometry": {
                "type": "Point",
                "coordinates": [
                    -101.1928,
                    39.4742
                ]
            },
            "properties": {
                "id": "443",
                "storm_start_date": "1986-05-14T00:00:00Z",
                "aorc:statistics": {
                    "min": 0.0,
                    "mean": 1.14,
                    "max": 2.52,
                    "units": "inches"
                },
                "season": "Spring"
            }
        },
        {
            "type": "Feature",
            "geometry": {
                "type": "Point",
                "coordinates": [
                    -102.4344,
                    41.2741
                ]
            },
            "properties": {
                "id": "82",
                "storm_start_date": "1987-05-02T00:00:00Z",
                "aorc:statistics": {
                    "min": 0.48,
                    "mean": 2.03,
                    "max": 3.42,
                    "units": "inches"
                },
                "season": "Spring"
            }
        },
        {
            "type": "Feature",
            "geometry": {
                "type": "Point",
                "coordinates": [
                    -105.6676,
                    40.3159
                ]
            },
            "properties": {
                "id": "153",
                "storm_start_date": "1983-03-04T00:00:00Z",
                "aorc:statistics": {
                    "min": 0.15,
                    "mean": 1.68,
                    "max": 5.28,
                    "units": "inches"
                },
                "season": "Spring"
            }
        },
        {
            "type": "Feature",
            "geometry": {
                "type": "Point",
                "coordinates": [
                    -104.4344,
                    44.449
                ]
            },
            "properties": {
                "id": "424",
                "storm_start_date": "1998-08-02T00:00:00Z",
                "aorc:statistics": {
                    "min": 0.24,
                    "mean": 1.15,
                    "max": 2.63,
                    "units": "inches"
                },
                "season": "Summer"
            }
        },
        {
            "type": "Feature",
            "geometry": {
                "type": "Point",
                "coordinates": [
                    -103.8177,
                    44.5074
                ]
            },
            "properties": {
                "id": "22",
                "storm_start_date": "2021-10-12T00:00:00Z",
                "aorc:statistics": {
                    "min": 1.08,
                    "mean": 2.74,
                    "max": 4.19,
                    "units": "inches"
                },
                "season": "Autumn"
            }
        },
        {
            "type": "Feature",
            "geometry": {
                "type": "Point",
                "coordinates": [
                    -111.8507,
                    46.3073
                ]
            },
            "properties": {
                "id": "57",
                "storm_start_date": "1983-07-08T00:00:00Z",
                "aorc:statistics": {
                    "min": 0.73,
                    "mean": 2.26,
                    "max": 5.19,
                    "units": "inches"
                },
                "season": "Summer"
            }
        },
        {
            "type": "Feature",
            "geometry": {
                "type": "Point",
                "coordinates": [
                    -109.6591,
                    48.1489
                ]
            },
            "properties": {
                "id": "418",
                "storm_start_date": "2017-10-01T00:00:00Z",
                "aorc:statistics": {
                    "min": 0.15,
                    "mean": 1.16,
                    "max": 3.63,
                    "units": "inches"
                },
                "season": "Autumn"
            }
        },
        {
            "type": "Feature",
            "geometry": {
                "type": "Point",
                "coordinates": [
                    -113.4423,
                    44.8073
                ]
            },
            "properties": {
                "id": "261",
                "storm_start_date": "2006-10-05T00:00:00Z",
                "aorc:statistics": {
                    "min": 0.0,
                    "mean": 1.43,
                    "max": 7.17,
                    "units": "inches"
                },
                "season": "Autumn"
            }
        },
        {
            "type": "Feature",
            "geometry": {
                "type": "Point",
                "coordinates": [
                    -107.3842,
                    44.5574
                ]
            },
            "properties": {
                "id": "41",
                "storm_start_date": "2005-05-10T00:00:00Z",
                "aorc:statistics": {
                    "min": 0.35,
                    "mean": 2.41,
                    "max": 8.41,
                    "units": "inches"
                },
                "season": "Spring"
            }
        },
        {
            "type": "Feature",
            "geometry": {
                "type": "Point",
                "coordinates": [
                    -101.2178,
                    40.1575
                ]
            },
            "properties": {
                "id": "272",
                "storm_start_date": "2009-09-22T00:00:00Z",
                "aorc:statistics": {
                    "min": 0.01,
                    "mean": 1.4,
                    "max": 3.32,
                    "units": "inches"
                },
                "season": "Autumn"
            }
        },
        {
            "type": "Feature",
            "geometry": {
                "type": "Point",
                "coordinates": [
                    -103.7511,
                    43.8074
                ]
            },
            "properties": {
                "id": "397",
                "storm_start_date": "1991-05-26T00:00:00Z",
                "aorc:statistics": {
                    "min": 0.27,
                    "mean": 1.19,
                    "max": 2.42,
                    "units": "inches"
                },
                "season": "Spring"
            }
        },
        {
            "type": "Feature",
            "geometry": {
                "type": "Point",
                "coordinates": [
                    -101.4428,
                    39.7409
                ]
            },
            "properties": {
                "id": "185",
                "storm_start_date": "1981-04-19T00:00:00Z",
                "aorc:statistics": {
                    "min": 0.0,
                    "mean": 1.6,
                    "max": 4.07,
                    "units": "inches"
                },
                "season": "Spring"
            }
        },
        {
            "type": "Feature",
            "geometry": {
                "type": "Point",
                "coordinates": [
                    -105.551,
                    40.0575
                ]
            },
            "properties": {
                "id": "48",
                "storm_start_date": "2009-04-16T00:00:00Z",
                "aorc:statistics": {
                    "min": 0.31,
                    "mean": 2.35,
                    "max": 7.6,
                    "units": "inches"
                },
                "season": "Spring"
            }
        },
        {
            "type": "Feature",
            "geometry": {
                "type": "Point",
                "coordinates": [
                    -101.4678,
                    44.8823
                ]
            },
            "properties": {
                "id": "89",
                "storm_start_date": "1996-09-17T00:00:00Z",
                "aorc:statistics": {
                    "min": 0.2,
                    "mean": 1.97,
                    "max": 5.58,
                    "units": "inches"
                },
                "season": "Autumn"
            }
        },
        {
            "type": "Feature",
            "geometry": {
                "type": "Point",
                "coordinates": [
                    -103.9177,
                    42.8741
                ]
            },
            "properties": {
                "id": "126",
                "storm_start_date": "2018-05-28T00:00:00Z",
                "aorc:statistics": {
                    "min": 0.16,
                    "mean": 1.8,
                    "max": 5.54,
                    "units": "inches"
                },
                "season": "Spring"
            }
        },
        {
            "type": "Feature",
            "geometry": {
                "type": "Point",
                "coordinates": [
                    -112.2507,
                    46.4073
                ]
            },
            "properties": {
                "id": "42",
                "storm_start_date": "1981-05-20T00:00:00Z",
                "aorc:statistics": {
                    "min": 0.49,
                    "mean": 2.4,
                    "max": 6.19,
                    "units": "inches"
                },
                "season": "Spring"
            }
        },
        {
            "type": "Feature",
            "geometry": {
                "type": "Point",
                "coordinates": [
                    -102.6928,
                    39.4242
                ]
            },
            "properties": {
                "id": "316",
                "storm_start_date": "2022-05-02T00:00:00Z",
                "aorc:statistics": {
                    "min": 0.0,
                    "mean": 1.3,
                    "max": 2.61,
                    "units": "inches"
                },
                "season": "Spring"
            }
        },
        {
            "type": "Feature",
            "geometry": {
                "type": "Point",
                "coordinates": [
                    -110.5591,
                    47.2906
                ]
            },
            "properties": {
                "id": "221",
                "storm_start_date": "2018-05-09T00:00:00Z",
                "aorc:statistics": {
                    "min": 0.06,
                    "mean": 1.53,
                    "max": 3.65,
                    "units": "inches"
                },
                "season": "Spring"
            }
        },
        {
            "type": "Feature",
            "geometry": {
                "type": "Point",
                "coordinates": [
                    -111.5674,
                    45.4323
                ]
            },
            "properties": {
                "id": "163",
                "storm_start_date": "2015-09-15T00:00:00Z",
                "aorc:statistics": {
                    "min": 0.14,
                    "mean": 1.65,
                    "max": 7.22,
                    "units": "inches"
                },
                "season": "Autumn"
            }
        },
        {
            "type": "Feature",
            "geometry": {
                "type": "Point",
                "coordinates": [
                    -107.2592,
                    45.349
                ]
            },
            "properties": {
                "id": "269",
                "storm_start_date": "2019-07-07T00:00:00Z",
                "aorc:statistics": {
                    "min": 0.2,
                    "mean": 1.41,
                    "max": 4.2,
                    "units": "inches"
                },
                "season": "Summer"
            }
        },
        {
            "type": "Feature",
            "geometry": {
                "type": "Point",
                "coordinates": [
                    -109.4425,
                    46.7406
                ]
            },
            "properties": {
                "id": "350",
                "storm_start_date": "2015-06-02T00:00:00Z",
                "aorc:statistics": {
                    "min": 0.16,
                    "mean": 1.26,
                    "max": 5.35,
                    "units": "inches"
                },
                "season": "Summer"
            }
        },
        {
            "type": "Feature",
            "geometry": {
                "type": "Point",
                "coordinates": [
                    -107.0009,
                    44.6073
                ]
            },
            "properties": {
                "id": "39",
                "storm_start_date": "2016-09-22T00:00:00Z",
                "aorc:statistics": {
                    "min": 0.38,
                    "mean": 2.42,
                    "max": 4.6,
                    "units": "inches"
                },
                "season": "Autumn"
            }
        },
        {
            "type": "Feature",
            "geometry": {
                "type": "Point",
                "coordinates": [
                    -110.6424,
                    47.4322
                ]
            },
            "properties": {
                "id": "410",
                "storm_start_date": "2010-04-28T00:00:00Z",
                "aorc:statistics": {
                    "min": 0.22,
                    "mean": 1.17,
                    "max": 5.59,
                    "units": "inches"
                },
                "season": "Spring"
            }
        },
        {
            "type": "Feature",
            "geometry": {
                "type": "Point",
                "coordinates": [
                    -104.9677,
                    45.374
                ]
            },
            "properties": {
                "id": "395",
                "storm_start_date": "2017-04-18T00:00:00Z",
                "aorc:statistics": {
                    "min": 0.3,
                    "mean": 1.19,
                    "max": 2.33,
                    "units": "inches"
                },
                "season": "Spring"
            }
        },
        {
            "type": "Feature",
            "geometry": {
                "type": "Point",
                "coordinates": [
                    -107.1342,
                    44.3074
                ]
            },
            "properties": {
                "id": "312",
                "storm_start_date": "2009-10-04T00:00:00Z",
                "aorc:statistics": {
                    "min": 0.33,
                    "mean": 1.31,
                    "max": 4.17,
                    "units": "inches"
                },
                "season": "Autumn"
            }
        },
        {
            "type": "Feature",
            "geometry": {
                "type": "Point",
                "coordinates": [
                    -107.2342,
                    45.7406
                ]
            },
            "properties": {
                "id": "187",
                "storm_start_date": "2023-05-25T00:00:00Z",
                "aorc:statistics": {
                    "min": 0.06,
                    "mean": 1.59,
                    "max": 5.54,
                    "units": "inches"
                },
                "season": "Spring"
            }
        },
        {
            "type": "Feature",
            "geometry": {
                "type": "Point",
                "coordinates": [
                    -104.6843,
                    45.6823
                ]
            },
            "properties": {
                "id": "379",
                "storm_start_date": "2010-03-31T00:00:00Z",
                "aorc:statistics": {
                    "min": 0.15,
                    "mean": 1.22,
                    "max": 2.71,
                    "units": "inches"
                },
                "season": "Spring"
            }
        },
        {
            "type": "Feature",
            "geometry": {
                "type": "Point",
                "coordinates": [
                    -102.6011,
                    45.6573
                ]
            },
            "properties": {
                "id": "263",
                "storm_start_date": "2022-06-12T00:00:00Z",
                "aorc:statistics": {
                    "min": 0.33,
                    "mean": 1.43,
                    "max": 4.28,
                    "units": "inches"
                },
                "season": "Summer"
            }
        },
        {
            "type": "Feature",
            "geometry": {
                "type": "Point",
                "coordinates": [
                    -104.0677,
                    45.9073
                ]
            },
            "properties": {
                "id": "369",
                "storm_start_date": "1990-06-14T00:00:00Z",
                "aorc:statistics": {
                    "min": 0.13,
                    "mean": 1.23,
                    "max": 2.68,
                    "units": "inches"
                },
                "season": "Summer"
            }
        },
        {
            "type": "Feature",
            "geometry": {
                "type": "Point",
                "coordinates": [
                    -113.634,
                    47.5572
                ]
            },
            "properties": {
                "id": "280",
                "storm_start_date": "2010-11-16T00:00:00Z",
                "aorc:statistics": {
                    "min": 0.01,
                    "mean": 1.39,
                    "max": 9.76,
                    "units": "inches"
                },
                "season": "Autumn"
            }
        },
        {
            "type": "Feature",
            "geometry": {
                "type": "Point",
                "coordinates": [
                    -104.0844,
                    42.7991
                ]
            },
            "properties": {
                "id": "51",
                "storm_start_date": "2023-10-11T00:00:00Z",
                "aorc:statistics": {
                    "min": 0.52,
                    "mean": 2.34,
                    "max": 4.43,
                    "units": "inches"
                },
                "season": "Autumn"
            }
        },
        {
            "type": "Feature",
            "geometry": {
                "type": "Point",
                "coordinates": [
                    -111.2174,
                    47.0239
                ]
            },
            "properties": {
                "id": "87",
                "storm_start_date": "2017-06-12T00:00:00Z",
                "aorc:statistics": {
                    "min": 0.42,
                    "mean": 1.99,
                    "max": 4.35,
                    "units": "inches"
                },
                "season": "Summer"
            }
        },
        {
            "type": "Feature",
            "geometry": {
                "type": "Point",
                "coordinates": [
                    -112.709,
                    47.1239
                ]
            },
            "properties": {
                "id": "93",
                "storm_start_date": "2020-05-19T00:00:00Z",
                "aorc:statistics": {
                    "min": 0.73,
                    "mean": 1.95,
                    "max": 4.53,
                    "units": "inches"
                },
                "season": "Spring"
            }
        },
        {
            "type": "Feature",
            "geometry": {
                "type": "Point",
                "coordinates": [
                    -110.3841,
                    46.099
                ]
            },
            "properties": {
                "id": "124",
                "storm_start_date": "2016-07-09T00:00:00Z",
                "aorc:statistics": {
                    "min": 0.4,
                    "mean": 1.81,
                    "max": 3.86,
                    "units": "inches"
                },
                "season": "Summer"
            }
        },
        {
            "type": "Feature",
            "geometry": {
                "type": "Point",
                "coordinates": [
                    -112.934,
                    45.5573
                ]
            },
            "properties": {
                "id": "412",
                "storm_start_date": "1980-09-10T00:00:00Z",
                "aorc:statistics": {
                    "min": 0.08,
                    "mean": 1.17,
                    "max": 5.21,
                    "units": "inches"
                },
                "season": "Autumn"
            }
        },
        {
            "type": "Feature",
            "geometry": {
                "type": "Point",
                "coordinates": [
                    -99.6512,
                    46.199
                ]
            },
            "properties": {
                "id": "212",
                "storm_start_date": "2007-05-29T00:00:00Z",
                "aorc:statistics": {
                    "min": 0.33,
                    "mean": 1.55,
                    "max": 4.33,
                    "units": "inches"
                },
                "season": "Spring"
            }
        },
        {
            "type": "Feature",
            "geometry": {
                "type": "Point",
                "coordinates": [
                    -103.6594,
                    37.8743
                ]
            },
            "properties": {
                "id": "43",
                "storm_start_date": "2024-11-07T00:00:00Z",
                "aorc:statistics": {
                    "min": 1.19,
                    "mean": 2.38,
                    "max": 3.72,
                    "units": "inches"
                },
                "season": "Autumn"
            }
        },
        {
            "type": "Feature",
            "geometry": {
                "type": "Point",
                "coordinates": [
                    -108.3092,
                    45.1157
                ]
            },
            "properties": {
                "id": "172",
                "storm_start_date": "2005-04-19T00:00:00Z",
                "aorc:statistics": {
                    "min": 0.33,
                    "mean": 1.63,
                    "max": 6.67,
                    "units": "inches"
                },
                "season": "Spring"
            }
        },
        {
            "type": "Feature",
            "geometry": {
                "type": "Point",
                "coordinates": [
                    -99.4012,
                    45.3407
                ]
            },
            "properties": {
                "id": "302",
                "storm_start_date": "2008-07-17T00:00:00Z",
                "aorc:statistics": {
                    "min": 0.09,
                    "mean": 1.34,
                    "max": 4.46,
                    "units": "inches"
                },
                "season": "Summer"
            }
        },
        {
            "type": "Feature",
            "geometry": {
                "type": "Point",
                "coordinates": [
                    -110.5508,
                    47.4322
                ]
            },
            "properties": {
                "id": "20",
                "storm_start_date": "1982-05-27T00:00:00Z",
                "aorc:statistics": {
                    "min": 0.63,
                    "mean": 2.82,
                    "max": 9.45,
                    "units": "inches"
                },
                "season": "Spring"
            }
        },
        {
            "type": "Feature",
            "geometry": {
                "type": "Point",
                "coordinates": [
                    -109.3175,
                    46.7573
                ]
            },
            "properties": {
                "id": "3",
                "storm_start_date": "2016-10-02T00:00:00Z",
                "aorc:statistics": {
                    "min": 1.25,
                    "mean": 3.62,
                    "max": 7.69,
                    "units": "inches"
                },
                "season": "Autumn"
            }
        },
        {
            "type": "Feature",
            "geometry": {
                "type": "Point",
                "coordinates": [
                    -113.634,
                    47.5989
                ]
            },
            "properties": {
                "id": "361",
                "storm_start_date": "2023-05-05T00:00:00Z",
                "aorc:statistics": {
                    "min": 0.04,
                    "mean": 1.24,
                    "max": 4.72,
                    "units": "inches"
                },
                "season": "Spring"
            }
        },
        {
            "type": "Feature",
            "geometry": {
                "type": "Point",
                "coordinates": [
                    -110.4924,
                    47.4656
                ]
            },
            "properties": {
                "id": "279",
                "storm_start_date": "1988-09-16T00:00:00Z",
                "aorc:statistics": {
                    "min": 0.32,
                    "mean": 1.39,
                    "max": 4.22,
                    "units": "inches"
                },
                "season": "Autumn"
            }
        },
        {
            "type": "Feature",
            "geometry": {
                "type": "Point",
                "coordinates": [
                    -105.8426,
                    42.5658
                ]
            },
            "properties": {
                "id": "158",
                "storm_start_date": "1990-07-19T00:00:00Z",
                "aorc:statistics": {
                    "min": 0.62,
                    "mean": 1.67,
                    "max": 3.1,
                    "units": "inches"
                },
                "season": "Summer"
            }
        },
        {
            "type": "Feature",
            "geometry": {
                "type": "Point",
                "coordinates": [
                    -103.8094,
                    44.3324
                ]
            },
            "properties": {
                "id": "217",
                "storm_start_date": "2006-09-21T00:00:00Z",
                "aorc:statistics": {
                    "min": 0.26,
                    "mean": 1.54,
                    "max": 5.5,
                    "units": "inches"
                },
                "season": "Autumn"
            }
        },
        {
            "type": "Feature",
            "geometry": {
                "type": "Point",
                "coordinates": [
                    -105.6926,
                    44.8157
                ]
            },
            "properties": {
                "id": "231",
                "storm_start_date": "1990-04-25T00:00:00Z",
                "aorc:statistics": {
                    "min": 0.11,
                    "mean": 1.51,
                    "max": 4.6,
                    "units": "inches"
                },
                "season": "Spring"
            }
        },
        {
            "type": "Feature",
            "geometry": {
                "type": "Point",
                "coordinates": [
                    -101.5345,
                    44.949
                ]
            },
            "properties": {
                "id": "283",
                "storm_start_date": "2019-07-19T00:00:00Z",
                "aorc:statistics": {
                    "min": 0.0,
                    "mean": 1.38,
                    "max": 3.76,
                    "units": "inches"
                },
                "season": "Summer"
            }
        },
        {
            "type": "Feature",
            "geometry": {
                "type": "Point",
                "coordinates": [
                    -102.9094,
                    39.8825
                ]
            },
            "properties": {
                "id": "428",
                "storm_start_date": "2021-04-27T00:00:00Z",
                "aorc:statistics": {
                    "min": 0.0,
                    "mean": 1.15,
                    "max": 3.44,
                    "units": "inches"
                },
                "season": "Spring"
            }
        },
        {
            "type": "Feature",
            "geometry": {
                "type": "Point",
                "coordinates": [
                    -113.5673,
                    45.1157
                ]
            },
            "properties": {
                "id": "435",
                "storm_start_date": "2001-09-05T00:00:00Z",
                "aorc:statistics": {
                    "min": 0.24,
                    "mean": 1.15,
                    "max": 3.57,
                    "units": "inches"
                },
                "season": "Autumn"
            }
        },
        {
            "type": "Feature",
            "geometry": {
                "type": "Point",
                "coordinates": [
                    -113.434,
                    48.4489
                ]
            },
            "properties": {
                "id": "375",
                "storm_start_date": "1996-06-22T00:00:00Z",
                "aorc:statistics": {
                    "min": 0.3,
                    "mean": 1.22,
                    "max": 4.57,
                    "units": "inches"
                },
                "season": "Summer"
            }
        },
        {
            "type": "Feature",
            "geometry": {
                "type": "Point",
                "coordinates": [
                    -113.3673,
                    45.9323
                ]
            },
            "properties": {
                "id": "216",
                "storm_start_date": "2007-04-17T00:00:00Z",
                "aorc:statistics": {
                    "min": 0.31,
                    "mean": 1.54,
                    "max": 5.57,
                    "units": "inches"
                },
                "season": "Spring"
            }
        },
        {
            "type": "Feature",
            "geometry": {
                "type": "Point",
                "coordinates": [
                    -101.6345,
                    45.7823
                ]
            },
            "properties": {
                "id": "290",
                "storm_start_date": "2025-09-13T00:00:00Z",
                "aorc:statistics": {
                    "min": 0.0,
                    "mean": 1.36,
                    "max": 5.24,
                    "units": "inches"
                },
                "season": "Autumn"
            }
        },
        {
            "type": "Feature",
            "geometry": {
                "type": "Point",
                "coordinates": [
                    -103.826,
                    44.3074
                ]
            },
            "properties": {
                "id": "420",
                "storm_start_date": "2013-10-11T00:00:00Z",
                "aorc:statistics": {
                    "min": 0.42,
                    "mean": 1.16,
                    "max": 3.22,
                    "units": "inches"
                },
                "season": "Autumn"
            }
        },
        {
            "type": "Feature",
            "geometry": {
                "type": "Point",
                "coordinates": [
                    -106.201,
                    47.3072
                ]
            },
            "properties": {
                "id": "196",
                "storm_start_date": "2022-07-03T00:00:00Z",
                "aorc:statistics": {
                    "min": 0.07,
                    "mean": 1.57,
                    "max": 4.61,
                    "units": "inches"
                },
                "season": "Summer"
            }
        },
        {
            "type": "Feature",
            "geometry": {
                "type": "Point",
                "coordinates": [
                    -100.0179,
                    45.4656
                ]
            },
            "properties": {
                "id": "85",
                "storm_start_date": "1980-10-15T00:00:00Z",
                "aorc:statistics": {
                    "min": 0.68,
                    "mean": 2.0,
                    "max": 3.78,
                    "units": "inches"
                },
                "season": "Autumn"
            }
        },
        {
            "type": "Feature",
            "geometry": {
                "type": "Point",
                "coordinates": [
                    -101.9761,
                    45.0657
                ]
            },
            "properties": {
                "id": "320",
                "storm_start_date": "2004-10-29T00:00:00Z",
                "aorc:statistics": {
                    "min": 0.13,
                    "mean": 1.29,
                    "max": 2.72,
                    "units": "inches"
                },
                "season": "Autumn"
            }
        },
        {
            "type": "Feature",
            "geometry": {
                "type": "Point",
                "coordinates": [
                    -102.2261,
                    39.7409
                ]
            },
            "properties": {
                "id": "286",
                "storm_start_date": "2022-07-27T00:00:00Z",
                "aorc:statistics": {
                    "min": 0.01,
                    "mean": 1.37,
                    "max": 4.57,
                    "units": "inches"
                },
                "season": "Summer"
            }
        },
        {
            "type": "Feature",
            "geometry": {
                "type": "Point",
                "coordinates": [
                    -101.5345,
                    40.0575
                ]
            },
            "properties": {
                "id": "95",
                "storm_start_date": "1991-07-21T00:00:00Z",
                "aorc:statistics": {
                    "min": 0.26,
                    "mean": 1.94,
                    "max": 4.71,
                    "units": "inches"
                },
                "season": "Summer"
            }
        },
        {
            "type": "Feature",
            "geometry": {
                "type": "Point",
                "coordinates": [
                    -108.0675,
                    45.174
                ]
            },
            "properties": {
                "id": "111",
                "storm_start_date": "1982-06-06T00:00:00Z",
                "aorc:statistics": {
                    "min": 0.35,
                    "mean": 1.88,
                    "max": 4.5,
                    "units": "inches"
                },
                "season": "Summer"
            }
        },
        {
            "type": "Feature",
            "geometry": {
                "type": "Point",
                "coordinates": [
                    -101.9678,
                    40.6075
                ]
            },
            "properties": {
                "id": "161",
                "storm_start_date": "2007-06-12T00:00:00Z",
                "aorc:statistics": {
                    "min": 0.02,
                    "mean": 1.66,
                    "max": 6.01,
                    "units": "inches"
                },
                "season": "Summer"
            }
        },
        {
            "type": "Feature",
            "geometry": {
                "type": "Point",
                "coordinates": [
                    -113.559,
                    47.7822
                ]
            },
            "properties": {
                "id": "436",
                "storm_start_date": "2011-06-02T00:00:00Z",
                "aorc:statistics": {
                    "min": 0.2,
                    "mean": 1.14,
                    "max": 3.87,
                    "units": "inches"
                },
                "season": "Summer"
            }
        },
        {
            "type": "Feature",
            "geometry": {
                "type": "Point",
                "coordinates": [
                    -112.8174,
                    47.7322
                ]
            },
            "properties": {
                "id": "142",
                "storm_start_date": "1996-12-27T00:00:00Z",
                "aorc:statistics": {
                    "min": 0.19,
                    "mean": 1.72,
                    "max": 10.76,
                    "units": "inches"
                },
                "season": "Winter"
            }
        },
        {
            "type": "Feature",
            "geometry": {
                "type": "Point",
                "coordinates": [
                    -105.4343,
                    39.3159
                ]
            },
            "properties": {
                "id": "211",
                "storm_start_date": "1984-10-14T00:00:00Z",
                "aorc:statistics": {
                    "min": 0.26,
                    "mean": 1.55,
                    "max": 6.76,
                    "units": "inches"
                },
                "season": "Autumn"
            }
        },
        {
            "type": "Feature",
            "geometry": {
                "type": "Point",
                "coordinates": [
                    -113.1673,
                    47.6406
                ]
            },
            "properties": {
                "id": "402",
                "storm_start_date": "2025-12-17T00:00:00Z",
                "aorc:statistics": {
                    "min": 0.06,
                    "mean": 1.18,
                    "max": 5.32,
                    "units": "inches"
                },
                "season": "Winter"
            }
        },
        {
            "type": "Feature",
            "geometry": {
                "type": "Point",
                "coordinates": [
                    -102.0261,
                    45.0573
                ]
            },
            "properties": {
                "id": "26",
                "storm_start_date": "2023-08-03T00:00:00Z",
                "aorc:statistics": {
                    "min": 0.43,
                    "mean": 2.63,
                    "max": 8.55,
                    "units": "inches"
                },
                "season": "Summer"
            }
        },
        {
            "type": "Feature",
            "geometry": {
                "type": "Point",
                "coordinates": [
                    -111.1508,
                    48.8488
                ]
            },
            "properties": {
                "id": "229",
                "storm_start_date": "1999-06-02T00:00:00Z",
                "aorc:statistics": {
                    "min": 0.25,
                    "mean": 1.52,
                    "max": 6.71,
                    "units": "inches"
                },
                "season": "Summer"
            }
        },
        {
            "type": "Feature",
            "geometry": {
                "type": "Point",
                "coordinates": [
                    -113.4423,
                    47.3072
                ]
            },
            "properties": {
                "id": "343",
                "storm_start_date": "2013-05-22T00:00:00Z",
                "aorc:statistics": {
                    "min": 0.15,
                    "mean": 1.27,
                    "max": 6.59,
                    "units": "inches"
                },
                "season": "Spring"
            }
        },
        {
            "type": "Feature",
            "geometry": {
                "type": "Point",
                "coordinates": [
                    -105.6176,
                    39.5576
                ]
            },
            "properties": {
                "id": "165",
                "storm_start_date": "1999-04-21T00:00:00Z",
                "aorc:statistics": {
                    "min": 0.03,
                    "mean": 1.64,
                    "max": 5.93,
                    "units": "inches"
                },
                "season": "Spring"
            }
        },
        {
            "type": "Feature",
            "geometry": {
                "type": "Point",
                "coordinates": [
                    -106.1176,
                    48.4989
                ]
            },
            "properties": {
                "id": "318",
                "storm_start_date": "2012-05-26T00:00:00Z",
                "aorc:statistics": {
                    "min": 0.42,
                    "mean": 1.3,
                    "max": 2.69,
                    "units": "inches"
                },
                "season": "Spring"
            }
        },
        {
            "type": "Feature",
            "geometry": {
                "type": "Point",
                "coordinates": [
                    -102.5678,
                    44.6823
                ]
            },
            "properties": {
                "id": "105",
                "storm_start_date": "1988-06-28T00:00:00Z",
                "aorc:statistics": {
                    "min": 0.15,
                    "mean": 1.9,
                    "max": 4.7,
                    "units": "inches"
                },
                "season": "Summer"
            }
        },
        {
            "type": "Feature",
            "geometry": {
                "type": "Point",
                "coordinates": [
                    -108.4925,
                    47.9655
                ]
            },
            "properties": {
                "id": "242",
                "storm_start_date": "2008-06-10T00:00:00Z",
                "aorc:statistics": {
                    "min": 0.17,
                    "mean": 1.48,
                    "max": 4.56,
                    "units": "inches"
                },
                "season": "Summer"
            }
        },
        {
            "type": "Feature",
            "geometry": {
                "type": "Point",
                "coordinates": [
                    -109.3092,
                    48.2489
                ]
            },
            "properties": {
                "id": "116",
                "storm_start_date": "2013-06-02T00:00:00Z",
                "aorc:statistics": {
                    "min": 0.47,
                    "mean": 1.85,
                    "max": 5.37,
                    "units": "inches"
                },
                "season": "Summer"
            }
        },
        {
            "type": "Feature",
            "geometry": {
                "type": "Point",
                "coordinates": [
                    -104.0677,
                    41.1908
                ]
            },
            "properties": {
                "id": "74",
                "storm_start_date": "2014-09-29T00:00:00Z",
                "aorc:statistics": {
                    "min": 0.07,
                    "mean": 2.09,
                    "max": 5.25,
                    "units": "inches"
                },
                "season": "Autumn"
            }
        },
        {
            "type": "Feature",
            "geometry": {
                "type": "Point",
                "coordinates": [
                    -108.0675,
                    45.174
                ]
            },
            "properties": {
                "id": "277",
                "storm_start_date": "1992-06-28T00:00:00Z",
                "aorc:statistics": {
                    "min": 0.5,
                    "mean": 1.39,
                    "max": 2.49,
                    "units": "inches"
                },
                "season": "Summer"
            }
        },
        {
            "type": "Feature",
            "geometry": {
                "type": "Point",
                "coordinates": [
                    -109.5175,
                    46.7739
                ]
            },
            "properties": {
                "id": "357",
                "storm_start_date": "1986-07-03T00:00:00Z",
                "aorc:statistics": {
                    "min": 0.35,
                    "mean": 1.25,
                    "max": 4.02,
                    "units": "inches"
                },
                "season": "Summer"
            }
        },
        {
            "type": "Feature",
            "geometry": {
                "type": "Point",
                "coordinates": [
                    -101.6511,
                    38.8492
                ]
            },
            "properties": {
                "id": "223",
                "storm_start_date": "1999-07-31T00:00:00Z",
                "aorc:statistics": {
                    "min": 0.25,
                    "mean": 1.53,
                    "max": 4.6,
                    "units": "inches"
                },
                "season": "Summer"
            }
        },
        {
            "type": "Feature",
            "geometry": {
                "type": "Point",
                "coordinates": [
                    -107.0009,
                    44.6073
                ]
            },
            "properties": {
                "id": "78",
                "storm_start_date": "2019-05-26T00:00:00Z",
                "aorc:statistics": {
                    "min": 0.54,
                    "mean": 2.05,
                    "max": 5.62,
                    "units": "inches"
                },
                "season": "Spring"
            }
        },
        {
            "type": "Feature",
            "geometry": {
                "type": "Point",
                "coordinates": [
                    -106.9926,
                    41.2075
                ]
            },
            "properties": {
                "id": "384",
                "storm_start_date": "1996-04-11T00:00:00Z",
                "aorc:statistics": {
                    "min": 0.31,
                    "mean": 1.21,
                    "max": 7.22,
                    "units": "inches"
                },
                "season": "Spring"
            }
        },
        {
            "type": "Feature",
            "geometry": {
                "type": "Point",
                "coordinates": [
                    -103.9677,
                    44.8573
                ]
            },
            "properties": {
                "id": "147",
                "storm_start_date": "2019-04-09T00:00:00Z",
                "aorc:statistics": {
                    "min": 0.48,
                    "mean": 1.7,
                    "max": 2.75,
                    "units": "inches"
                },
                "season": "Spring"
            }
        },
        {
            "type": "Feature",
            "geometry": {
                "type": "Point",
                "coordinates": [
                    -113.9423,
                    47.0822
                ]
            },
            "properties": {
                "id": "246",
                "storm_start_date": "2001-06-02T00:00:00Z",
                "aorc:statistics": {
                    "min": 0.5,
                    "mean": 1.47,
                    "max": 4.32,
                    "units": "inches"
                },
                "season": "Summer"
            }
        },
        {
            "type": "Feature",
            "geometry": {
                "type": "Point",
                "coordinates": [
                    -100.6012,
                    45.8906
                ]
            },
            "properties": {
                "id": "403",
                "storm_start_date": "2019-10-20T00:00:00Z",
                "aorc:statistics": {
                    "min": 0.26,
                    "mean": 1.18,
                    "max": 2.93,
                    "units": "inches"
                },
                "season": "Autumn"
            }
        },
        {
            "type": "Feature",
            "geometry": {
                "type": "Point",
                "coordinates": [
                    -103.7177,
                    44.3824
                ]
            },
            "properties": {
                "id": "100",
                "storm_start_date": "1982-05-18T00:00:00Z",
                "aorc:statistics": {
                    "min": 0.17,
                    "mean": 1.92,
                    "max": 4.92,
                    "units": "inches"
                },
                "season": "Spring"
            }
        },
        {
            "type": "Feature",
            "geometry": {
                "type": "Point",
                "coordinates": [
                    -105.2427,
                    40.4325
                ]
            },
            "properties": {
                "id": "154",
                "storm_start_date": "1982-07-27T00:00:00Z",
                "aorc:statistics": {
                    "min": 0.3,
                    "mean": 1.68,
                    "max": 3.59,
                    "units": "inches"
                },
                "season": "Summer"
            }
        },
        {
            "type": "Feature",
            "geometry": {
                "type": "Point",
                "coordinates": [
                    -105.5176,
                    44.5574
                ]
            },
            "properties": {
                "id": "407",
                "storm_start_date": "2025-06-14T00:00:00Z",
                "aorc:statistics": {
                    "min": 0.0,
                    "mean": 1.17,
                    "max": 4.74,
                    "units": "inches"
                },
                "season": "Summer"
            }
        },
        {
            "type": "Feature",
            "geometry": {
                "type": "Point",
                "coordinates": [
                    -103.8594,
                    44.5074
                ]
            },
            "properties": {
                "id": "180",
                "storm_start_date": "2024-04-06T00:00:00Z",
                "aorc:statistics": {
                    "min": 0.52,
                    "mean": 1.62,
                    "max": 4.24,
                    "units": "inches"
                },
                "season": "Spring"
            }
        },
        {
            "type": "Feature",
            "geometry": {
                "type": "Point",
                "coordinates": [
                    -113.759,
                    46.2906
                ]
            },
            "properties": {
                "id": "73",
                "storm_start_date": "2020-06-28T00:00:00Z",
                "aorc:statistics": {
                    "min": 0.77,
                    "mean": 2.09,
                    "max": 4.11,
                    "units": "inches"
                },
                "season": "Summer"
            }
        },
        {
            "type": "Feature",
            "geometry": {
                "type": "Point",
                "coordinates": [
                    -105.9426,
                    40.6075
                ]
            },
            "properties": {
                "id": "146",
                "storm_start_date": "1983-05-15T00:00:00Z",
                "aorc:statistics": {
                    "min": 0.46,
                    "mean": 1.71,
                    "max": 4.18,
                    "units": "inches"
                },
                "season": "Spring"
            }
        },
        {
            "type": "Feature",
            "geometry": {
                "type": "Point",
                "coordinates": [
                    -103.826,
                    40.5908
                ]
            },
            "properties": {
                "id": "121",
                "storm_start_date": "1997-07-28T00:00:00Z",
                "aorc:statistics": {
                    "min": 0.09,
                    "mean": 1.84,
                    "max": 4.58,
                    "units": "inches"
                },
                "season": "Summer"
            }
        },
        {
            "type": "Feature",
            "geometry": {
                "type": "Point",
                "coordinates": [
                    -102.3178,
                    46.5323
                ]
            },
            "properties": {
                "id": "328",
                "storm_start_date": "2022-05-11T00:00:00Z",
                "aorc:statistics": {
                    "min": 0.11,
                    "mean": 1.29,
                    "max": 2.89,
                    "units": "inches"
                },
                "season": "Spring"
            }
        },
        {
            "type": "Feature",
            "geometry": {
                "type": "Point",
                "coordinates": [
                    -112.8674,
                    47.3239
                ]
            },
            "properties": {
                "id": "284",
                "storm_start_date": "2000-10-12T00:00:00Z",
                "aorc:statistics": {
                    "min": 0.2,
                    "mean": 1.38,
                    "max": 4.9,
                    "units": "inches"
                },
                "season": "Autumn"
            }
        },
        {
            "type": "Feature",
            "geometry": {
                "type": "Point",
                "coordinates": [
                    -100.4762,
                    41.0908
                ]
            },
            "properties": {
                "id": "319",
                "storm_start_date": "2025-06-03T00:00:00Z",
                "aorc:statistics": {
                    "min": 0.21,
                    "mean": 1.3,
                    "max": 4.93,
                    "units": "inches"
                },
                "season": "Summer"
            }
        },
        {
            "type": "Feature",
            "geometry": {
                "type": "Point",
                "coordinates": [
                    -111.7757,
                    47.0573
                ]
            },
            "properties": {
                "id": "431",
                "storm_start_date": "2004-08-22T00:00:00Z",
                "aorc:statistics": {
                    "min": 0.07,
                    "mean": 1.15,
                    "max": 3.23,
                    "units": "inches"
                },
                "season": "Summer"
            }
        },
        {
            "type": "Feature",
            "geometry": {
                "type": "Point",
                "coordinates": [
                    -101.8678,
                    42.9907
                ]
            },
            "properties": {
                "id": "425",
                "storm_start_date": "1983-04-29T00:00:00Z",
                "aorc:statistics": {
                    "min": 0.14,
                    "mean": 1.15,
                    "max": 3.32,
                    "units": "inches"
                },
                "season": "Spring"
            }
        },
        {
            "type": "Feature",
            "geometry": {
                "type": "Point",
                "coordinates": [
                    -113.2507,
                    47.7822
                ]
            },
            "properties": {
                "id": "333",
                "storm_start_date": "1984-06-19T00:00:00Z",
                "aorc:statistics": {
                    "min": 0.0,
                    "mean": 1.28,
                    "max": 4.58,
                    "units": "inches"
                },
                "season": "Summer"
            }
        },
        {
            "type": "Feature",
            "geometry": {
                "type": "Point",
                "coordinates": [
                    -103.1844,
                    38.0409
                ]
            },
            "properties": {
                "id": "344",
                "storm_start_date": "1998-07-29T00:00:00Z",
                "aorc:statistics": {
                    "min": 0.13,
                    "mean": 1.27,
                    "max": 2.86,
                    "units": "inches"
                },
                "season": "Summer"
            }
        },
        {
            "type": "Feature",
            "geometry": {
                "type": "Point",
                "coordinates": [
                    -103.7677,
                    44.3907
                ]
            },
            "properties": {
                "id": "118",
                "storm_start_date": "2013-05-18T00:00:00Z",
                "aorc:statistics": {
                    "min": 0.63,
                    "mean": 1.84,
                    "max": 4.48,
                    "units": "inches"
                },
                "season": "Spring"
            }
        },
        {
            "type": "Feature",
            "geometry": {
                "type": "Point",
                "coordinates": [
                    -104.6843,
                    38.8659
                ]
            },
            "properties": {
                "id": "273",
                "storm_start_date": "1999-08-04T00:00:00Z",
                "aorc:statistics": {
                    "min": 0.31,
                    "mean": 1.4,
                    "max": 3.98,
                    "units": "inches"
                },
                "season": "Summer"
            }
        },
        {
            "type": "Feature",
            "geometry": {
                "type": "Point",
                "coordinates": [
                    -102.3428,
                    40.3159
                ]
            },
            "properties": {
                "id": "275",
                "storm_start_date": "2021-05-30T00:00:00Z",
                "aorc:statistics": {
                    "min": 0.21,
                    "mean": 1.4,
                    "max": 5.07,
                    "units": "inches"
                },
                "season": "Spring"
            }
        },
        {
            "type": "Feature",
            "geometry": {
                "type": "Point",
                "coordinates": [
                    -106.0676,
                    40.8075
                ]
            },
            "properties": {
                "id": "291",
                "storm_start_date": "1989-02-02T00:00:00Z",
                "aorc:statistics": {
                    "min": 0.06,
                    "mean": 1.36,
                    "max": 11.18,
                    "units": "inches"
                },
                "season": "Winter"
            }
        },
        {
            "type": "Feature",
            "geometry": {
                "type": "Point",
                "coordinates": [
                    -106.3093,
                    41.3575
                ]
            },
            "properties": {
                "id": "235",
                "storm_start_date": "1981-05-15T00:00:00Z",
                "aorc:statistics": {
                    "min": 0.43,
                    "mean": 1.51,
                    "max": 4.54,
                    "units": "inches"
                },
                "season": "Spring"
            }
        },
        {
            "type": "Feature",
            "geometry": {
                "type": "Point",
                "coordinates": [
                    -107.1509,
                    44.3657
                ]
            },
            "properties": {
                "id": "404",
                "storm_start_date": "2005-05-28T00:00:00Z",
                "aorc:statistics": {
                    "min": 0.0,
                    "mean": 1.18,
                    "max": 5.65,
                    "units": "inches"
                },
                "season": "Spring"
            }
        },
        {
            "type": "Feature",
            "geometry": {
                "type": "Point",
                "coordinates": [
                    -110.3091,
                    46.0156
                ]
            },
            "properties": {
                "id": "103",
                "storm_start_date": "1981-05-10T00:00:00Z",
                "aorc:statistics": {
                    "min": 0.5,
                    "mean": 1.91,
                    "max": 4.72,
                    "units": "inches"
                },
                "season": "Spring"
            }
        },
        {
            "type": "Feature",
            "geometry": {
                "type": "Point",
                "coordinates": [
                    -111.8674,
                    46.2906
                ]
            },
            "properties": {
                "id": "267",
                "storm_start_date": "2004-05-21T00:00:00Z",
                "aorc:statistics": {
                    "min": 0.0,
                    "mean": 1.41,
                    "max": 4.85,
                    "units": "inches"
                },
                "season": "Spring"
            }
        },
        {
            "type": "Feature",
            "geometry": {
                "type": "Point",
                "coordinates": [
                    -104.4594,
                    44.5074
                ]
            },
            "properties": {
                "id": "68",
                "storm_start_date": "1994-10-05T00:00:00Z",
                "aorc:statistics": {
                    "min": 0.81,
                    "mean": 2.12,
                    "max": 5.09,
                    "units": "inches"
                },
                "season": "Autumn"
            }
        },
        {
            "type": "Feature",
            "geometry": {
                "type": "Point",
                "coordinates": [
                    -101.0095,
                    40.8242
                ]
            },
            "properties": {
                "id": "157",
                "storm_start_date": "2017-09-23T00:00:00Z",
                "aorc:statistics": {
                    "min": 0.33,
                    "mean": 1.67,
                    "max": 4.28,
                    "units": "inches"
                },
                "season": "Autumn"
            }
        },
        {
            "type": "Feature",
            "geometry": {
                "type": "Point",
                "coordinates": [
                    -113.384,
                    48.3489
                ]
            },
            "properties": {
                "id": "195",
                "storm_start_date": "2019-09-27T00:00:00Z",
                "aorc:statistics": {
                    "min": 0.31,
                    "mean": 1.57,
                    "max": 4.23,
                    "units": "inches"
                },
                "season": "Autumn"
            }
        },
        {
            "type": "Feature",
            "geometry": {
                "type": "Point",
                "coordinates": [
                    -103.9427,
                    44.0657
                ]
            },
            "properties": {
                "id": "323",
                "storm_start_date": "2002-09-07T00:00:00Z",
                "aorc:statistics": {
                    "min": 0.0,
                    "mean": 1.29,
                    "max": 3.91,
                    "units": "inches"
                },
                "season": "Autumn"
            }
        },
        {
            "type": "Feature",
            "geometry": {
                "type": "Point",
                "coordinates": [
                    -103.7177,
                    44.3824
                ]
            },
            "properties": {
                "id": "25",
                "storm_start_date": "1995-05-07T00:00:00Z",
                "aorc:statistics": {
                    "min": 0.89,
                    "mean": 2.63,
                    "max": 7.32,
                    "units": "inches"
                },
                "season": "Spring"
            }
        },
        {
            "type": "Feature",
            "geometry": {
                "type": "Point",
                "coordinates": [
                    -104.9927,
                    39.1909
                ]
            },
            "properties": {
                "id": "164",
                "storm_start_date": "1986-04-02T00:00:00Z",
                "aorc:statistics": {
                    "min": 0.29,
                    "mean": 1.65,
                    "max": 3.3,
                    "units": "inches"
                },
                "season": "Spring"
            }
        },
        {
            "type": "Feature",
            "geometry": {
                "type": "Point",
                "coordinates": [
                    -113.884,
                    48.0572
                ]
            },
            "properties": {
                "id": "256",
                "storm_start_date": "1985-05-28T00:00:00Z",
                "aorc:statistics": {
                    "min": 0.24,
                    "mean": 1.45,
                    "max": 7.14,
                    "units": "inches"
                },
                "season": "Spring"
            }
        },
        {
            "type": "Feature",
            "geometry": {
                "type": "Point",
                "coordinates": [
                    -101.6595,
                    39.3326
                ]
            },
            "properties": {
                "id": "170",
                "storm_start_date": "1985-07-19T00:00:00Z",
                "aorc:statistics": {
                    "min": 0.56,
                    "mean": 1.63,
                    "max": 5.28,
                    "units": "inches"
                },
                "season": "Summer"
            }
        },
        {
            "type": "Feature",
            "geometry": {
                "type": "Point",
                "coordinates": [
                    -101.0095,
                    45.8323
                ]
            },
            "properties": {
                "id": "297",
                "storm_start_date": "2018-09-19T00:00:00Z",
                "aorc:statistics": {
                    "min": 0.09,
                    "mean": 1.35,
                    "max": 3.27,
                    "units": "inches"
                },
                "season": "Autumn"
            }
        },
        {
            "type": "Feature",
            "geometry": {
                "type": "Point",
                "coordinates": [
                    -103.8594,
                    43.3407
                ]
            },
            "properties": {
                "id": "366",
                "storm_start_date": "1995-09-18T00:00:00Z",
                "aorc:statistics": {
                    "min": 0.51,
                    "mean": 1.24,
                    "max": 2.52,
                    "units": "inches"
                },
                "season": "Autumn"
            }
        },
        {
            "type": "Feature",
            "geometry": {
                "type": "Point",
                "coordinates": [
                    -99.5346,
                    40.3659
                ]
            },
            "properties": {
                "id": "79",
                "storm_start_date": "1985-05-12T00:00:00Z",
                "aorc:statistics": {
                    "min": 0.6,
                    "mean": 2.05,
                    "max": 3.89,
                    "units": "inches"
                },
                "season": "Spring"
            }
        },
        {
            "type": "Feature",
            "geometry": {
                "type": "Point",
                "coordinates": [
                    -106.2593,
                    42.6824
                ]
            },
            "properties": {
                "id": "276",
                "storm_start_date": "1998-10-28T00:00:00Z",
                "aorc:statistics": {
                    "min": 0.35,
                    "mean": 1.4,
                    "max": 3.73,
                    "units": "inches"
                },
                "season": "Autumn"
            }
        },
        {
            "type": "Feature",
            "geometry": {
                "type": "Point",
                "coordinates": [
                    -113.059,
                    47.8072
                ]
            },
            "properties": {
                "id": "104",
                "storm_start_date": "1982-09-26T00:00:00Z",
                "aorc:statistics": {
                    "min": 0.58,
                    "mean": 1.9,
                    "max": 4.84,
                    "units": "inches"
                },
                "season": "Autumn"
            }
        },
        {
            "type": "Feature",
            "geometry": {
                "type": "Point",
                "coordinates": [
                    -101.2178,
                    40.1575
                ]
            },
            "properties": {
                "id": "184",
                "storm_start_date": "2008-10-12T00:00:00Z",
                "aorc:statistics": {
                    "min": 0.06,
                    "mean": 1.6,
                    "max": 3.9,
                    "units": "inches"
                },
                "season": "Autumn"
            }
        },
        {
            "type": "Feature",
            "geometry": {
                "type": "Point",
                "coordinates": [
                    -104.376,
                    44.6907
                ]
            },
            "properties": {
                "id": "35",
                "storm_start_date": "1984-04-25T00:00:00Z",
                "aorc:statistics": {
                    "min": 0.93,
                    "mean": 2.51,
                    "max": 6.32,
                    "units": "inches"
                },
                "season": "Spring"
            }
        },
        {
            "type": "Feature",
            "geometry": {
                "type": "Point",
                "coordinates": [
                    -109.2425,
                    46.7239
                ]
            },
            "properties": {
                "id": "148",
                "storm_start_date": "1997-06-08T00:00:00Z",
                "aorc:statistics": {
                    "min": 0.08,
                    "mean": 1.7,
                    "max": 3.73,
                    "units": "inches"
                },
                "season": "Summer"
            }
        },
        {
            "type": "Feature",
            "geometry": {
                "type": "Point",
                "coordinates": [
                    -112.209,
                    47.9239
                ]
            },
            "properties": {
                "id": "238",
                "storm_start_date": "2022-10-21T00:00:00Z",
                "aorc:statistics": {
                    "min": 0.25,
                    "mean": 1.49,
                    "max": 4.7,
                    "units": "inches"
                },
                "season": "Autumn"
            }
        },
        {
            "type": "Feature",
            "geometry": {
                "type": "Point",
                "coordinates": [
                    -109.7841,
                    45.3157
                ]
            },
            "properties": {
                "id": "441",
                "storm_start_date": "1983-09-17T00:00:00Z",
                "aorc:statistics": {
                    "min": 0.18,
                    "mean": 1.14,
                    "max": 3.63,
                    "units": "inches"
                },
                "season": "Autumn"
            }
        },
        {
            "type": "Feature",
            "geometry": {
                "type": "Point",
                "coordinates": [
                    -103.1927,
                    45.0823
                ]
            },
            "properties": {
                "id": "225",
                "storm_start_date": "2023-09-04T00:00:00Z",
                "aorc:statistics": {
                    "min": 0.04,
                    "mean": 1.53,
                    "max": 3.3,
                    "units": "inches"
                },
                "season": "Autumn"
            }
        },
        {
            "type": "Feature",
            "geometry": {
                "type": "Point",
                "coordinates": [
                    -108.3092,
                    45.149
                ]
            },
            "properties": {
                "id": "210",
                "storm_start_date": "2006-09-15T00:00:00Z",
                "aorc:statistics": {
                    "min": 0.09,
                    "mean": 1.56,
                    "max": 4.44,
                    "units": "inches"
                },
                "season": "Autumn"
            }
        },
        {
            "type": "Feature",
            "geometry": {
                "type": "Point",
                "coordinates": [
                    -98.8512,
                    40.9908
                ]
            },
            "properties": {
                "id": "393",
                "storm_start_date": "1995-05-26T00:00:00Z",
                "aorc:statistics": {
                    "min": 0.15,
                    "mean": 1.19,
                    "max": 3.25,
                    "units": "inches"
                },
                "season": "Spring"
            }
        },
        {
            "type": "Feature",
            "geometry": {
                "type": "Point",
                "coordinates": [
                    -113.684,
                    46.8156
                ]
            },
            "properties": {
                "id": "299",
                "storm_start_date": "2009-08-05T00:00:00Z",
                "aorc:statistics": {
                    "min": 0.11,
                    "mean": 1.34,
                    "max": 3.83,
                    "units": "inches"
                },
                "season": "Summer"
            }
        },
        {
            "type": "Feature",
            "geometry": {
                "type": "Point",
                "coordinates": [
                    -105.0177,
                    38.5576
                ]
            },
            "properties": {
                "id": "437",
                "storm_start_date": "2017-07-13T00:00:00Z",
                "aorc:statistics": {
                    "min": 0.04,
                    "mean": 1.14,
                    "max": 5.07,
                    "units": "inches"
                },
                "season": "Summer"
            }
        },
        {
            "type": "Feature",
            "geometry": {
                "type": "Point",
                "coordinates": [
                    -107.9509,
                    44.849
                ]
            },
            "properties": {
                "id": "11",
                "storm_start_date": "2024-05-06T00:00:00Z",
                "aorc:statistics": {
                    "min": 0.35,
                    "mean": 3.08,
                    "max": 6.3,
                    "units": "inches"
                },
                "season": "Spring"
            }
        },
        {
            "type": "Feature",
            "geometry": {
                "type": "Point",
                "coordinates": [
                    -104.9927,
                    37.8826
                ]
            },
            "properties": {
                "id": "378",
                "storm_start_date": "1991-08-02T00:00:00Z",
                "aorc:statistics": {
                    "min": 0.19,
                    "mean": 1.22,
                    "max": 5.73,
                    "units": "inches"
                },
                "season": "Summer"
            }
        },
        {
            "type": "Feature",
            "geometry": {
                "type": "Point",
                "coordinates": [
                    -103.8427,
                    44.349
                ]
            },
            "properties": {
                "id": "364",
                "storm_start_date": "2014-04-27T00:00:00Z",
                "aorc:statistics": {
                    "min": 0.48,
                    "mean": 1.24,
                    "max": 2.46,
                    "units": "inches"
                },
                "season": "Spring"
            }
        },
        {
            "type": "Feature",
            "geometry": {
                "type": "Point",
                "coordinates": [
                    -108.5175,
                    42.8824
                ]
            },
            "properties": {
                "id": "207",
                "storm_start_date": "2010-05-10T00:00:00Z",
                "aorc:statistics": {
                    "min": 0.24,
                    "mean": 1.56,
                    "max": 3.64,
                    "units": "inches"
                },
                "season": "Spring"
            }
        },
        {
            "type": "Feature",
            "geometry": {
                "type": "Point",
                "coordinates": [
                    -107.4592,
                    44.8657
                ]
            },
            "properties": {
                "id": "298",
                "storm_start_date": "2022-04-28T00:00:00Z",
                "aorc:statistics": {
                    "min": 0.4,
                    "mean": 1.34,
                    "max": 2.81,
                    "units": "inches"
                },
                "season": "Spring"
            }
        },
        {
            "type": "Feature",
            "geometry": {
                "type": "Point",
                "coordinates": [
                    -113.634,
                    47.5572
                ]
            },
            "properties": {
                "id": "434",
                "storm_start_date": "2003-10-28T00:00:00Z",
                "aorc:statistics": {
                    "min": 0.0,
                    "mean": 1.15,
                    "max": 5.49,
                    "units": "inches"
                },
                "season": "Autumn"
            }
        },
        {
            "type": "Feature",
            "geometry": {
                "type": "Point",
                "coordinates": [
                    -109.4675,
                    46.7739
                ]
            },
            "properties": {
                "id": "160",
                "storm_start_date": "2010-06-16T00:00:00Z",
                "aorc:statistics": {
                    "min": 0.48,
                    "mean": 1.66,
                    "max": 4.56,
                    "units": "inches"
                },
                "season": "Summer"
            }
        },
        {
            "type": "Feature",
            "geometry": {
                "type": "Point",
                "coordinates": [
                    -107.1176,
                    44.4824
                ]
            },
            "properties": {
                "id": "49",
                "storm_start_date": "2007-05-04T00:00:00Z",
                "aorc:statistics": {
                    "min": 0.48,
                    "mean": 2.35,
                    "max": 6.04,
                    "units": "inches"
                },
                "season": "Spring"
            }
        },
        {
            "type": "Feature",
            "geometry": {
                "type": "Point",
                "coordinates": [
                    -102.3844,
                    41.2658
                ]
            },
            "properties": {
                "id": "112",
                "storm_start_date": "2024-04-26T00:00:00Z",
                "aorc:statistics": {
                    "min": 0.7,
                    "mean": 1.88,
                    "max": 3.63,
                    "units": "inches"
                },
                "season": "Spring"
            }
        },
        {
            "type": "Feature",
            "geometry": {
                "type": "Point",
                "coordinates": [
                    -104.076,
                    45.5573
                ]
            },
            "properties": {
                "id": "179",
                "storm_start_date": "1994-07-04T00:00:00Z",
                "aorc:statistics": {
                    "min": 0.23,
                    "mean": 1.62,
                    "max": 3.33,
                    "units": "inches"
                },
                "season": "Summer"
            }
        },
        {
            "type": "Feature",
            "geometry": {
                "type": "Point",
                "coordinates": [
                    -103.5677,
                    39.7742
                ]
            },
            "properties": {
                "id": "342",
                "storm_start_date": "2007-07-26T00:00:00Z",
                "aorc:statistics": {
                    "min": 0.01,
                    "mean": 1.27,
                    "max": 4.31,
                    "units": "inches"
                },
                "season": "Summer"
            }
        },
        {
            "type": "Feature",
            "geometry": {
                "type": "Point",
                "coordinates": [
                    -101.4511,
                    39.3409
                ]
            },
            "properties": {
                "id": "13",
                "storm_start_date": "1996-05-25T00:00:00Z",
                "aorc:statistics": {
                    "min": 1.22,
                    "mean": 2.94,
                    "max": 4.83,
                    "units": "inches"
                },
                "season": "Spring"
            }
        },
        {
            "type": "Feature",
            "geometry": {
                "type": "Point",
                "coordinates": [
                    -105.8176,
                    38.2409
                ]
            },
            "properties": {
                "id": "70",
                "storm_start_date": "2001-05-03T00:00:00Z",
                "aorc:statistics": {
                    "min": 0.42,
                    "mean": 2.11,
                    "max": 6.42,
                    "units": "inches"
                },
                "season": "Spring"
            }
        },
        {
            "type": "Feature",
            "geometry": {
                "type": "Point",
                "coordinates": [
                    -102.8761,
                    46.1156
                ]
            },
            "properties": {
                "id": "88",
                "storm_start_date": "2003-09-10T00:00:00Z",
                "aorc:statistics": {
                    "min": 0.0,
                    "mean": 1.98,
                    "max": 5.41,
                    "units": "inches"
                },
                "season": "Autumn"
            }
        },
        {
            "type": "Feature",
            "geometry": {
                "type": "Point",
                "coordinates": [
                    -106.6676,
                    40.6825
                ]
            },
            "properties": {
                "id": "245",
                "storm_start_date": "1997-09-18T00:00:00Z",
                "aorc:statistics": {
                    "min": 0.11,
                    "mean": 1.48,
                    "max": 9.05,
                    "units": "inches"
                },
                "season": "Autumn"
            }
        },
        {
            "type": "Feature",
            "geometry": {
                "type": "Point",
                "coordinates": [
                    -109.0592,
                    47.2322
                ]
            },
            "properties": {
                "id": "1",
                "storm_start_date": "2014-08-22T00:00:00Z",
                "aorc:statistics": {
                    "min": 1.21,
                    "mean": 3.9,
                    "max": 10.46,
                    "units": "inches"
                },
                "season": "Summer"
            }
        },
        {
            "type": "Feature",
            "geometry": {
                "type": "Point",
                "coordinates": [
                    -104.3094,
                    44.8157
                ]
            },
            "properties": {
                "id": "24",
                "storm_start_date": "1993-06-06T00:00:00Z",
                "aorc:statistics": {
                    "min": 1.35,
                    "mean": 2.63,
                    "max": 4.95,
                    "units": "inches"
                },
                "season": "Summer"
            }
        },
        {
            "type": "Feature",
            "geometry": {
                "type": "Point",
                "coordinates": [
                    -113.634,
                    47.5989
                ]
            },
            "properties": {
                "id": "150",
                "storm_start_date": "2022-06-18T00:00:00Z",
                "aorc:statistics": {
                    "min": 0.04,
                    "mean": 1.7,
                    "max": 4.34,
                    "units": "inches"
                },
                "season": "Summer"
            }
        },
        {
            "type": "Feature",
            "geometry": {
                "type": "Point",
                "coordinates": [
                    -103.5594,
                    43.4824
                ]
            },
            "properties": {
                "id": "101",
                "storm_start_date": "2000-04-18T00:00:00Z",
                "aorc:statistics": {
                    "min": 0.14,
                    "mean": 1.92,
                    "max": 3.95,
                    "units": "inches"
                },
                "season": "Spring"
            }
        },
        {
            "type": "Feature",
            "geometry": {
                "type": "Point",
                "coordinates": [
                    -114.2423,
                    46.5156
                ]
            },
            "properties": {
                "id": "250",
                "storm_start_date": "1988-05-29T00:00:00Z",
                "aorc:statistics": {
                    "min": 0.0,
                    "mean": 1.47,
                    "max": 5.39,
                    "units": "inches"
                },
                "season": "Spring"
            }
        },
        {
            "type": "Feature",
            "geometry": {
                "type": "Point",
                "coordinates": [
                    -103.3427,
                    44.224
                ]
            },
            "properties": {
                "id": "64",
                "storm_start_date": "2019-07-03T00:00:00Z",
                "aorc:statistics": {
                    "min": 0.49,
                    "mean": 2.18,
                    "max": 5.78,
                    "units": "inches"
                },
                "season": "Summer"
            }
        },
        {
            "type": "Feature",
            "geometry": {
                "type": "Point",
                "coordinates": [
                    -102.6678,
                    38.1159
                ]
            },
            "properties": {
                "id": "155",
                "storm_start_date": "1998-07-24T00:00:00Z",
                "aorc:statistics": {
                    "min": 0.26,
                    "mean": 1.68,
                    "max": 3.44,
                    "units": "inches"
                },
                "season": "Summer"
            }
        },
        {
            "type": "Feature",
            "geometry": {
                "type": "Point",
                "coordinates": [
                    -100.4512,
                    46.2406
                ]
            },
            "properties": {
                "id": "432",
                "storm_start_date": "1981-07-11T00:00:00Z",
                "aorc:statistics": {
                    "min": 0.16,
                    "mean": 1.15,
                    "max": 3.59,
                    "units": "inches"
                },
                "season": "Summer"
            }
        },
        {
            "type": "Feature",
            "geometry": {
                "type": "Point",
                "coordinates": [
                    -103.8344,
                    44.349
                ]
            },
            "properties": {
                "id": "188",
                "storm_start_date": "1997-04-04T00:00:00Z",
                "aorc:statistics": {
                    "min": 0.3,
                    "mean": 1.59,
                    "max": 3.45,
                    "units": "inches"
                },
                "season": "Spring"
            }
        },
        {
            "type": "Feature",
            "geometry": {
                "type": "Point",
                "coordinates": [
                    -104.0427,
                    42.9574
                ]
            },
            "properties": {
                "id": "77",
                "storm_start_date": "2015-05-08T00:00:00Z",
                "aorc:statistics": {
                    "min": 0.83,
                    "mean": 2.06,
                    "max": 3.78,
                    "units": "inches"
                },
                "season": "Spring"
            }
        },
        {
            "type": "Feature",
            "geometry": {
                "type": "Point",
                "coordinates": [
                    -105.2927,
                    39.9825
                ]
            },
            "properties": {
                "id": "29",
                "storm_start_date": "2013-09-11T00:00:00Z",
                "aorc:statistics": {
                    "min": 0.15,
                    "mean": 2.61,
                    "max": 15.46,
                    "units": "inches"
                },
                "season": "Autumn"
            }
        },
        {
            "type": "Feature",
            "geometry": {
                "type": "Point",
                "coordinates": [
                    -113.634,
                    47.5572
                ]
            },
            "properties": {
                "id": "76",
                "storm_start_date": "1997-05-23T00:00:00Z",
                "aorc:statistics": {
                    "min": 0.56,
                    "mean": 2.06,
                    "max": 6.11,
                    "units": "inches"
                },
                "season": "Spring"
            }
        },
        {
            "type": "Feature",
            "geometry": {
                "type": "Point",
                "coordinates": [
                    -109.8758,
                    47.4906
                ]
            },
            "properties": {
                "id": "139",
                "storm_start_date": "2021-08-18T00:00:00Z",
                "aorc:statistics": {
                    "min": 0.52,
                    "mean": 1.73,
                    "max": 3.48,
                    "units": "inches"
                },
                "season": "Summer"
            }
        },
        {
            "type": "Feature",
            "geometry": {
                "type": "Point",
                "coordinates": [
                    -107.0009,
                    44.6073
                ]
            },
            "properties": {
                "id": "7",
                "storm_start_date": "2022-05-29T00:00:00Z",
                "aorc:statistics": {
                    "min": 1.51,
                    "mean": 3.17,
                    "max": 7.89,
                    "units": "inches"
                },
                "season": "Spring"
            }
        },
        {
            "type": "Feature",
            "geometry": {
                "type": "Point",
                "coordinates": [
                    -103.4427,
                    45.799
                ]
            },
            "properties": {
                "id": "44",
                "storm_start_date": "1998-10-03T00:00:00Z",
                "aorc:statistics": {
                    "min": 1.09,
                    "mean": 2.37,
                    "max": 3.86,
                    "units": "inches"
                },
                "season": "Autumn"
            }
        },
        {
            "type": "Feature",
            "geometry": {
                "type": "Point",
                "coordinates": [
                    -111.3674,
                    45.3823
                ]
            },
            "properties": {
                "id": "152",
                "storm_start_date": "2004-06-09T00:00:00Z",
                "aorc:statistics": {
                    "min": 0.25,
                    "mean": 1.69,
                    "max": 5.17,
                    "units": "inches"
                },
                "season": "Summer"
            }
        },
        {
            "type": "Feature",
            "geometry": {
                "type": "Point",
                "coordinates": [
                    -109.2008,
                    48.4572
                ]
            },
            "properties": {
                "id": "14",
                "storm_start_date": "2024-09-17T00:00:00Z",
                "aorc:statistics": {
                    "min": 0.82,
                    "mean": 2.92,
                    "max": 8.11,
                    "units": "inches"
                },
                "season": "Autumn"
            }
        },
        {
            "type": "Feature",
            "geometry": {
                "type": "Point",
                "coordinates": [
                    -113.8006,
                    48.3822
                ]
            },
            "properties": {
                "id": "401",
                "storm_start_date": "1982-06-29T00:00:00Z",
                "aorc:statistics": {
                    "min": 0.16,
                    "mean": 1.18,
                    "max": 2.98,
                    "units": "inches"
                },
                "season": "Summer"
            }
        },
        {
            "type": "Feature",
            "geometry": {
                "type": "Point",
                "coordinates": [
                    -105.1593,
                    47.2322
                ]
            },
            "properties": {
                "id": "102",
                "storm_start_date": "1997-06-29T00:00:00Z",
                "aorc:statistics": {
                    "min": 0.33,
                    "mean": 1.91,
                    "max": 3.44,
                    "units": "inches"
                },
                "season": "Summer"
            }
        },
        {
            "type": "Feature",
            "geometry": {
                "type": "Point",
                "coordinates": [
                    -104.376,
                    44.6907
                ]
            },
            "properties": {
                "id": "356",
                "storm_start_date": "1986-04-24T00:00:00Z",
                "aorc:statistics": {
                    "min": 0.36,
                    "mean": 1.25,
                    "max": 2.49,
                    "units": "inches"
                },
                "season": "Spring"
            }
        },
        {
            "type": "Feature",
            "geometry": {
                "type": "Point",
                "coordinates": [
                    -107.4926,
                    47.8156
                ]
            },
            "properties": {
                "id": "97",
                "storm_start_date": "1986-09-17T00:00:00Z",
                "aorc:statistics": {
                    "min": 0.74,
                    "mean": 1.93,
                    "max": 5.27,
                    "units": "inches"
                },
                "season": "Autumn"
            }
        },
        {
            "type": "Feature",
            "geometry": {
                "type": "Point",
                "coordinates": [
                    -101.5261,
                    40.4075
                ]
            },
            "properties": {
                "id": "46",
                "storm_start_date": "1992-08-23T00:00:00Z",
                "aorc:statistics": {
                    "min": 1.04,
                    "mean": 2.36,
                    "max": 3.87,
                    "units": "inches"
                },
                "season": "Summer"
            }
        },
        {
            "type": "Feature",
            "geometry": {
                "type": "Point",
                "coordinates": [
                    -103.776,
                    44.4407
                ]
            },
            "properties": {
                "id": "23",
                "storm_start_date": "1982-05-13T00:00:00Z",
                "aorc:statistics": {
                    "min": 0.69,
                    "mean": 2.7,
                    "max": 7.69,
                    "units": "inches"
                },
                "season": "Spring"
            }
        },
        {
            "type": "Feature",
            "geometry": {
                "type": "Point",
                "coordinates": [
                    -104.9177,
                    46.7156
                ]
            },
            "properties": {
                "id": "230",
                "storm_start_date": "1991-09-13T00:00:00Z",
                "aorc:statistics": {
                    "min": 0.26,
                    "mean": 1.52,
                    "max": 3.0,
                    "units": "inches"
                },
                "season": "Autumn"
            }
        },
        {
            "type": "Feature",
            "geometry": {
                "type": "Point",
                "coordinates": [
                    -102.4011,
                    43.2241
                ]
            },
            "properties": {
                "id": "131",
                "storm_start_date": "1993-06-16T00:00:00Z",
                "aorc:statistics": {
                    "min": 0.53,
                    "mean": 1.77,
                    "max": 3.1,
                    "units": "inches"
                },
                "season": "Summer"
            }
        },
        {
            "type": "Feature",
            "geometry": {
                "type": "Point",
                "coordinates": [
                    -107.6842,
                    48.7822
                ]
            },
            "properties": {
                "id": "355",
                "storm_start_date": "1991-06-28T00:00:00Z",
                "aorc:statistics": {
                    "min": 0.1,
                    "mean": 1.25,
                    "max": 3.8,
                    "units": "inches"
                },
                "season": "Summer"
            }
        },
        {
            "type": "Feature",
            "geometry": {
                "type": "Point",
                "coordinates": [
                    -103.0177,
                    45.2323
                ]
            },
            "properties": {
                "id": "186",
                "storm_start_date": "2021-05-21T00:00:00Z",
                "aorc:statistics": {
                    "min": 0.08,
                    "mean": 1.6,
                    "max": 4.07,
                    "units": "inches"
                },
                "season": "Spring"
            }
        },
        {
            "type": "Feature",
            "geometry": {
                "type": "Point",
                "coordinates": [
                    -113.759,
                    47.2322
                ]
            },
            "properties": {
                "id": "266",
                "storm_start_date": "1985-09-10T00:00:00Z",
                "aorc:statistics": {
                    "min": 0.4,
                    "mean": 1.41,
                    "max": 4.31,
                    "units": "inches"
                },
                "season": "Autumn"
            }
        },
        {
            "type": "Feature",
            "geometry": {
                "type": "Point",
                "coordinates": [
                    -113.059,
                    47.7989
                ]
            },
            "properties": {
                "id": "405",
                "storm_start_date": "2000-05-29T00:00:00Z",
                "aorc:statistics": {
                    "min": 0.13,
                    "mean": 1.18,
                    "max": 4.35,
                    "units": "inches"
                },
                "season": "Spring"
            }
        },
        {
            "type": "Feature",
            "geometry": {
                "type": "Point",
                "coordinates": [
                    -101.9428,
                    45.474
                ]
            },
            "properties": {
                "id": "373",
                "storm_start_date": "2025-09-17T00:00:00Z",
                "aorc:statistics": {
                    "min": 0.0,
                    "mean": 1.22,
                    "max": 54.39,
                    "units": "inches"
                },
                "season": "Autumn"
            }
        },
        {
            "type": "Feature",
            "geometry": {
                "type": "Point",
                "coordinates": [
                    -111.1508,
                    48.8488
                ]
            },
            "properties": {
                "id": "339",
                "storm_start_date": "1993-07-12T00:00:00Z",
                "aorc:statistics": {
                    "min": 0.2,
                    "mean": 1.28,
                    "max": 3.77,
                    "units": "inches"
                },
                "season": "Summer"
            }
        },
        {
            "type": "Feature",
            "geometry": {
                "type": "Point",
                "coordinates": [
                    -106.6176,
                    40.8158
                ]
            },
            "properties": {
                "id": "200",
                "storm_start_date": "2014-05-10T00:00:00Z",
                "aorc:statistics": {
                    "min": 0.29,
                    "mean": 1.57,
                    "max": 7.3,
                    "units": "inches"
                },
                "season": "Spring"
            }
        },
        {
            "type": "Feature",
            "geometry": {
                "type": "Point",
                "coordinates": [
                    -111.7007,
                    47.1572
                ]
            },
            "properties": {
                "id": "81",
                "storm_start_date": "2006-06-08T00:00:00Z",
                "aorc:statistics": {
                    "min": 0.0,
                    "mean": 2.04,
                    "max": 5.7,
                    "units": "inches"
                },
                "season": "Summer"
            }
        },
        {
            "type": "Feature",
            "geometry": {
                "type": "Point",
                "coordinates": [
                    -113.634,
                    47.5572
                ]
            },
            "properties": {
                "id": "367",
                "storm_start_date": "2009-01-07T00:00:00Z",
                "aorc:statistics": {
                    "min": 0.0,
                    "mean": 1.23,
                    "max": 12.35,
                    "units": "inches"
                },
                "season": "Winter"
            }
        },
        {
            "type": "Feature",
            "geometry": {
                "type": "Point",
                "coordinates": [
                    -103.851,
                    44.3407
                ]
            },
            "properties": {
                "id": "36",
                "storm_start_date": "1982-10-07T00:00:00Z",
                "aorc:statistics": {
                    "min": 0.39,
                    "mean": 2.5,
                    "max": 4.59,
                    "units": "inches"
                },
                "season": "Autumn"
            }
        },
        {
            "type": "Feature",
            "geometry": {
                "type": "Point",
                "coordinates": [
                    -104.2177,
                    39.4409
                ]
            },
            "properties": {
                "id": "335",
                "storm_start_date": "2006-10-26T00:00:00Z",
                "aorc:statistics": {
                    "min": 0.09,
                    "mean": 1.28,
                    "max": 2.81,
                    "units": "inches"
                },
                "season": "Autumn"
            }
        },
        {
            "type": "Feature",
            "geometry": {
                "type": "Point",
                "coordinates": [
                    -104.251,
                    39.4492
                ]
            },
            "properties": {
                "id": "285",
                "storm_start_date": "2011-07-12T00:00:00Z",
                "aorc:statistics": {
                    "min": 0.04,
                    "mean": 1.37,
                    "max": 4.96,
                    "units": "inches"
                },
                "season": "Summer"
            }
        },
        {
            "type": "Feature",
            "geometry": {
                "type": "Point",
                "coordinates": [
                    -104.976,
                    41.2741
                ]
            },
            "properties": {
                "id": "197",
                "storm_start_date": "2018-05-01T00:00:00Z",
                "aorc:statistics": {
                    "min": 0.13,
                    "mean": 1.57,
                    "max": 3.52,
                    "units": "inches"
                },
                "season": "Spring"
            }
        },
        {
            "type": "Feature",
            "geometry": {
                "type": "Point",
                "coordinates": [
                    -101.0678,
                    40.1575
                ]
            },
            "properties": {
                "id": "194",
                "storm_start_date": "1981-07-25T00:00:00Z",
                "aorc:statistics": {
                    "min": 0.26,
                    "mean": 1.58,
                    "max": 3.78,
                    "units": "inches"
                },
                "season": "Summer"
            }
        },
        {
            "type": "Feature",
            "geometry": {
                "type": "Point",
                "coordinates": [
                    -104.3094,
                    44.6407
                ]
            },
            "properties": {
                "id": "133",
                "storm_start_date": "1984-06-08T00:00:00Z",
                "aorc:statistics": {
                    "min": 0.36,
                    "mean": 1.76,
                    "max": 4.1,
                    "units": "inches"
                },
                "season": "Summer"
            }
        },
        {
            "type": "Feature",
            "geometry": {
                "type": "Point",
                "coordinates": [
                    -113.3673,
                    45.9323
                ]
            },
            "properties": {
                "id": "429",
                "storm_start_date": "1998-05-21T00:00:00Z",
                "aorc:statistics": {
                    "min": 0.17,
                    "mean": 1.15,
                    "max": 3.44,
                    "units": "inches"
                },
                "season": "Spring"
            }
        },
        {
            "type": "Feature",
            "geometry": {
                "type": "Point",
                "coordinates": [
                    -105.8843,
                    42.5241
                ]
            },
            "properties": {
                "id": "236",
                "storm_start_date": "1980-05-10T00:00:00Z",
                "aorc:statistics": {
                    "min": 0.42,
                    "mean": 1.5,
                    "max": 3.7,
                    "units": "inches"
                },
                "season": "Spring"
            }
        },
        {
            "type": "Feature",
            "geometry": {
                "type": "Point",
                "coordinates": [
                    -102.5928,
                    44.899
                ]
            },
            "properties": {
                "id": "382",
                "storm_start_date": "2000-03-06T00:00:00Z",
                "aorc:statistics": {
                    "min": 0.14,
                    "mean": 1.21,
                    "max": 2.99,
                    "units": "inches"
                },
                "season": "Spring"
            }
        },
        {
            "type": "Feature",
            "geometry": {
                "type": "Point",
                "coordinates": [
                    -107.0593,
                    44.2157
                ]
            },
            "properties": {
                "id": "151",
                "storm_start_date": "1982-09-12T00:00:00Z",
                "aorc:statistics": {
                    "min": 0.41,
                    "mean": 1.69,
                    "max": 3.68,
                    "units": "inches"
                },
                "season": "Autumn"
            }
        },
        {
            "type": "Feature",
            "geometry": {
                "type": "Point",
                "coordinates": [
                    -108.1175,
                    47.9905
                ]
            },
            "properties": {
                "id": "54",
                "storm_start_date": "1986-09-23T00:00:00Z",
                "aorc:statistics": {
                    "min": 0.03,
                    "mean": 2.29,
                    "max": 5.2,
                    "units": "inches"
                },
                "season": "Autumn"
            }
        },
        {
            "type": "Feature",
            "geometry": {
                "type": "Point",
                "coordinates": [
                    -105.4343,
                    42.2741
                ]
            },
            "properties": {
                "id": "190",
                "storm_start_date": "2000-05-16T00:00:00Z",
                "aorc:statistics": {
                    "min": 0.23,
                    "mean": 1.58,
                    "max": 3.39,
                    "units": "inches"
                },
                "season": "Spring"
            }
        },
        {
            "type": "Feature",
            "geometry": {
                "type": "Point",
                "coordinates": [
                    -100.9345,
                    40.4992
                ]
            },
            "properties": {
                "id": "330",
                "storm_start_date": "1981-03-02T00:00:00Z",
                "aorc:statistics": {
                    "min": 0.35,
                    "mean": 1.28,
                    "max": 2.08,
                    "units": "inches"
                },
                "season": "Spring"
            }
        },
        {
            "type": "Feature",
            "geometry": {
                "type": "Point",
                "coordinates": [
                    -103.826,
                    44.1907
                ]
            },
            "properties": {
                "id": "360",
                "storm_start_date": "2022-08-25T00:00:00Z",
                "aorc:statistics": {
                    "min": 0.04,
                    "mean": 1.25,
                    "max": 5.8,
                    "units": "inches"
                },
                "season": "Summer"
            }
        },
        {
            "type": "Feature",
            "geometry": {
                "type": "Point",
                "coordinates": [
                    -105.6843,
                    38.1909
                ]
            },
            "properties": {
                "id": "209",
                "storm_start_date": "1984-10-03T00:00:00Z",
                "aorc:statistics": {
                    "min": 0.36,
                    "mean": 1.56,
                    "max": 5.98,
                    "units": "inches"
                },
                "season": "Autumn"
            }
        },
        {
            "type": "Feature",
            "geometry": {
                "type": "Point",
                "coordinates": [
                    -109.2258,
                    46.8906
                ]
            },
            "properties": {
                "id": "394",
                "storm_start_date": "2002-08-07T00:00:00Z",
                "aorc:statistics": {
                    "min": 0.0,
                    "mean": 1.19,
                    "max": 3.39,
                    "units": "inches"
                },
                "season": "Summer"
            }
        },
        {
            "type": "Feature",
            "geometry": {
                "type": "Point",
                "coordinates": [
                    -109.3092,
                    45.6156
                ]
            },
            "properties": {
                "id": "199",
                "storm_start_date": "2018-05-21T00:00:00Z",
                "aorc:statistics": {
                    "min": 0.07,
                    "mean": 1.57,
                    "max": 5.13,
                    "units": "inches"
                },
                "season": "Spring"
            }
        },
        {
            "type": "Feature",
            "geometry": {
                "type": "Point",
                "coordinates": [
                    -101.4678,
                    39.3992
                ]
            },
            "properties": {
                "id": "214",
                "storm_start_date": "1999-06-10T00:00:00Z",
                "aorc:statistics": {
                    "min": 0.32,
                    "mean": 1.55,
                    "max": 3.28,
                    "units": "inches"
                },
                "season": "Summer"
            }
        },
        {
            "type": "Feature",
            "geometry": {
                "type": "Point",
                "coordinates": [
                    -105.0677,
                    39.2242
                ]
            },
            "properties": {
                "id": "205",
                "storm_start_date": "1997-10-24T00:00:00Z",
                "aorc:statistics": {
                    "min": 0.17,
                    "mean": 1.56,
                    "max": 3.95,
                    "units": "inches"
                },
                "season": "Autumn"
            }
        },
        {
            "type": "Feature",
            "geometry": {
                "type": "Point",
                "coordinates": [
                    -107.1342,
                    44.3074
                ]
            },
            "properties": {
                "id": "206",
                "storm_start_date": "2005-10-03T00:00:00Z",
                "aorc:statistics": {
                    "min": 0.43,
                    "mean": 1.56,
                    "max": 4.1,
                    "units": "inches"
                },
                "season": "Autumn"
            }
        },
        {
            "type": "Feature",
            "geometry": {
                "type": "Point",
                "coordinates": [
                    -105.701,
                    45.799
                ]
            },
            "properties": {
                "id": "4",
                "storm_start_date": "2013-05-29T00:00:00Z",
                "aorc:statistics": {
                    "min": 0.31,
                    "mean": 3.52,
                    "max": 6.34,
                    "units": "inches"
                },
                "season": "Spring"
            }
        },
        {
            "type": "Feature",
            "geometry": {
                "type": "Point",
                "coordinates": [
                    -107.8676,
                    45.2073
                ]
            },
            "properties": {
                "id": "80",
                "storm_start_date": "2017-09-14T00:00:00Z",
                "aorc:statistics": {
                    "min": 0.82,
                    "mean": 2.04,
                    "max": 3.65,
                    "units": "inches"
                },
                "season": "Autumn"
            }
        },
        {
            "type": "Feature",
            "geometry": {
                "type": "Point",
                "coordinates": [
                    -113.4173,
                    48.5322
                ]
            },
            "properties": {
                "id": "227",
                "storm_start_date": "1985-09-06T00:00:00Z",
                "aorc:statistics": {
                    "min": 0.59,
                    "mean": 1.53,
                    "max": 4.46,
                    "units": "inches"
                },
                "season": "Autumn"
            }
        },
        {
            "type": "Feature",
            "geometry": {
                "type": "Point",
                "coordinates": [
                    -100.3929,
                    40.7325
                ]
            },
            "properties": {
                "id": "372",
                "storm_start_date": "1997-10-11T00:00:00Z",
                "aorc:statistics": {
                    "min": 0.33,
                    "mean": 1.22,
                    "max": 2.85,
                    "units": "inches"
                },
                "season": "Autumn"
            }
        },
        {
            "type": "Feature",
            "geometry": {
                "type": "Point",
                "coordinates": [
                    -110.2925,
                    46.2656
                ]
            },
            "properties": {
                "id": "162",
                "storm_start_date": "2022-09-30T00:00:00Z",
                "aorc:statistics": {
                    "min": 0.06,
                    "mean": 1.65,
                    "max": 4.89,
                    "units": "inches"
                },
                "season": "Autumn"
            }
        },
        {
            "type": "Feature",
            "geometry": {
                "type": "Point",
                "coordinates": [
                    -109.4425,
                    46.7406
                ]
            },
            "properties": {
                "id": "295",
                "storm_start_date": "2003-04-14T00:00:00Z",
                "aorc:statistics": {
                    "min": 0.02,
                    "mean": 1.35,
                    "max": 6.28,
                    "units": "inches"
                },
                "season": "Spring"
            }
        },
        {
            "type": "Feature",
            "geometry": {
                "type": "Point",
                "coordinates": [
                    -110.6008,
                    45.1573
                ]
            },
            "properties": {
                "id": "415",
                "storm_start_date": "2007-10-04T00:00:00Z",
                "aorc:statistics": {
                    "min": 0.0,
                    "mean": 1.16,
                    "max": 4.16,
                    "units": "inches"
                },
                "season": "Autumn"
            }
        },
        {
            "type": "Feature",
            "geometry": {
                "type": "Point",
                "coordinates": [
                    -101.2761,
                    39.4909
                ]
            },
            "properties": {
                "id": "253",
                "storm_start_date": "1994-04-09T00:00:00Z",
                "aorc:statistics": {
                    "min": 0.4,
                    "mean": 1.46,
                    "max": 2.86,
                    "units": "inches"
                },
                "season": "Spring"
            }
        },
        {
            "type": "Feature",
            "geometry": {
                "type": "Point",
                "coordinates": [
                    -101.0928,
                    40.3075
                ]
            },
            "properties": {
                "id": "204",
                "storm_start_date": "1987-06-08T00:00:00Z",
                "aorc:statistics": {
                    "min": 0.11,
                    "mean": 1.56,
                    "max": 3.95,
                    "units": "inches"
                },
                "season": "Summer"
            }
        },
        {
            "type": "Feature",
            "geometry": {
                "type": "Point",
                "coordinates": [
                    -110.7841,
                    46.4739
                ]
            },
            "properties": {
                "id": "377",
                "storm_start_date": "2018-02-07T00:00:00Z",
                "aorc:statistics": {
                    "min": 0.03,
                    "mean": 1.22,
                    "max": 13.42,
                    "units": "inches"
                },
                "season": "Winter"
            }
        },
        {
            "type": "Feature",
            "geometry": {
                "type": "Point",
                "coordinates": [
                    -113.434,
                    48.6239
                ]
            },
            "properties": {
                "id": "332",
                "storm_start_date": "2013-06-18T00:00:00Z",
                "aorc:statistics": {
                    "min": 0.13,
                    "mean": 1.28,
                    "max": 6.09,
                    "units": "inches"
                },
                "season": "Summer"
            }
        },
        {
            "type": "Feature",
            "geometry": {
                "type": "Point",
                "coordinates": [
                    -102.8428,
                    45.8406
                ]
            },
            "properties": {
                "id": "228",
                "storm_start_date": "1987-05-20T00:00:00Z",
                "aorc:statistics": {
                    "min": 0.54,
                    "mean": 1.52,
                    "max": 2.48,
                    "units": "inches"
                },
                "season": "Spring"
            }
        },
        {
            "type": "Feature",
            "geometry": {
                "type": "Point",
                "coordinates": [
                    -109.4258,
                    46.7656
                ]
            },
            "properties": {
                "id": "128",
                "storm_start_date": "2007-05-21T00:00:00Z",
                "aorc:statistics": {
                    "min": 0.44,
                    "mean": 1.79,
                    "max": 6.82,
                    "units": "inches"
                },
                "season": "Spring"
            }
        },
        {
            "type": "Feature",
            "geometry": {
                "type": "Point",
                "coordinates": [
                    -109.4175,
                    48.1572
                ]
            },
            "properties": {
                "id": "422",
                "storm_start_date": "2015-10-02T00:00:00Z",
                "aorc:statistics": {
                    "min": 0.19,
                    "mean": 1.16,
                    "max": 3.61,
                    "units": "inches"
                },
                "season": "Autumn"
            }
        },
        {
            "type": "Feature",
            "geometry": {
                "type": "Point",
                "coordinates": [
                    -102.2594,
                    38.3159
                ]
            },
            "properties": {
                "id": "119",
                "storm_start_date": "1997-08-04T00:00:00Z",
                "aorc:statistics": {
                    "min": 0.41,
                    "mean": 1.84,
                    "max": 3.57,
                    "units": "inches"
                },
                "season": "Summer"
            }
        },
        {
            "type": "Feature",
            "geometry": {
                "type": "Point",
                "coordinates": [
                    -105.8593,
                    42.5241
                ]
            },
            "properties": {
                "id": "10",
                "storm_start_date": "2008-05-22T00:00:00Z",
                "aorc:statistics": {
                    "min": 1.41,
                    "mean": 3.1,
                    "max": 5.52,
                    "units": "inches"
                },
                "season": "Spring"
            }
        },
        {
            "type": "Feature",
            "geometry": {
                "type": "Point",
                "coordinates": [
                    -102.8261,
                    45.774
                ]
            },
            "properties": {
                "id": "300",
                "storm_start_date": "2013-09-06T00:00:00Z",
                "aorc:statistics": {
                    "min": 0.0,
                    "mean": 1.34,
                    "max": 5.08,
                    "units": "inches"
                },
                "season": "Autumn"
            }
        },
        {
            "type": "Feature",
            "geometry": {
                "type": "Point",
                "coordinates": [
                    -107.1176,
                    44.3657
                ]
            },
            "properties": {
                "id": "96",
                "storm_start_date": "2015-05-23T00:00:00Z",
                "aorc:statistics": {
                    "min": 0.45,
                    "mean": 1.93,
                    "max": 5.81,
                    "units": "inches"
                },
                "season": "Spring"
            }
        },
        {
            "type": "Feature",
            "geometry": {
                "type": "Point",
                "coordinates": [
                    -103.876,
                    46.5906
                ]
            },
            "properties": {
                "id": "347",
                "storm_start_date": "2020-07-04T00:00:00Z",
                "aorc:statistics": {
                    "min": 0.15,
                    "mean": 1.26,
                    "max": 4.13,
                    "units": "inches"
                },
                "season": "Summer"
            }
        },
        {
            "type": "Feature",
            "geometry": {
                "type": "Point",
                "coordinates": [
                    -100.3012,
                    40.8075
                ]
            },
            "properties": {
                "id": "336",
                "storm_start_date": "2014-06-07T00:00:00Z",
                "aorc:statistics": {
                    "min": 0.11,
                    "mean": 1.28,
                    "max": 4.11,
                    "units": "inches"
                },
                "season": "Summer"
            }
        },
        {
            "type": "Feature",
            "geometry": {
                "type": "Point",
                "coordinates": [
                    -105.9426,
                    44.474
                ]
            },
            "properties": {
                "id": "400",
                "storm_start_date": "1998-09-11T00:00:00Z",
                "aorc:statistics": {
                    "min": 0.17,
                    "mean": 1.19,
                    "max": 2.87,
                    "units": "inches"
                },
                "season": "Autumn"
            }
        },
        {
            "type": "Feature",
            "geometry": {
                "type": "Point",
                "coordinates": [
                    -113.059,
                    47.7822
                ]
            },
            "properties": {
                "id": "311",
                "storm_start_date": "1985-08-10T00:00:00Z",
                "aorc:statistics": {
                    "min": 0.46,
                    "mean": 1.31,
                    "max": 3.33,
                    "units": "inches"
                },
                "season": "Summer"
            }
        },
        {
            "type": "Feature",
            "geometry": {
                "type": "Point",
                "coordinates": [
                    -105.6093,
                    40.5075
                ]
            },
            "properties": {
                "id": "345",
                "storm_start_date": "2007-10-13T00:00:00Z",
                "aorc:statistics": {
                    "min": 0.31,
                    "mean": 1.27,
                    "max": 3.57,
                    "units": "inches"
                },
                "season": "Autumn"
            }
        },
        {
            "type": "Feature",
            "geometry": {
                "type": "Point",
                "coordinates": [
                    -111.9924,
                    45.5906
                ]
            },
            "properties": {
                "id": "260",
                "storm_start_date": "1987-05-15T00:00:00Z",
                "aorc:statistics": {
                    "min": 0.15,
                    "mean": 1.43,
                    "max": 5.83,
                    "units": "inches"
                },
                "season": "Spring"
            }
        },
        {
            "type": "Feature",
            "geometry": {
                "type": "Point",
                "coordinates": [
                    -113.059,
                    47.7989
                ]
            },
            "properties": {
                "id": "201",
                "storm_start_date": "1994-05-17T00:00:00Z",
                "aorc:statistics": {
                    "min": 0.27,
                    "mean": 1.56,
                    "max": 6.33,
                    "units": "inches"
                },
                "season": "Spring"
            }
        },
        {
            "type": "Feature",
            "geometry": {
                "type": "Point",
                "coordinates": [
                    -103.2344,
                    40.1575
                ]
            },
            "properties": {
                "id": "331",
                "storm_start_date": "1989-06-02T00:00:00Z",
                "aorc:statistics": {
                    "min": 0.03,
                    "mean": 1.28,
                    "max": 3.24,
                    "units": "inches"
                },
                "season": "Summer"
            }
        },
        {
            "type": "Feature",
            "geometry": {
                "type": "Point",
                "coordinates": [
                    -107.1176,
                    44.3157
                ]
            },
            "properties": {
                "id": "107",
                "storm_start_date": "2007-03-28T00:00:00Z",
                "aorc:statistics": {
                    "min": 0.24,
                    "mean": 1.9,
                    "max": 8.44,
                    "units": "inches"
                },
                "season": "Spring"
            }
        },
        {
            "type": "Feature",
            "geometry": {
                "type": "Point",
                "coordinates": [
                    -105.126,
                    40.1659
                ]
            },
            "properties": {
                "id": "346",
                "storm_start_date": "2016-03-23T00:00:00Z",
                "aorc:statistics": {
                    "min": 0.11,
                    "mean": 1.27,
                    "max": 2.88,
                    "units": "inches"
                },
                "season": "Spring"
            }
        },
        {
            "type": "Feature",
            "geometry": {
                "type": "Point",
                "coordinates": [
                    -114.2506,
                    46.6906
                ]
            },
            "properties": {
                "id": "167",
                "storm_start_date": "1996-11-18T00:00:00Z",
                "aorc:statistics": {
                    "min": 0.22,
                    "mean": 1.64,
                    "max": 10.36,
                    "units": "inches"
                },
                "season": "Autumn"
            }
        },
        {
            "type": "Feature",
            "geometry": {
                "type": "Point",
                "coordinates": [
                    -113.434,
                    48.4489
                ]
            },
            "properties": {
                "id": "67",
                "storm_start_date": "1991-06-19T00:00:00Z",
                "aorc:statistics": {
                    "min": 0.38,
                    "mean": 2.13,
                    "max": 6.08,
                    "units": "inches"
                },
                "season": "Summer"
            }
        },
        {
            "type": "Feature",
            "geometry": {
                "type": "Point",
                "coordinates": [
                    -103.826,
                    44.3824
                ]
            },
            "properties": {
                "id": "213",
                "storm_start_date": "1995-10-04T00:00:00Z",
                "aorc:statistics": {
                    "min": 0.17,
                    "mean": 1.55,
                    "max": 2.97,
                    "units": "inches"
                },
                "season": "Autumn"
            }
        },
        {
            "type": "Feature",
            "geometry": {
                "type": "Point",
                "coordinates": [
                    -103.876,
                    42.6408
                ]
            },
            "properties": {
                "id": "69",
                "storm_start_date": "2005-06-11T00:00:00Z",
                "aorc:statistics": {
                    "min": 0.02,
                    "mean": 2.11,
                    "max": 5.34,
                    "units": "inches"
                },
                "season": "Summer"
            }
        },
        {
            "type": "Feature",
            "geometry": {
                "type": "Point",
                "coordinates": [
                    -99.2929,
                    40.4742
                ]
            },
            "properties": {
                "id": "120",
                "storm_start_date": "2007-04-22T00:00:00Z",
                "aorc:statistics": {
                    "min": 0.3,
                    "mean": 1.84,
                    "max": 5.34,
                    "units": "inches"
                },
                "season": "Spring"
            }
        },
        {
            "type": "Feature",
            "geometry": {
                "type": "Point",
                "coordinates": [
                    -101.8845,
                    39.8409
                ]
            },
            "properties": {
                "id": "371",
                "storm_start_date": "2010-08-03T00:00:00Z",
                "aorc:statistics": {
                    "min": 0.0,
                    "mean": 1.23,
                    "max": 3.61,
                    "units": "inches"
                },
                "season": "Summer"
            }
        },
        {
            "type": "Feature",
            "geometry": {
                "type": "Point",
                "coordinates": [
                    -109.3675,
                    45.1907
                ]
            },
            "properties": {
                "id": "166",
                "storm_start_date": "1993-10-06T00:00:00Z",
                "aorc:statistics": {
                    "min": 0.36,
                    "mean": 1.64,
                    "max": 4.74,
                    "units": "inches"
                },
                "season": "Autumn"
            }
        }
    ]
}