storm_date,mean,min,max,por_rank,annual_rank
2014-08-22T00,3.9,1.21,10.46,1,1
2023-05-10T00,3.65,1.19,8.08,2,1
2016-10-02T00,3.62,1.25,7.69,3,1
2013-05-29T00,3.52,0.31,6.34,4,1
1980-05-23T00,3.36,0.65,10.6,5,1
2011-05-20T00,3.25,0.85,6.08,6,1
2022-05-29T00,3.17,1.51,7.89,7,1
1992-06-14T00,3.14,0.67,7.99,8,1
1986-06-08T00,3.1,1.24,4.82,9,1
2008-05-22T00,3.1,1.41,5.52,10,1
2024-05-06T00,3.08,0.35,6.3,11,1
1999-04-29T00,3.02,0.09,10.86,12,1
1996-05-25T00,2.94,1.22,4.83,13,1
2024-09-17T00,2.92,0.82,8.11,14,2
2002-06-08T00,2.91,0.0,9.75,15,1
2023-06-22T00,2.88,0.62,10.9,16,2
2013-10-03T00,2.87,1.07,5.15,17,2
2023-06-01T00,2.86,0.55,6.74,18,3
2021-03-13T00,2.83,0.63,6.11,19,1
1982-05-27T00,2.82,0.63,9.45,20,1
1988-05-18T00,2.82,0.79,4.27,21,1
2021-10-12T00,2.74,1.08,4.19,22,2
1982-05-13T00,2.7,0.69,7.69,23,2
1993-06-06T00,2.63,1.35,4.95,24,1
1995-05-07T00,2.63,0.89,7.32,25,1
2023-08-03T00,2.63,0.43,8.55,26,4
2006-04-04T00,2.62,0.0,11.69,27,1
2017-05-17T00,2.61,0.71,5.11,28,1
2013-09-11T00,2.61,0.15,15.46,29,3
1995-06-05T00,2.59,0.5,10.96,30,2
2019-05-20T00,2.58,0.6,5.21,31,1
2016-04-15T00,2.56,0.37,7.54,32,2
2016-05-09T00,2.52,0.29,4.85,33,3
2025-05-14T00,2.51,0.22,7.33,34,1
1984-04-25T00,2.51,0.93,6.32,35,1
1982-10-07T00,2.5,0.39,4.59,36,3
2011-05-24T00,2.5,0.26,5.06,37,2
2003-03-17T00,2.45,0.0,11.74,38,1
2016-09-22T00,2.42,0.38,4.6,39,4
1989-04-26T00,2.42,0.72,4.6,40,1
2005-05-10T00,2.41,0.35,8.41,41,1
1981-05-20T00,2.4,0.49,6.19,42,1
2024-11-07T00,2.38,1.19,3.72,43,3
1998-10-03T00,2.37,1.09,3.86,44,1
1993-07-02T00,2.36,1.08,4.21,45,2
1992-08-23T00,2.36,1.04,3.87,46,2
1991-05-14T00,2.35,0.73,6.04,47,1
2009-04-16T00,2.35,0.31,7.6,48,1
2007-05-04T00,2.35,0.48,6.04,49,1
2001-06-12T00,2.35,0.85,5.69,50,1
2023-10-11T00,2.34,0.52,4.43,51,5
2019-09-10T00,2.31,0.44,4.19,52,2
2008-06-04T00,2.29,0.06,5.33,53,2
1986-09-23T00,2.29,0.03,5.2,54,2
2022-04-22T00,2.28,1.06,4.24,55,2
1988-05-06T00,2.26,0.17,8.72,56,2
1983-07-08T00,2.26,0.73,5.19,57,1
2005-10-09T00,2.25,0.55,4.01,58,2
2016-04-24T00,2.24,0.43,4.67,59,5
2008-04-30T00,2.21,0.29,4.99,60,3
1986-05-07T00,2.21,0.98,3.61,61,3
2018-06-18T00,2.19,0.0,5.52,62,1
1989-08-23T00,2.19,0.5,6.67,63,2
2019-07-03T00,2.18,0.49,5.78,64,3
2011-05-08T00,2.15,0.57,3.52,65,3
1987-05-25T00,2.13,0.51,7.19,66,1
1991-06-19T00,2.13,0.38,6.08,67,2
1994-10-05T00,2.12,0.81,5.09,68,1
2005-06-11T00,2.11,0.02,5.34,69,3
2001-05-03T00,2.11,0.42,6.42,70,2
1998-06-16T00,2.1,0.62,5.23,71,2
2025-05-18T00,2.1,0.89,3.49,72,2
2020-06-28T00,2.09,0.77,4.11,73,1
2014-09-29T00,2.09,0.07,5.25,74,2
2010-05-24T00,2.08,0.27,3.65,75,1
1997-05-23T00,2.06,0.56,6.11,76,1
2015-05-08T00,2.06,0.83,3.78,77,1
2019-05-26T00,2.05,0.54,5.62,78,4
1985-05-12T00,2.05,0.6,3.89,79,1
2017-09-14T00,2.04,0.82,3.65,80,2
2006-06-08T00,2.04,0.0,5.7,81,2
1987-05-02T00,2.03,0.48,3.42,82,2
2018-05-17T00,2.03,0.0,6.62,83,2
2020-06-06T00,2.03,0.7,4.03,84,2
1980-10-15T00,2.0,0.68,3.78,85,2
1990-03-05T00,2.0,0.34,8.35,86,1
2017-06-12T00,1.99,0.42,4.35,87,3
2003-09-10T00,1.98,0.0,5.41,88,2
1996-09-17T00,1.97,0.2,5.58,89,2
1991-06-01T00,1.97,0.41,4.78,90,3
2010-04-22T00,1.96,0.2,5.2,91,2
1987-07-17T00,1.95,0.43,6.24,92,3
2020-05-19T00,1.95,0.73,4.53,93,3
2017-05-09T00,1.94,0.23,5.32,94,4
1991-07-21T00,1.94,0.26,4.71,95,4
2015-05-23T00,1.93,0.45,5.81,96,2
1986-09-17T00,1.93,0.74,5.27,97,4
2025-04-28T00,1.92,0.48,5.16,98,3
2006-04-17T00,1.92,0.0,4.29,99,3
1982-05-18T00,1.92,0.17,4.92,100,4
2000-04-18T00,1.92,0.14,3.95,101,1
1997-06-29T00,1.91,0.33,3.44,102,2
1981-05-10T00,1.91,0.5,4.72,103,2
1982-09-26T00,1.9,0.58,4.84,104,5
1988-06-28T00,1.9,0.15,4.7,105,3
2005-06-02T00,1.9,0.0,4.14,106,4
2007-03-28T00,1.9,0.24,8.44,107,2
2014-06-17T00,1.89,0.31,10.04,108,3
2016-05-25T00,1.89,0.33,5.23,109,6
2010-06-11T00,1.88,0.52,5.58,110,3
1982-06-06T00,1.88,0.35,4.5,111,6
2024-04-26T00,1.88,0.7,3.63,112,4
1988-05-01T00,1.88,0.19,4.18,113,4
2023-09-21T00,1.86,0.46,4.46,114,6
2019-06-20T00,1.85,0.46,4.52,115,5
2013-06-02T00,1.85,0.47,5.37,116,4
2011-06-07T00,1.84,0.82,4.58,117,4
2013-05-18T00,1.84,0.63,4.48,118,5
1997-08-04T00,1.84,0.41,3.57,119,3
2007-04-22T00,1.84,0.3,5.34,120,3
1997-07-28T00,1.84,0.09,4.58,121,4
1984-04-19T00,1.82,0.55,3.5,122,2
1989-09-08T00,1.82,0.83,3.87,123,3
2016-07-09T00,1.81,0.4,3.86,124,7
1993-06-01T00,1.8,0.22,3.31,125,3
2018-05-28T00,1.8,0.16,5.54,126,3
1995-05-16T00,1.8,0.44,4.3,127,3
2007-05-21T00,1.79,0.44,6.82,128,4
2009-10-21T00,1.79,0.58,3.39,129,2
2025-05-24T00,1.78,0.25,4.06,130,4
1993-06-16T00,1.77,0.53,3.1,131,4
2004-09-03T00,1.76,0.12,3.39,132,1
1984-06-08T00,1.76,0.36,4.1,133,3
1999-09-02T00,1.76,0.23,3.72,134,2
2008-08-15T00,1.75,0.0,4.68,135,4
2004-04-22T00,1.75,0.04,6.84,136,2
2008-08-07T00,1.75,0.0,6.08,137,5
1994-10-15T00,1.74,0.39,4.82,138,2
2021-08-18T00,1.73,0.52,3.48,139,3
1985-08-01T00,1.73,0.24,5.85,140,2
2012-01-18T00,1.73,0.0,15.26,141,1
1996-12-27T00,1.72,0.19,10.76,142,3
2020-06-16T00,1.72,0.17,3.87,143,4
2023-06-08T00,1.72,0.32,4.94,144,7
1991-05-09T00,1.71,0.02,7.87,145,5
1983-05-15T00,1.71,0.46,4.18,146,2
2019-04-09T00,1.7,0.48,2.75,147,6
1997-06-08T00,1.7,0.08,3.73,148,5
2020-10-17T00,1.7,0.2,6.13,149,5
2022-06-18T00,1.7,0.04,4.34,150,3
1982-09-12T00,1.69,0.41,3.68,151,7
2004-06-09T00,1.69,0.25,5.17,152,3
1983-03-04T00,1.68,0.15,5.28,153,3
1982-07-27T00,1.68,0.3,3.59,154,8
1998-07-24T00,1.68,0.26,3.44,155,3
1986-02-15T00,1.68,0.05,18.55,156,5
2017-09-23T00,1.67,0.33,4.28,157,5
1990-07-19T00,1.67,0.62,3.1,158,2
2000-10-31T00,1.67,0.2,4.13,159,2
2010-06-16T00,1.66,0.48,4.56,160,4
2007-06-12T00,1.66,0.02,6.01,161,5
2022-09-30T00,1.65,0.06,4.89,162,4
2015-09-15T00,1.65,0.14,7.22,163,3
1986-04-02T00,1.65,0.29,3.3,164,6
1999-04-21T00,1.64,0.03,5.93,165,3
1993-10-06T00,1.64,0.36,4.74,166,5
1996-11-18T00,1.64,0.22,10.36,167,4
2025-12-09T00,1.64,0.04,10.91,168,5
1993-07-25T00,1.64,0.31,2.63,169,6
1985-07-19T00,1.63,0.56,5.28,170,3
2019-08-11T00,1.63,0.02,6.82,171,7
2005-04-19T00,1.63,0.33,6.67,172,5
2015-04-16T00,1.62,0.37,8.47,173,4
2019-03-13T00,1.62,0.41,3.6,174,8
1980-03-27T00,1.62,0.27,4.6,175,3
1997-07-19T00,1.62,0.08,3.91,176,6
2024-03-13T00,1.62,0.09,4.54,177,5
1995-05-11T00,1.62,0.21,4.0,178,4
1994-07-04T00,1.62,0.23,3.33,179,3
2024-04-06T00,1.62,0.52,4.24,180,6
2015-09-03T00,1.61,0.23,4.35,181,5
2017-04-25T00,1.6,0.43,3.9,182,6
1998-10-15T00,1.6,0.54,4.44,183,4
2008-10-12T00,1.6,0.06,3.9,184,6
1981-04-19T00,1.6,0.0,4.07,185,3
2021-05-21T00,1.6,0.08,4.07,186,4
2023-05-25T00,1.59,0.06,5.54,187,8
1997-04-04T00,1.59,0.3,3.45,188,7
2007-06-06T00,1.59,0.14,4.47,189,6
2000-05-16T00,1.58,0.23,3.39,190,3
1995-06-20T00,1.58,0.21,4.07,191,5
2005-11-06T00,1.58,0.0,12.28,192,6
1993-05-06T00,1.58,0.28,3.4,193,7
1981-07-25T00,1.58,0.26,3.78,194,4
2019-09-27T00,1.57,0.31,4.23,195,9
2022-07-03T00,1.57,0.07,4.61,196,5
2018-05-01T00,1.57,0.13,3.52,197,4
1999-08-10T00,1.57,0.03,4.11,198,4
2018-05-21T00,1.57,0.07,5.13,199,5
2014-05-10T00,1.57,0.29,7.3,200,4
1994-05-17T00,1.56,0.27,6.33,201,4
2019-09-20T00,1.56,0.37,4.56,202,10
1993-06-27T00,1.56,0.12,2.88,203,8
1987-06-08T00,1.56,0.11,3.95,204,4
1997-10-24T00,1.56,0.17,3.95,205,8
2005-10-03T00,1.56,0.43,4.1,206,7
2010-05-10T00,1.56,0.24,3.64,207,5
2003-04-29T00,1.56,0.0,5.91,208,3
1984-10-03T00,1.56,0.36,5.98,209,4
2006-09-15T00,1.56,0.09,4.44,210,4
1984-10-14T00,1.55,0.26,6.76,211,5
2007-05-29T00,1.55,0.33,4.33,212,7
1995-10-04T00,1.55,0.17,2.97,213,6
1999-06-10T00,1.55,0.32,3.28,214,5
1991-06-05T00,1.54,0.48,3.67,215,6
2007-04-17T00,1.54,0.31,5.57,216,8
2006-09-21T00,1.54,0.26,5.5,217,5
1980-04-23T00,1.54,0.0,11.69,218,4
2009-05-24T00,1.54,0.13,5.86,219,3
2011-05-29T00,1.53,0.57,3.42,220,5
2018-05-09T00,1.53,0.06,3.65,221,6
2012-07-06T00,1.53,0.15,5.43,222,2
1999-07-31T00,1.53,0.25,4.6,223,6
2015-07-26T00,1.53,0.24,4.76,224,6
2023-09-04T00,1.53,0.04,3.3,225,9
2002-06-22T00,1.53,0.15,5.74,226,2
1985-09-06T00,1.53,0.59,4.46,227,4
1987-05-20T00,1.52,0.54,2.48,228,5
1999-06-02T00,1.52,0.25,6.71,229,7
1991-09-13T00,1.52,0.26,3.0,230,7
1990-04-25T00,1.51,0.11,4.6,231,3
2002-05-21T00,1.51,0.0,5.23,232,3
2014-06-26T00,1.51,0.28,4.56,233,5
2015-05-15T00,1.51,0.27,4.4,234,7
1981-05-15T00,1.51,0.43,4.54,235,5
1980-05-10T00,1.5,0.42,3.7,236,5
2025-05-05T00,1.5,0.1,4.36,237,6
2022-10-21T00,1.49,0.25,4.7,238,6
2006-05-26T00,1.49,0.06,3.88,239,6
2011-10-06T00,1.49,0.24,4.58,240,6
2024-05-21T00,1.49,0.13,3.7,241,7
2008-06-10T00,1.48,0.17,4.56,242,7
1989-09-19T00,1.48,0.31,2.67,243,4
1998-06-25T00,1.48,0.24,6.11,244,5
1997-09-18T00,1.48,0.11,9.05,245,9
2001-06-02T00,1.47,0.5,4.32,246,3
2015-08-16T00,1.47,0.28,2.92,247,8
2022-06-05T00,1.47,0.43,3.68,248,7
2025-10-16T00,1.47,0.3,2.62,249,7
1988-05-29T00,1.47,0.0,5.39,250,5
2019-02-25T00,1.47,0.44,6.81,251,11
2025-10-04T00,1.46,0.46,3.54,252,8
1994-04-09T00,1.46,0.4,2.86,253,5
1983-05-08T00,1.46,0.16,4.81,254,4
1980-05-14T00,1.45,0.71,6.75,255,6
1985-05-28T00,1.45,0.24,7.14,256,5
2016-04-28T00,1.44,0.52,2.16,257,8
1987-07-09T00,1.44,0.26,5.28,258,6
2024-06-08T00,1.43,0.0,53.19,259,8
1987-05-15T00,1.43,0.15,5.83,260,7
2006-10-05T00,1.43,0.0,7.17,261,7
2023-06-12T00,1.43,0.0,8.41,262,10
2022-06-12T00,1.43,0.33,4.28,263,8
2001-07-09T00,1.42,0.1,3.27,264,4
2003-03-26T00,1.41,0.0,4.76,265,4
1985-09-10T00,1.41,0.4,4.31,266,6
2004-05-21T00,1.41,0.0,4.85,267,4
1989-01-22T00,1.41,0.14,11.98,268,5
2019-07-07T00,1.41,0.2,4.2,269,12
1990-05-23T00,1.41,0.23,3.51,270,4
2013-09-25T00,1.4,0.11,3.96,271,6
2009-09-22T00,1.4,0.01,3.32,272,4
1999-08-04T00,1.4,0.31,3.98,273,8
2023-01-16T00,1.4,0.07,19.06,274,11
2021-05-30T00,1.4,0.21,5.07,275,5
1998-10-28T00,1.4,0.35,3.73,276,6
1992-06-28T00,1.39,0.5,2.49,277,3
2025-06-24T00,1.39,0.01,6.83,278,9
1988-09-16T00,1.39,0.32,4.22,279,6
2010-11-16T00,1.39,0.01,9.76,280,6
2018-10-08T00,1.39,0.35,4.04,281,7
2021-05-16T00,1.38,0.12,6.05,282,6
2019-07-19T00,1.38,0.0,3.76,283,13
2000-10-12T00,1.38,0.2,4.9,284,4
2011-07-12T00,1.37,0.04,4.96,285,7
2022-07-27T00,1.37,0.01,4.57,286,9
2017-07-29T00,1.37,0.0,6.02,287,7
1994-06-05T00,1.37,0.22,2.66,288,6
1980-04-29T00,1.36,0.07,4.42,289,7
2025-09-13T00,1.36,0.0,5.24,290,10
1989-02-02T00,1.36,0.06,11.18,291,6
2016-05-19T00,1.35,0.3,2.61,292,9
2009-03-22T00,1.35,0.27,3.65,293,5
1989-06-24T00,1.35,0.07,6.51,294,7
2003-04-14T00,1.35,0.02,6.28,295,5
2006-12-20T00,1.35,0.0,9.12,296,8
2018-09-19T00,1.35,0.09,3.27,297,8
2022-04-28T00,1.34,0.4,2.81,298,10
2009-08-05T00,1.34,0.11,3.83,299,6
2013-09-06T00,1.34,0.0,5.08,300,7
1980-08-14T00,1.34,0.24,3.62,301,8
2008-07-17T00,1.34,0.09,4.46,302,8
1994-04-24T00,1.33,0.2,3.21,303,7
2003-06-15T00,1.33,0.0,3.44,304,6
2018-06-23T00,1.33,0.2,3.53,305,9
1986-10-01T00,1.33,0.62,2.65,306,7
2014-11-25T00,1.32,0.12,9.72,307,6
1995-09-07T00,1.32,0.04,4.91,308,7
1981-05-05T00,1.32,0.31,5.22,309,6
2025-09-22T00,1.32,0.0,2.94,310,11
1985-08-10T00,1.31,0.46,3.33,311,7
2009-10-04T00,1.31,0.33,4.17,312,7
1991-04-10T00,1.31,0.15,2.43,313,8
2011-06-18T00,1.3,0.06,4.93,314,8
2003-04-01T00,1.3,0.0,4.35,315,7
2022-05-02T00,1.3,0.0,2.61,316,11
2019-06-27T00,1.3,0.0,4.61,317,14
2012-05-26T00,1.3,0.42,2.69,318,3
2025-06-03T00,1.3,0.21,4.93,319,12
2004-10-29T00,1.29,0.13,2.72,320,5
2000-09-20T00,1.29,0.49,3.97,321,5
1995-06-28T00,1.29,0.0,3.4,322,8
2002-09-07T00,1.29,0.0,3.91,323,4
2022-07-07T00,1.29,0.03,5.56,324,12
2000-07-16T00,1.29,0.28,3.21,325,6
2009-05-31T00,1.29,0.16,4.12,326,8
2017-03-24T00,1.29,0.06,3.2,327,8
2022-05-11T00,1.29,0.11,2.89,328,13
2015-01-04T00,1.29,0.1,13.81,329,9
1981-03-02T00,1.28,0.35,2.08,330,7
1989-06-02T00,1.28,0.03,3.24,331,8
2013-06-18T00,1.28,0.13,6.09,332,8
1984-06-19T00,1.28,0.0,4.58,333,6
2016-09-03T00,1.28,0.44,3.06,334,10
2006-10-26T00,1.28,0.09,2.81,335,9
2014-06-07T00,1.28,0.11,4.11,336,7
2025-07-21T00,1.28,0.04,4.72,337,13
2024-08-12T00,1.28,0.13,4.65,338,9
1993-07-12T00,1.28,0.2,3.77,339,9
1996-12-31T00,1.28,0.0,7.61,340,5
1994-12-02T00,1.27,0.01,12.4,341,8
2007-07-26T00,1.27,0.01,4.31,342,9
2013-05-22T00,1.27,0.15,6.59,343,9
1998-07-29T00,1.27,0.13,2.86,344,7
2007-10-13T00,1.27,0.31,3.57,345,10
2016-03-23T00,1.27,0.11,2.88,346,11
2020-07-04T00,1.26,0.15,4.13,347,6
2008-08-31T00,1.26,0.14,3.1,348,9
1997-04-23T00,1.26,0.0,10.81,349,10
2015-06-02T00,1.26,0.16,5.35,350,10
2022-08-13T00,1.26,0.04,5.27,351,14
2020-05-02T00,1.25,0.0,3.63,352,7
1994-07-12T00,1.25,0.08,3.58,353,9
2025-08-29T00,1.25,0.0,6.37,354,14
1991-06-28T00,1.25,0.1,3.8,355,9
1986-04-24T00,1.25,0.36,2.49,356,8
1986-07-03T00,1.25,0.35,4.02,357,9
1999-11-24T00,1.25,0.06,8.45,358,9
1997-06-01T00,1.25,0.18,4.21,359,11
2022-08-25T00,1.25,0.04,5.8,360,15
2023-05-05T00,1.24,0.04,4.72,361,12
1987-03-17T00,1.24,0.03,6.93,362,8
1990-11-23T00,1.24,0.0,19.34,363,5
2014-04-27T00,1.24,0.48,2.46,364,8
2023-06-16T00,1.24,0.07,4.91,365,13
1995-09-18T00,1.24,0.51,2.52,366,9
2009-01-07T00,1.23,0.0,12.35,367,9
1992-04-17T00,1.23,0.19,3.76,368,4
1990-06-14T00,1.23,0.13,2.68,369,6
2010-07-05T00,1.23,0.11,3.55,370,7
2010-08-03T00,1.23,0.0,3.61,371,8
1997-10-11T00,1.22,0.33,2.85,372,12
2025-09-17T00,1.22,0.0,54.39,373,15
2025-07-27T00,1.22,0.08,3.95,374,16
1996-06-22T00,1.22,0.3,4.57,375,6
2023-04-18T00,1.22,0.04,3.64,376,14
2018-02-07T00,1.22,0.03,13.42,377,10
1991-08-02T00,1.22,0.19,5.73,378,10
2010-03-31T00,1.22,0.15,2.71,379,9
1989-07-12T00,1.22,0.02,4.06,380,9
1991-05-02T00,1.21,0.26,2.51,381,11
2000-03-06T00,1.21,0.14,2.99,382,7
1987-08-23T00,1.21,0.16,3.4,383,9
1996-04-11T00,1.21,0.31,7.22,384,7
2019-05-15T00,1.2,0.26,3.29,385,15
2016-12-14T00,1.2,0.21,3.56,386,12
2017-11-01T00,1.2,0.27,4.64,387,9
1999-05-28T00,1.2,0.17,5.38,388,10
2004-07-03T00,1.2,0.09,3.67,389,6
1989-07-28T00,1.2,0.0,4.11,390,10
2001-07-24T00,1.2,0.06,3.46,391,5
2023-07-19T00,1.2,0.07,3.43,392,15
1995-05-26T00,1.19,0.15,3.25,393,10
2002-08-07T00,1.19,0.0,3.39,394,5
2017-04-18T00,1.19,0.3,2.33,395,10
2018-06-01T00,1.19,0.04,3.35,396,11
1991-05-26T00,1.19,0.27,2.42,397,12
2003-04-22T00,1.19,0.0,5.81,398,8
1986-08-29T00,1.19,0.12,3.65,399,10
1998-09-11T00,1.19,0.17,2.87,400,8
1982-06-29T00,1.18,0.16,2.98,401,9
2025-12-17T00,1.18,0.06,5.32,402,17
2019-10-20T00,1.18,0.26,2.93,403,16
2005-05-28T00,1.18,0.0,5.65,404,8
2000-05-29T00,1.18,0.13,4.35,405,8
1982-01-22T00,1.17,0.07,8.56,406,10
2025-06-14T00,1.17,0.0,4.74,407,18
1988-03-31T00,1.17,0.17,2.46,408,7
2019-07-14T00,1.17,0.07,2.86,409,17
2010-04-28T00,1.17,0.22,5.59,410,10
2008-11-05T00,1.17,0.15,3.21,411,10
1980-09-10T00,1.17,0.08,5.21,412,9
1986-09-07T00,1.17,0.2,4.68,413,11
1994-09-13T00,1.17,0.21,3.34,414,10
2007-10-04T00,1.16,0.0,4.16,415,11
1993-11-12T00,1.16,0.32,7.09,416,10
2018-07-16T00,1.16,0.09,3.82,417,12
2017-10-01T00,1.16,0.15,3.63,418,11
1987-07-02T00,1.16,0.0,3.14,419,10
2013-10-11T00,1.16,0.42,3.22,420,10
2015-10-21T00,1.16,0.34,4.18,421,11
2015-10-02T00,1.16,0.19,3.61,422,12
1989-05-15T00,1.16,0.02,3.07,423,11
1998-08-02T00,1.15,0.24,2.63,424,9
1983-04-29T00,1.15,0.14,3.32,425,5
2013-04-15T00,1.15,0.06,7.27,426,11
1993-10-16T00,1.15,0.14,2.15,427,11
2021-04-27T00,1.15,0.0,3.44,428,7
1998-05-21T00,1.15,0.17,3.44,429,10
2014-07-28T00,1.15,0.02,3.32,430,9
2004-08-22T00,1.15,0.07,3.23,431,7
1981-07-11T00,1.15,0.16,3.59,432,8
2020-11-06T00,1.15,0.24,4.09,433,8
2003-10-28T00,1.15,0.0,5.49,434,9
2001-09-05T00,1.15,0.24,3.57,435,6
2011-06-02T00,1.14,0.2,3.87,436,9
2017-07-13T00,1.14,0.04,5.07,437,12
2024-10-28T00,1.14,0.25,2.54,438,10
1984-06-14T00,1.14,0.1,2.56,439,7
2025-08-16T00,1.14,0.0,4.93,440,19
1983-09-17T00,1.14,0.18,3.63,441,6
2015-11-02T00,1.14,0.07,11.74,442,13
1986-05-14T00,1.14,0.0,2.52,443,12
1986-07-19T00,1.14,0.0,2.63,444,13
2025-06-19T00,1.13,0.31,2.5,445,20
1981-06-12T00,1.13,0.28,3.59,446,9
1985-03-02T00,1.13,0.32,3.04,447,8
2008-11-12T00,1.13,0.01,9.21,448,11
1991-11-15T00,1.13,0.29,8.36,449,13
1998-12-03T00,1.13,0.0,12.18,450,11
1983-04-20T00,1.13,0.0,6.0,451,7
1992-10-04T00,1.13,0.01,5.95,452,5
1981-10-11T00,1.12,0.17,3.28,453,10
2022-12-13T00,1.12,0.2,2.96,454,16
2025-07-14T00,1.12,0.39,3.01,455,21
2017-12-28T00,1.12,0.01,4.58,456,13
2017-12-18T00,1.12,0.02,4.66,457,14
1992-03-03T00,1.12,0.07,4.99,458,6
2009-04-27T00,1.12,0.01,5.37,459,10
1988-04-18T00,1.12,0.12,5.84,460,8
1982-06-24T00,1.11,0.08,2.43,461,11
1982-06-13T00,1.11,0.11,2.8,462,12
2020-05-14T00,1.11,0.01,3.16,463,9
1982-06-01T00,1.11,0.26,2.07,464,13
2007-08-06T00,1.11,0.06,3.87,465,12
1989-06-09T00,1.11,0.15,5.34,466,12
2017-08-06T00,1.11,0.1,4.83,467,15
2010-08-28T00,1.11,0.18,2.67,468,11
1984-07-22T00,1.11,0.0,2.65,469,8
2012-03-17T00,1.11,0.16,5.32,470,4
1998-06-06T00,1.11,0.3,1.78,471,12
2014-03-09T00,1.11,0.15,7.57,472,10
1982-02-19T00,1.1,0.0,8.29,473,14
1995-04-17T00,1.1,0.36,2.04,474,11
1990-05-29T00,1.1,0.15,2.93,475,7
2022-02-28T00,1.1,0.0,9.24,476,17
1984-08-18T00,1.09,0.02,4.01,477,9
1980-06-16T00,1.09,0.06,2.39,478,10
1989-05-27T00,1.09,0.17,3.48,479,13
2012-06-04T00,1.09,0.04,5.03,480,5
2020-09-06T00,1.08,0.27,2.33,481,10
2016-06-09T00,1.08,0.13,3.12,482,13
2025-07-05T00,1.08,0.01,7.27,483,22
2021-05-09T00,1.08,0.01,2.78,484,8
1988-07-17T00,1.08,0.28,3.75,485,9
2016-08-17T00,1.08,0.22,2.48,486,14
2007-11-17T00,1.08,0.0,5.34,487,13
2022-08-05T00,1.08,0.21,3.18,488,18
2005-06-06T00,1.08,0.0,5.55,489,9
2024-09-11T00,1.08,0.16,2.51,490,11
1993-08-20T00,1.08,0.15,2.97,491,12
2001-04-09T00,1.08,0.33,2.62,492,7
2025-08-09T00,1.08,0.02,4.42,493,23
1988-10-15T00,1.08,0.07,8.94,494,10
1983-06-25T00,1.08,0.1,3.38,495,8
2002-03-13T00,1.07,0.33,1.97,496,6
2005-07-24T00,1.07,0.0,2.69,497,10
2004-09-18T00,1.07,0.0,3.61,498,8
2024-03-30T00,1.07,0.39,1.8,499,12
1988-06-12T00,1.07,0.13,2.39,500,11
2021-05-02T00,1.07,0.05,2.71,501,9
2004-06-18T00,1.07,0.0,3.67,502,9
2014-05-05T00,1.07,0.27,2.14,503,11
2010-07-19T00,1.06,0.0,2.86,504,12
2024-04-15T00,1.06,0.03,3.96,505,13
1993-08-27T00,1.06,0.18,3.07,506,13
1995-08-24T00,1.06,0.2,3.1,507,12
2015-06-18T00,1.06,0.0,4.71,508,14
1996-06-14T00,1.06,0.16,3.13,509,8
1990-08-17T00,1.06,0.34,2.29,510,8
1999-08-28T00,1.05,0.06,3.56,511,11
2023-06-28T00,1.05,0.08,3.88,512,16
2010-06-21T00,1.05,0.31,2.68,513,13
2023-08-20T00,1.05,0.23,3.63,514,17
2010-03-08T00,1.05,0.09,2.08,515,14
1998-07-03T00,1.05,0.31,3.82,516,13
2005-09-09T00,1.05,0.0,9.7,517,11
2008-12-25T00,1.05,0.03,7.99,518,12
2019-04-29T00,1.05,0.5,3.46,519,18
2018-06-27T00,1.05,0.06,3.98,520,13
2014-05-30T00,1.05,0.21,2.85,521,12
2004-02-27T00,1.05,0.07,7.59,522,10
1986-04-11T00,1.05,0.21,5.76,523,14
1995-07-11T00,1.05,0.32,2.76,524,13
1993-04-17T00,1.05,0.08,4.24,525,14
1984-09-21T00,1.05,0.21,4.32,526,10
1993-08-15T00,1.05,0.24,4.18,527,15
2005-08-11T00,1.05,0.0,2.71,528,12
1995-06-09T00,1.04,0.52,2.19,529,14
1986-05-21T00,1.04,0.09,4.26,530,15
2001-04-20T00,1.04,0.15,2.59,531,8
2019-06-06T00,1.04,0.28,2.36,532,19
1990-05-01T00,1.04,0.0,2.68,533,9
1998-03-28T00,1.04,0.28,2.3,534,14
1990-05-13T00,1.04,0.35,4.13,535,10
1995-11-28T00,1.04,0.03,6.51,536,15
1996-08-28T00,1.04,0.0,2.99,537,9
2017-03-08T00,1.03,0.1,3.31,538,16
2004-08-03T00,1.03,0.0,3.57,539,11
1998-05-10T00,1.03,0.03,2.26,540,15
2001-07-13T00,1.03,0.08,2.74,541,9
2010-11-08T00,1.03,0.05,5.65,542,15
2016-03-29T00,1.03,0.29,1.99,543,15
2013-04-08T00,1.03,0.41,1.9,544,12
2010-09-08T00,1.03,0.05,2.78,545,16
1997-08-10T00,1.03,0.27,2.36,546,13
2014-08-26T00,1.03,0.0,3.54,547,13
2018-07-27T00,1.03,0.0,4.21,548,14
1993-07-16T00,1.03,0.05,2.41,549,16
1991-04-26T00,1.03,0.18,2.12,550,14
1996-10-24T00,1.03,0.26,2.76,551,10
2023-05-17T00,1.03,0.0,7.3,552,18
2003-05-30T00,1.03,0.0,4.03,553,10
2018-02-17T00,1.03,0.0,11.78,554,15
2009-06-10T00,1.02,0.0,3.24,555,11
2017-04-08T00,1.02,0.06,2.36,556,17
1989-10-01T00,1.02,0.13,4.12,557,14
2024-05-29T00,1.02,0.0,4.95,558,14
2016-01-31T00,1.02,0.46,1.53,559,16
2016-10-29T00,1.02,0.05,2.98,560,17
1999-07-18T00,1.02,0.08,4.1,561,12
2021-06-09T00,1.02,0.07,4.27,562,10
2016-06-30T00,1.02,0.04,4.77,563,18
2011-09-14T00,1.02,0.29,7.24,564,10
2020-05-23T00,1.02,0.24,2.57,565,11
1998-07-08T00,1.02,0.06,3.47,566,16
2009-11-11T00,1.01,0.0,6.89,567,12
2013-12-01T00,1.01,0.07,26.39,568,13
2006-07-08T00,1.01,0.0,3.84,569,10
2020-10-24T00,1.01,0.19,2.55,570,12
2023-02-19T00,1.01,0.14,6.21,571,19
2020-07-24T00,1.01,0.05,9.43,572,13
1989-10-27T00,1.01,0.04,2.35,573,15
1998-09-19T00,1.01,0.09,2.57,574,17
1992-04-21T00,1.01,0.03,5.26,575,7
2000-05-11T00,1.01,0.19,3.68,576,9
2023-09-09T00,1.01,0.04,2.61,577,20
1985-04-28T00,1.01,0.25,6.15,578,9
1995-04-28T00,1.01,0.19,5.52,579,16
1995-04-07T00,1.01,0.07,5.64,580,17
1981-08-02T00,1.01,0.0,2.89,581,11
1994-06-12T00,1.0,0.14,3.58,582,11
2004-09-22T00,1.0,0.01,4.09,583,12
2005-06-26T00,1.0,0.03,3.46,584,13
1980-01-25T00,1.0,0.07,8.27,585,11
1981-03-16T00,1.0,0.0,5.13,586,12
2019-09-05T00,1.0,0.16,3.23,587,20
1981-03-27T00,1.0,0.19,1.83,588,13
1988-09-09T00,1.0,0.06,3.09,589,12
2013-08-02T00,1.0,0.01,3.71,590,14
1999-06-26T00,1.0,0.0,2.74,591,13
2012-04-03T00,1.0,0.03,3.39,592,6
1981-07-16T00,1.0,0.21,3.85,593,14
1985-08-14T00,1.0,0.08,2.22,594,10
1996-02-07T00,1.0,0.0,8.76,595,11
1992-05-25T00,0.99,0.0,4.15,596,8
2024-07-01T00,0.99,0.06,4.21,597,15
1983-07-22T00,0.99,0.15,2.56,598,9
2009-07-06T00,0.99,0.07,2.95,599,13
1982-03-17T00,0.99,0.18,2.26,600,15
2022-04-12T00,0.99,0.0,2.78,601,19
2010-04-12T00,0.99,0.02,6.14,602,17
1984-05-14T00,0.99,0.0,3.7,603,11
2006-01-02T00,0.99,0.0,6.0,604,11
2019-05-06T00,0.99,0.14,2.12,605,21
2019-08-22T00,0.99,0.0,5.96,606,22
2003-08-29T00,0.99,0.0,3.34,607,11
1989-05-10T00,0.98,0.31,3.11,608,16
2025-08-01T00,0.98,0.02,4.87,609,24
1980-06-25T00,0.98,0.2,3.39,610,12
2023-08-24T00,0.98,0.06,4.21,611,21
2019-10-10T00,0.98,0.3,1.83,612,23
1994-05-08T00,0.98,0.0,4.69,613,12
2006-05-21T00,0.98,0.0,2.78,614,12
1990-10-06T00,0.98,0.12,6.94,615,11
1988-07-03T00,0.98,0.22,2.21,616,13
1989-11-10T00,0.98,0.01,10.64,617,17
1993-07-20T00,0.98,0.04,3.7,618,17
2000-05-06T00,0.98,0.25,2.25,619,10
2018-07-22T00,0.98,0.09,5.34,620,16
1988-08-02T00,0.98,0.1,2.72,621,14
1991-11-27T00,0.98,0.07,4.87,622,15
2013-06-12T00,0.98,0.26,2.32,623,15
2022-05-20T00,0.98,0.02,2.45,624,20
1995-12-10T00,0.97,0.03,7.24,625,18
2000-04-28T00,0.97,0.23,2.41,626,11
1983-08-20T00,0.97,0.15,1.85,627,10
1986-11-05T00,0.97,0.0,7.85,628,16
1990-09-27T00,0.97,0.13,2.68,629,12
2004-05-28T00,0.97,0.04,3.3,630,13
2025-10-11T00,0.97,0.33,3.03,631,25
2005-04-08T00,0.97,0.0,2.37,632,14
2005-04-12T00,0.97,0.0,6.12,633,15
2021-02-05T00,0.96,0.0,4.27,634,11
2004-07-22T00,0.96,0.0,3.73,635,14
1980-06-11T00,0.96,0.31,3.43,636,13
2006-08-18T00,0.96,0.0,3.54,637,13
1999-10-26T00,0.96,0.09,4.96,638,14
2007-08-22T00,0.96,0.01,2.89,639,14
2021-10-07T00,0.96,0.18,2.35,640,12
1983-09-27T00,0.96,0.15,4.58,641,11
2009-03-16T00,0.96,0.02,9.48,642,14
1998-01-10T00,0.96,0.0,86.09,643,18
1993-04-10T00,0.96,0.0,6.69,644,18
2021-05-25T00,0.95,0.07,3.97,645,13
2011-03-31T00,0.95,0.04,9.03,646,11
2022-11-07T00,0.95,0.19,4.03,647,21
1987-06-18T00,0.95,0.06,2.87,648,11
2018-04-11T00,0.95,0.24,2.65,649,17
2012-02-21T00,0.95,0.01,6.67,650,7
2023-04-02T00,0.95,0.26,1.76,651,22
2011-01-16T00,0.95,0.0,9.09,652,12
2015-04-25T00,0.95,0.0,3.79,653,15
2003-09-15T00,0.95,0.0,4.16,654,12
1992-05-20T00,0.95,0.25,2.29,655,9
1985-07-27T00,0.95,0.01,2.21,656,11
2022-09-08T00,0.94,0.04,2.62,657,22
2020-10-12T00,0.94,0.0,4.57,658,14
1986-04-16T00,0.94,0.36,2.43,659,17
1980-06-01T00,0.94,0.0,4.79,660,14
1982-12-23T00,0.94,0.01,12.56,661,16
1992-03-08T00,0.94,0.13,3.76,662,10
2023-07-04T00,0.94,0.0,2.87,663,23
2005-12-28T00,0.94,0.0,5.88,664,16
1985-06-24T00,0.94,0.17,2.69,665,12
2009-07-12T00,0.94,0.0,3.15,666,15
2009-01-23T00,0.94,0.04,9.65,667,16
1992-07-11T00,0.94,0.35,1.88,668,11
2023-10-24T00,0.94,0.35,3.75,669,24
1991-06-23T00,0.94,0.14,2.19,670,16
1985-03-25T00,0.94,0.04,5.24,671,13
1983-11-26T00,0.94,0.04,5.84,672,12
1983-03-14T00,0.94,0.01,5.88,673,13
1992-05-30T00,0.93,0.08,2.0,674,12
2010-05-28T00,0.93,0.08,2.51,675,18
2018-01-10T00,0.93,0.06,3.48,676,18
2012-11-08T00,0.93,0.06,5.43,677,8
2024-08-22T00,0.93,0.0,4.04,678,16
1984-08-29T00,0.93,0.23,2.67,679,12
2013-05-08T00,0.93,0.02,3.89,680,16
2024-10-19T00,0.93,0.02,3.91,681,17
1999-05-11T00,0.93,0.11,2.33,682,15
2020-02-06T00,0.93,0.03,4.85,683,15
2017-02-04T00,0.93,0.1,7.48,684,18
1980-03-31T00,0.93,0.34,1.51,685,15
1990-07-08T00,0.93,0.0,2.85,686,13
2006-11-06T00,0.93,0.0,12.31,687,14
2018-08-19T00,0.93,0.03,3.22,688,19
1995-03-23T00,0.92,0.04,6.09,689,19
1995-07-02T00,0.92,0.18,2.63,690,20
1983-06-10T00,0.92,0.05,3.37,691,14
1982-08-13T00,0.92,0.03,2.89,692,17
2008-05-08T00,0.92,0.15,3.08,693,13
2000-07-03T00,0.92,0.04,2.63,694,12
2009-06-20T00,0.92,0.0,4.19,695,17
2004-01-28T00,0.92,0.0,7.45,696,15
2002-07-07T00,0.92,0.0,2.92,697,7
1999-04-08T00,0.92,0.0,2.29,698,16
1980-01-08T00,0.92,0.0,30.67,699,16
1992-06-07T00,0.91,0.1,1.96,700,13
2009-10-28T00,0.91,0.07,3.13,701,18
2024-02-02T00,0.91,0.05,3.41,702,18
1993-04-05T00,0.91,0.1,4.37,703,19
2024-05-10T00,0.91,0.0,3.46,704,19
2000-01-10T00,0.91,0.0,71.78,705,13
2015-05-27T00,0.91,0.1,2.93,706,16
2012-04-25T00,0.91,0.03,2.43,707,9
1985-09-16T00,0.91,0.07,4.05,708,14
2015-12-08T00,0.91,0.0,8.89,709,17
2007-08-17T00,0.91,0.02,5.04,710,15
2021-09-02T00,0.91,0.13,2.73,711,14
2006-12-29T00,0.91,0.06,3.05,712,15
1982-07-14T00,0.91,0.08,1.81,713,18
1985-10-05T00,0.91,0.13,5.08,714,15
2017-08-14T00,0.91,0.0,5.61,715,19
2023-04-26T00,0.91,0.03,2.55,716,25
2021-07-01T00,0.91,0.0,6.09,717,15
2017-01-09T00,0.91,0.22,4.13,718,20
2019-04-20T00,0.9,0.0,3.06,719,24
1988-03-09T00,0.9,0.24,5.45,720,15
2013-09-16T00,0.9,0.03,3.93,721,17
1986-06-03T00,0.9,0.19,2.67,722,18
1993-09-17T00,0.9,0.24,2.26,723,20
2005-05-16T00,0.9,0.0,3.19,724,17
2025-03-29T00,0.9,0.0,3.02,725,26
2004-08-17T00,0.9,0.0,4.44,726,16
2005-05-05T00,0.9,0.0,4.87,727,18
1998-12-26T00,0.9,0.0,7.81,728,19
1990-01-18T00,0.9,0.29,1.56,729,14
1997-10-06T00,0.9,0.37,2.64,730,14
1990-07-27T00,0.9,0.1,2.2,731,15
2012-11-20T00,0.9,0.0,8.47,732,10
2021-07-05T00,0.89,0.13,6.06,733,16
2008-09-10T00,0.89,0.01,3.38,734,14
2005-03-12T00,0.89,0.0,5.51,735,19
2010-12-12T00,0.89,0.02,6.81,736,19
1991-05-18T00,0.89,0.0,4.49,737,17
2001-05-17T00,0.89,0.0,3.48,738,10
2014-03-31T00,0.89,0.27,1.75,739,14
2023-09-13T00,0.89,0.0,3.83,740,26
2009-07-01T00,0.89,0.0,3.37,741,19
1991-08-11T00,0.89,0.09,3.15,742,18
2002-09-11T00,0.89,0.0,2.1,743,8
2013-04-30T00,0.89,0.18,3.65,744,18
2005-06-15T00,0.89,0.0,3.68,745,20
2010-08-08T00,0.89,0.0,3.76,746,20
2017-04-29T00,0.89,0.01,2.77,747,21
2018-03-14T00,0.88,0.26,1.8,748,20
1989-06-28T00,0.88,0.02,2.37,749,18
2018-03-31T00,0.88,0.03,2.06,750,21
1990-02-13T00,0.88,0.08,7.13,751,16
1981-05-28T00,0.88,0.06,3.56,752,15
2006-07-03T00,0.88,0.0,3.52,753,16
1982-05-03T00,0.88,0.15,1.63,754,19
2016-07-26T00,0.88,0.02,2.67,755,19
2011-05-12T00,0.88,0.02,2.22,756,13
2010-12-19T00,0.88,0.0,9.98,757,21
1995-11-06T00,0.88,0.06,7.58,758,21
2018-08-26T00,0.87,0.13,2.42,759,22
1983-11-06T00,0.87,0.23,5.89,760,15
1987-07-21T00,0.87,0.0,6.09,761,12
2018-02-02T00,0.87,0.09,4.9,762,23
1990-08-24T00,0.87,0.2,2.31,763,17
2008-10-21T00,0.87,0.0,4.41,764,15
2004-07-09T00,0.87,0.0,5.05,765,17
2020-04-14T00,0.87,0.19,3.28,766,16
2011-07-06T00,0.87,0.02,3.73,767,14
2015-05-03T00,0.87,0.22,3.38,768,18
2017-03-31T00,0.87,0.0,3.95,769,22
1989-08-11T00,0.87,0.0,2.5,770,19
2016-06-14T00,0.87,0.21,2.77,771,20
2012-09-11T00,0.87,0.06,3.25,772,11
2000-03-30T00,0.87,0.12,3.69,773,14
1996-02-22T00,0.86,0.02,8.22,774,12
2018-06-07T00,0.86,0.04,3.85,775,24
2007-09-22T00,0.86,0.01,2.82,776,16
1997-04-30T00,0.86,0.04,2.22,777,15
1989-11-03T00,0.86,0.02,7.04,778,20
1983-11-20T00,0.86,0.19,7.65,779,16
2021-06-25T00,0.86,0.03,3.17,780,17
2000-10-26T00,0.86,0.14,2.5,781,15
2019-11-29T00,0.86,0.27,1.86,782,25
1999-05-04T00,0.86,0.09,3.7,783,17
2019-11-24T00,0.86,0.02,2.19,784,26
2023-03-25T00,0.86,0.01,2.75,785,27
2002-04-14T00,0.86,0.0,4.76,786,9
1995-10-21T00,0.86,0.23,2.76,787,22
1994-08-12T00,0.85,0.09,2.07,788,13
1982-06-17T00,0.85,0.07,2.31,789,20
2009-09-29T00,0.85,0.08,2.61,790,20
1984-08-01T00,0.85,0.03,2.99,791,13
1995-07-15T00,0.85,0.03,2.7,792,23
1998-04-23T00,0.85,0.0,3.65,793,20
2016-10-08T00,0.85,0.02,4.91,794,21
1991-04-16T00,0.85,0.0,4.2,795,19
1994-04-02T00,0.85,0.0,5.96,796,14
2009-08-14T00,0.85,0.04,3.05,797,21
1980-10-20T00,0.85,0.19,2.73,798,17
2000-06-13T00,0.85,0.0,2.8,799,16
2017-06-06T00,0.85,0.0,4.86,800,23
2011-02-05T00,0.85,0.04,8.89,801,15
1985-11-08T00,0.85,0.0,8.24,802,16
1981-08-10T00,0.85,0.09,7.02,803,16
2014-07-13T00,0.85,0.01,3.68,804,15
2009-07-27T00,0.85,0.05,3.16,805,22
2004-04-08T00,0.84,0.09,4.35,806,18
2025-12-21T00,0.84,0.0,5.59,807,27
2014-11-09T00,0.84,0.07,5.02,808,16
2009-06-14T00,0.84,0.0,4.47,809,23
1992-07-19T00,0.84,0.13,2.24,810,14
1996-07-08T00,0.84,0.15,2.95,811,13
2018-11-02T00,0.84,0.1,5.67,812,25
2024-11-22T00,0.84,0.02,4.33,813,20
2022-01-05T00,0.84,0.06,5.22,814,23
2001-05-28T00,0.84,0.16,1.79,815,11
1986-10-09T00,0.84,0.34,2.31,816,19
2013-08-06T00,0.84,0.0,7.92,817,19
2020-05-07T00,0.84,0.01,3.35,818,17
2020-03-19T00,0.84,0.06,2.46,819,18
1983-05-19T00,0.83,0.0,3.2,820,17
2007-06-16T00,0.83,0.06,2.82,821,17
2013-01-09T00,0.83,0.0,9.14,822,20
2022-03-16T00,0.83,0.02,1.79,823,24
2010-10-23T00,0.83,0.0,8.43,824,22
1993-06-10T00,0.83,0.26,2.83,825,21
2024-05-14T00,0.83,0.26,2.83,826,21
1997-11-27T00,0.83,0.0,9.77,827,16
2024-08-07T00,0.83,0.02,2.97,828,22
2002-08-27T00,0.83,0.01,3.09,829,10
1984-03-17T00,0.83,0.18,1.82,830,14
2004-09-13T00,0.83,0.0,3.63,831,19
2018-04-23T00,0.83,0.08,1.44,832,26
1981-11-22T00,0.83,0.01,5.58,833,17
2015-02-07T00,0.83,0.0,7.65,834,19
1993-02-09T00,0.83,0.14,4.71,835,22
2014-01-30T00,0.83,0.12,10.76,836,17
2000-09-30T00,0.83,0.05,5.35,837,17
2021-07-29T00,0.82,0.0,3.67,838,18
2011-04-17T00,0.82,0.08,8.39,839,16
2025-08-24T00,0.82,0.0,4.62,840,28
2011-07-27T00,0.82,0.0,3.25,841,17
2015-03-15T00,0.82,0.01,10.68,842,20
1986-05-02T00,0.82,0.07,4.71,843,20
2011-10-25T00,0.82,0.23,2.85,844,18
1989-02-27T00,0.82,0.0,4.81,845,21
2003-01-21T00,0.82,0.0,8.43,846,13
1998-06-11T00,0.82,0.02,2.74,847,21
1990-03-11T00,0.82,0.02,4.92,848,18
1999-09-26T00,0.82,0.0,2.06,849,18
1988-01-09T00,0.82,0.02,5.63,850,16
2023-07-29T00,0.82,0.0,4.55,851,28
2002-06-27T00,0.82,0.0,7.23,852,11
2012-07-30T00,0.82,0.01,4.43,853,12
2018-08-06T00,0.82,0.02,3.63,854,27
2025-02-02T00,0.82,0.07,8.06,855,29
1988-01-17T00,0.82,0.02,2.06,856,17
2024-06-20T00,0.81,0.02,2.46,857,23
2019-06-15T00,0.81,0.0,5.5,858,27
1981-09-25T00,0.81,0.07,2.81,859,18
2002-10-27T00,0.81,0.07,2.22,860,12
1983-10-14T00,0.81,0.21,2.88,861,18
1981-04-25T00,0.81,0.0,4.43,862,19
1987-09-04T00,0.81,0.04,1.58,863,13
1984-10-24T00,0.81,0.09,4.44,864,15
1982-10-26T00,0.81,0.03,2.21,865,21
1993-04-29T00,0.81,0.14,3.13,866,23
1999-06-14T00,0.81,0.0,2.04,867,19
2010-05-04T00,0.81,0.22,1.94,868,23
1993-05-20T00,0.81,0.01,4.98,869,24
2010-05-18T00,0.81,0.0,2.98,870,24
2003-05-04T00,0.81,0.0,3.08,871,14
1984-04-01T00,0.81,0.16,2.36,872,16
1980-02-13T00,0.8,0.01,17.81,873,18
1983-05-30T00,0.8,0.09,2.24,874,19
2014-05-21T00,0.8,0.0,2.71,875,18
2007-05-12T00,0.8,0.12,3.94,876,18
1992-04-08T00,0.8,0.01,3.8,877,15
1987-02-25T00,0.8,0.31,1.76,878,14
2001-09-15T00,0.8,0.14,2.18,879,12
1997-08-14T00,0.8,0.13,3.2,880,17
2010-03-22T00,0.8,0.0,5.92,881,25
2010-08-12T00,0.8,0.01,2.74,882,26
2000-06-23T00,0.8,0.0,2.22,883,18
2024-07-19T00,0.8,0.0,4.0,884,24
2007-09-04T00,0.8,0.0,3.3,885,19
1996-07-12T00,0.8,0.21,2.09,886,14
2015-06-09T00,0.8,0.08,3.15,887,21
2008-12-31T00,0.8,0.02,5.32,888,16
2021-06-19T00,0.8,0.03,3.02,889,19
2003-06-03T00,0.8,0.03,2.46,890,15
1983-08-03T00,0.8,0.0,3.42,891,20
2001-06-29T00,0.8,0.0,2.35,892,13
1996-12-08T00,0.8,0.0,7.92,893,15
2022-09-21T00,0.8,0.03,2.73,894,25
2016-09-12T00,0.8,0.0,2.12,895,22
1992-03-15T00,0.79,0.03,6.68,896,16
2005-09-16T00,0.79,0.0,2.92,897,21
2010-07-29T00,0.79,0.0,3.68,898,27
2011-08-03T00,0.79,0.0,3.43,899,19
2021-08-07T00,0.79,0.18,2.45,900,20
2021-10-18T00,0.79,0.13,1.77,901,21
2006-08-25T00,0.79,0.0,2.41,902,17
2023-07-11T00,0.79,0.0,4.28,903,29
1980-12-02T00,0.79,0.0,5.96,904,19
1982-03-27T00,0.79,0.0,8.26,905,22
2002-05-31T00,0.79,0.0,3.43,906,13
1993-07-07T00,0.79,0.02,2.89,907,25
1998-08-10T00,0.79,0.01,2.82,908,22
2000-04-23T00,0.79,0.0,2.98,909,19
2011-06-25T00,0.79,0.0,2.39,910,20
1988-04-22T00,0.79,0.04,2.11,911,18
1994-05-24T00,0.78,0.09,2.67,912,15
1982-04-02T00,0.78,0.07,5.94,913,23
2017-02-22T00,0.78,0.07,1.94,914,24
1982-01-15T00,0.78,0.02,6.11,915,24
1989-12-13T00,0.78,0.03,6.94,916,22
2012-06-09T00,0.78,0.26,3.13,917,13
2013-08-12T00,0.78,0.0,3.71,918,21
1988-07-07T00,0.78,0.07,2.79,919,19
1987-08-13T00,0.78,0.07,2.74,920,15
1992-01-06T00,0.78,0.0,12.2,921,17
2004-05-10T00,0.78,0.0,3.51,922,20
1999-04-03T00,0.78,0.27,1.94,923,20
2004-05-16T00,0.77,0.0,3.81,924,21
2009-02-24T00,0.77,0.01,8.36,925,24
1996-03-27T00,0.77,0.04,5.18,926,16
2000-07-09T00,0.77,0.09,2.73,927,20
2009-03-29T00,0.77,0.0,5.01,928,25
2006-08-31T00,0.77,0.03,2.59,929,18
2004-10-15T00,0.77,0.0,6.14,930,22
1987-06-27T00,0.77,0.2,3.43,931,16
2017-11-22T00,0.77,0.0,5.02,932,25
2008-08-02T00,0.77,0.0,2.13,933,17
2016-12-24T00,0.77,0.18,5.48,934,23
1990-01-06T00,0.77,0.0,7.46,935,19
2019-02-03T00,0.77,0.09,4.44,936,28
1998-11-21T00,0.77,0.0,12.7,937,23
1987-07-28T00,0.76,0.03,4.07,938,17
2008-06-17T00,0.76,0.0,3.34,939,18
1990-03-28T00,0.76,0.19,6.98,940,20
2012-11-30T00,0.76,0.02,8.41,941,14
1992-06-23T00,0.76,0.0,2.91,942,18
1983-06-03T00,0.76,0.06,1.76,943,21
2013-07-13T00,0.76,0.05,3.72,944,22
2009-06-05T00,0.76,0.0,4.0,945,26
2014-10-09T00,0.76,0.04,3.68,946,19
2006-06-14T00,0.76,0.0,5.86,947,19
2014-08-15T00,0.76,0.0,4.44,948,20
1998-04-04T00,0.76,0.02,5.18,949,24
1998-02-24T00,0.76,0.02,2.28,950,25
1989-03-15T00,0.76,0.04,4.0,951,23
2017-05-25T00,0.76,0.07,3.75,952,26
2011-06-12T00,0.76,0.07,4.04,953,21
2012-09-25T00,0.76,0.0,3.72,954,15
1995-05-21T00,0.75,0.24,2.86,955,24
2005-10-27T00,0.75,0.0,5.38,956,22
1981-09-04T00,0.75,0.06,2.26,957,20
2004-07-15T00,0.75,0.04,3.68,958,23
1992-07-24T00,0.75,0.06,2.26,959,19
2007-12-03T00,0.75,0.0,8.45,960,20
1997-07-11T00,0.75,0.23,1.86,961,18
2020-07-29T00,0.75,0.05,3.85,962,19
1981-08-15T00,0.75,0.02,2.75,963,21
1985-06-02T00,0.75,0.06,2.82,964,17
1994-06-20T00,0.75,0.06,2.49,965,16
2010-01-04T00,0.75,0.0,4.69,966,28
2017-02-08T00,0.75,0.0,4.58,967,27
2019-06-01T00,0.75,0.0,4.91,968,29
2000-07-20T00,0.74,0.0,2.35,969,21
1992-10-30T00,0.74,0.03,1.61,970,20
2014-03-04T00,0.74,0.0,7.81,971,21
1986-03-08T00,0.74,0.0,5.14,972,21
1997-06-24T00,0.74,0.16,2.13,973,19
1987-12-21T00,0.74,0.09,7.7,974,18
1980-07-01T00,0.74,0.07,2.41,975,20
1991-02-16T00,0.74,0.27,1.9,976,20
1982-05-07T00,0.74,0.2,2.37,977,25
2009-04-03T00,0.74,0.27,2.17,978,27
2012-02-02T00,0.74,0.0,6.09,979,16
1991-11-04T00,0.74,0.03,5.63,980,21
2003-01-30T00,0.74,0.0,7.25,981,16
2017-07-18T00,0.74,0.0,3.1,982,28
1995-02-10T00,0.74,0.0,6.49,983,25
2023-08-07T00,0.74,0.01,3.9,984,30
2025-04-16T00,0.74,0.03,2.37,985,30
2009-06-24T00,0.74,0.0,3.81,986,28
2003-03-06T00,0.74,0.0,7.47,987,17
2010-11-20T00,0.74,0.04,5.54,988,29
1998-11-02T00,0.74,0.03,2.66,989,26
1986-10-30T00,0.74,0.08,5.85,990,22
1988-09-26T00,0.74,0.09,2.0,991,20
2004-06-04T00,0.74,0.01,2.17,992,24
2007-03-23T00,0.74,0.0,3.53,993,21
1980-12-23T00,0.73,0.0,6.48,994,21
1982-07-22T00,0.73,0.07,1.95,995,26
2010-06-06T00,0.73,0.0,2.93,996,30
2016-11-15T00,0.73,0.03,2.47,997,24
2013-04-20T00,0.73,0.08,2.26,998,23
1985-05-19T00,0.73,0.0,3.05,999,18
2012-07-16T00,0.73,0.0,2.84,1000,17
1991-10-27T00,0.73,0.06,1.84,1001,22
2009-12-06T00,0.73,0.03,5.88,1002,29
2018-03-26T00,0.73,0.1,1.77,1003,28
2007-07-09T00,0.73,0.0,4.25,1004,22
2000-02-14T00,0.73,0.0,5.15,1005,22
1986-02-21T00,0.73,0.0,5.55,1006,23
2015-11-16T00,0.73,0.05,3.29,1007,22
2012-07-23T00,0.73,0.09,2.85,1008,18
1996-03-12T00,0.73,0.0,2.29,1009,17
2014-02-11T00,0.73,0.02,5.53,1010,22
2014-02-23T00,0.73,0.0,4.17,1011,23
1992-03-27T00,0.73,0.03,3.34,1012,21
1987-08-06T00,0.73,0.05,1.72,1013,19
2011-04-06T00,0.72,0.07,3.25,1014,22
1996-05-07T00,0.72,0.29,1.57,1015,18
2003-06-19T00,0.72,0.11,2.89,1016,18
1988-02-07T00,0.72,0.0,5.76,1017,21
2019-08-06T00,0.72,0.0,3.99,1018,30
2020-03-28T00,0.72,0.0,2.66,1019,20
2005-05-23T00,0.72,0.04,2.41,1020,23
2000-08-16T00,0.72,0.0,3.03,1021,23
2004-12-30T00,0.72,0.0,5.98,1022,25
2025-10-26T00,0.72,0.07,1.85,1023,31
1995-05-02T00,0.72,0.0,3.74,1024,26
1989-01-08T00,0.72,0.0,5.67,1025,24
2023-09-30T00,0.72,0.08,2.25,1026,31
2012-10-24T00,0.72,0.18,2.59,1027,19
2015-12-14T00,0.72,0.01,6.18,1028,23
1989-12-19T00,0.72,0.04,22.15,1029,25
1984-04-29T00,0.72,0.07,2.02,1030,17
1980-01-12T00,0.72,0.0,6.27,1031,22
1995-01-14T00,0.72,0.0,7.55,1032,27
1983-07-28T00,0.72,0.0,1.8,1033,22
1993-06-22T00,0.72,0.01,4.86,1034,26
2016-08-08T00,0.72,0.0,2.43,1035,25
2005-08-02T00,0.72,0.02,3.19,1036,24
2017-10-09T00,0.71,0.0,1.72,1037,29
1998-03-17T00,0.71,0.0,4.07,1038,27
1990-08-10T00,0.71,0.0,3.05,1039,21
1997-03-10T00,0.71,0.02,5.62,1040,20
2010-09-15T00,0.71,0.0,1.83,1041,31
1987-11-14T00,0.71,0.07,4.7,1042,20
1993-09-12T00,0.71,0.19,3.08,1043,27
1983-06-16T00,0.71,0.0,2.43,1044,23
2014-02-27T00,0.71,0.0,11.48,1045,24
2010-10-08T00,0.71,0.08,1.9,1046,32
2021-04-06T00,0.71,0.04,4.3,1047,22
2006-08-12T00,0.71,0.0,2.68,1048,20
2008-08-19T00,0.71,0.0,2.75,1049,19
2019-02-15T00,0.71,0.0,1.23,1050,31
1996-05-14T00,0.71,0.11,4.84,1051,19
1995-07-20T00,0.71,0.0,2.74,1052,28
1993-02-18T00,0.71,0.02,4.13,1053,28
2005-08-24T00,0.71,0.0,2.59,1054,25
2015-02-02T00,0.7,0.13,6.02,1055,24
1983-08-09T00,0.7,0.01,2.96,1056,24
1986-06-27T00,0.7,0.14,2.22,1057,24
1996-07-30T00,0.7,0.0,2.64,1058,20
2018-07-10T00,0.7,0.03,2.55,1059,29
2018-08-13T00,0.7,0.02,2.56,1060,30
2022-07-13T00,0.7,0.01,3.72,1061,26
1997-01-08T00,0.7,0.0,6.13,1062,21
1996-03-03T00,0.7,0.02,5.74,1063,21
2019-12-31T00,0.7,0.0,5.13,1064,32
2025-12-04T00,0.7,0.02,3.87,1065,32
1990-11-04T00,0.7,0.0,5.46,1066,22
1998-05-29T00,0.7,0.07,3.68,1067,28
1988-11-22T00,0.7,0.0,6.12,1068,22
1982-04-26T00,0.7,0.05,2.46,1069,27
1985-10-11T00,0.7,0.07,3.62,1070,19
1985-09-27T00,0.7,0.07,3.35,1071,20
1992-07-05T00,0.7,0.2,1.64,1072,22
2009-04-22T00,0.7,0.0,3.86,1073,30
1986-08-08T00,0.7,0.0,2.95,1074,25
2013-07-07T00,0.7,0.07,3.06,1075,24
1990-09-17T00,0.7,0.18,1.66,1076,23
1992-08-03T00,0.69,0.11,2.5,1077,23
2003-06-09T00,0.69,0.07,2.41,1078,19
1995-03-03T00,0.69,0.04,5.59,1079,29
2005-11-12T00,0.69,0.0,9.08,1080,26
2002-11-22T00,0.69,0.0,4.66,1081,14
1995-11-23T00,0.69,0.0,6.06,1082,30
1992-08-16T00,0.69,0.01,2.26,1083,24
2015-06-13T00,0.69,0.13,2.78,1084,25
2008-07-06T00,0.69,0.0,2.43,1085,20
1981-12-14T00,0.69,0.03,5.74,1086,22
2023-12-24T00,0.69,0.0,1.73,1087,32
2000-10-21T00,0.69,0.06,1.52,1088,24
2018-07-02T00,0.69,0.0,5.22,1089,31
1994-07-24T00,0.69,0.09,1.66,1090,17
2006-08-06T00,0.69,0.0,2.63,1091,21
1983-04-11T00,0.69,0.0,1.37,1092,25
2019-10-26T00,0.69,0.04,2.38,1093,33
1991-10-22T00,0.69,0.0,4.57,1094,23
1980-11-06T00,0.69,0.01,8.74,1095,23
2002-08-22T00,0.69,0.0,3.29,1096,15
1997-09-10T00,0.69,0.03,3.61,1097,22
1991-07-08T00,0.69,0.05,1.81,1098,24
2024-06-15T00,0.69,0.16,1.82,1099,25
2019-03-23T00,0.69,0.03,2.57,1100,34
2024-08-26T00,0.69,0.09,2.43,1101,26
2023-01-01T00,0.69,0.08,1.25,1102,33
2015-08-04T00,0.69,0.14,3.3,1103,26
1996-05-02T00,0.68,0.04,1.49,1104,22
1980-11-10T00,0.68,0.06,4.94,1105,24
1985-02-07T00,0.68,0.0,5.18,1106,21
2025-01-02T00,0.68,0.13,2.64,1107,33
1980-06-05T00,0.68,0.11,2.26,1108,25
2005-09-23T00,0.68,0.0,3.07,1109,27
2023-01-26T00,0.68,0.02,4.27,1110,34
2001-04-01T00,0.68,0.03,4.72,1111,14
2018-10-23T00,0.68,0.08,1.15,1112,32
1994-03-22T00,0.68,0.07,4.07,1113,18
2017-06-01T00,0.68,0.0,3.64,1114,30
1988-08-11T00,0.68,0.0,2.72,1115,23
2025-02-16T00,0.68,0.0,2.33,1116,34
1981-06-06T00,0.68,0.04,3.17,1117,23
1997-06-13T00,0.68,0.09,2.74,1118,23
2020-01-06T00,0.68,0.0,6.69,1119,21
1991-09-08T00,0.68,0.0,2.63,1120,25
2006-10-09T00,0.68,0.02,2.06,1121,22
2010-12-28T00,0.68,0.02,5.09,1122,33
2016-07-04T00,0.68,0.04,2.95,1123,26
1987-11-01T00,0.67,0.0,3.31,1124,21
2018-01-20T00,0.67,0.19,1.07,1125,33
1982-07-07T00,0.67,0.0,2.07,1126,28
1980-02-27T00,0.67,0.0,8.11,1127,26
2006-10-19T00,0.67,0.0,4.29,1128,23
1986-08-20T00,0.67,0.05,2.06,1129,26
2006-05-30T00,0.67,0.0,3.69,1130,24
2018-10-02T00,0.67,0.11,3.82,1131,34
2007-01-04T00,0.67,0.02,9.34,1132,23
1986-10-20T00,0.67,0.04,3.24,1133,27
2011-08-08T00,0.67,0.0,3.43,1134,23
2021-04-14T00,0.67,0.07,1.79,1135,23
2022-12-27T00,0.67,0.16,1.21,1136,27
2020-07-08T00,0.67,0.0,2.6,1137,22
2002-07-19T00,0.67,0.04,2.4,1138,16
2021-11-12T00,0.67,0.0,5.65,1139,24
2020-08-07T00,0.67,0.01,2.46,1140,23
2019-01-21T00,0.67,0.02,2.64,1141,35
2003-06-23T00,0.67,0.0,1.93,1142,20
1980-03-03T00,0.67,0.01,3.81,1143,27
2024-03-01T00,0.67,0.01,3.81,1144,27
1980-01-03T00,0.67,0.04,4.57,1145,28
1984-12-21T00,0.66,0.0,5.09,1146,18
1985-04-18T00,0.66,0.0,2.8,1147,22
2016-11-28T00,0.66,0.04,1.99,1148,27
2024-04-30T00,0.66,0.1,1.9,1149,28
2018-04-06T00,0.66,0.22,2.48,1150,35
2015-06-23T00,0.66,0.0,2.98,1151,27
2016-07-18T00,0.66,0.0,2.96,1152,28
2006-03-19T00,0.66,0.19,2.07,1153,25
2011-02-15T00,0.66,0.01,9.35,1154,24
2016-05-30T00,0.66,0.0,4.49,1155,29
2001-08-01T00,0.66,0.04,2.11,1156,15
1986-05-26T00,0.66,0.06,1.71,1157,28
2021-10-24T00,0.66,0.04,4.22,1158,25
2025-04-23T00,0.66,0.07,1.41,1159,35
2021-07-12T00,0.66,0.0,2.24,1160,26
1993-05-27T00,0.66,0.11,1.31,1161,29
2012-05-04T00,0.66,0.04,1.6,1162,20
2020-07-14T00,0.66,0.17,2.42,1163,24
2013-06-22T00,0.66,0.07,1.88,1164,25
2020-04-01T00,0.66,0.29,1.09,1165,25
1981-10-02T00,0.66,0.05,3.36,1166,24
2023-08-29T00,0.66,0.01,3.54,1167,35
2006-01-10T00,0.66,0.0,8.75,1168,26
2003-12-26T00,0.66,0.0,1.84,1169,21
2005-04-27T00,0.66,0.0,7.32,1170,28
2014-08-07T00,0.66,0.0,2.41,1171,25
2018-10-12T00,0.66,0.0,1.91,1172,36
1982-11-30T00,0.66,0.01,4.68,1173,29
1984-11-07T00,0.65,0.0,2.0,1174,19
2004-09-29T00,0.65,0.03,2.04,1175,26
2025-03-17T00,0.65,0.02,2.1,1176,36
1994-10-30T00,0.65,0.0,4.78,1177,19
2014-06-21T00,0.65,0.0,3.59,1178,26
1990-08-03T00,0.65,0.0,1.41,1179,24
2021-12-09T00,0.65,0.29,1.26,1180,27
1984-05-25T00,0.65,0.13,1.86,1181,20
1987-03-07T00,0.65,0.02,4.06,1182,22
2021-03-22T00,0.65,0.01,2.43,1183,28
2003-05-25T00,0.65,0.0,2.64,1184,22
2012-10-15T00,0.65,0.01,4.73,1185,21
2020-07-19T00,0.65,0.0,2.74,1186,26
1999-05-23T00,0.65,0.0,3.01,1187,21
1999-04-13T00,0.65,0.08,3.17,1188,22
1992-12-11T00,0.65,0.05,5.26,1189,25
1990-10-18T00,0.65,0.14,4.8,1190,25
2019-07-31T00,0.65,0.02,4.28,1191,36
2017-06-27T00,0.65,0.02,2.94,1192,31
1989-09-12T00,0.65,0.18,1.31,1193,26
2016-08-29T00,0.65,0.0,4.53,1194,30
2023-08-12T00,0.64,0.04,3.45,1195,36
1986-07-14T00,0.64,0.09,2.57,1196,29
2019-08-15T00,0.64,0.0,2.34,1197,37
2023-04-12T00,0.64,0.17,1.98,1198,37
1995-12-31T00,0.64,0.01,8.43,1199,31
2021-10-28T00,0.64,0.0,5.86,1200,29
2001-07-17T00,0.64,0.0,2.21,1201,16
1990-07-03T00,0.64,0.02,2.81,1202,26
2014-04-12T00,0.64,0.11,5.99,1203,27
1987-04-12T00,0.64,0.0,1.83,1204,23
1999-02-07T00,0.64,0.0,4.53,1205,23
2025-06-28T00,0.64,0.0,2.03,1206,37
1998-05-05T00,0.64,0.0,1.52,1207,29
2015-12-18T00,0.64,0.0,5.69,1208,28
1998-04-13T00,0.64,0.0,4.32,1209,30
1994-10-10T00,0.64,0.03,4.35,1210,20
2024-06-26T00,0.64,0.24,1.41,1211,29
2012-04-13T00,0.64,0.04,2.82,1212,22
2004-06-25T00,0.64,0.0,2.68,1213,27
2025-04-02T00,0.63,0.0,1.75,1214,38
1996-07-24T00,0.63,0.0,2.08,1215,23
2004-10-20T00,0.63,0.03,2.16,1216,28
1986-07-09T00,0.63,0.0,2.11,1217,30
2022-09-15T00,0.63,0.07,3.95,1218,28
1995-09-28T00,0.63,0.0,1.96,1219,32
2014-04-22T00,0.63,0.04,4.91,1220,28
1993-01-20T00,0.63,0.0,3.89,1221,30
1993-08-10T00,0.63,0.0,2.28,1222,31
2019-03-01T00,0.63,0.15,3.4,1223,38
2012-06-14T00,0.63,0.0,2.72,1224,23
1981-03-06T00,0.63,0.0,1.89,1225,25
2004-12-07T00,0.63,0.0,8.31,1226,29
1994-02-23T00,0.63,0.0,6.06,1227,21
2011-04-25T00,0.63,0.03,2.43,1228,25
2014-12-20T00,0.63,0.0,4.63,1229,29
1982-08-21T00,0.63,0.0,2.48,1230,30
2011-12-28T00,0.63,0.0,4.5,1231,26
2011-11-01T00,0.63,0.06,6.03,1232,27
2004-03-31T00,0.63,0.0,3.02,1233,30
1982-11-10T00,0.62,0.05,4.34,1234,31
1992-05-08T00,0.62,0.23,1.79,1235,26
1984-07-08T00,0.62,0.17,1.78,1236,21
1985-04-23T00,0.62,0.02,4.34,1237,23
1995-01-26T00,0.62,0.0,5.34,1238,33
2007-10-17T00,0.62,0.0,3.24,1239,24
2011-03-21T00,0.62,0.03,3.94,1240,28
2003-05-08T00,0.62,0.02,2.3,1241,23
2025-03-06T00,0.62,0.04,1.81,1242,39
1985-06-19T00,0.62,0.12,1.17,1243,24
2020-08-26T00,0.62,0.0,2.2,1244,27
1980-07-24T00,0.62,0.0,2.52,1245,29
1996-11-13T00,0.62,0.02,4.83,1246,24
2006-02-26T00,0.62,0.0,6.82,1247,27
2014-09-09T00,0.62,0.04,1.96,1248,30
1989-06-14T00,0.62,0.13,2.17,1249,27
1989-06-19T00,0.62,0.09,1.42,1250,28
2011-08-28T00,0.61,0.0,3.6,1251,29
2001-11-23T00,0.61,0.09,1.74,1252,17
2024-09-21T00,0.61,0.0,1.66,1253,30
2016-05-14T00,0.61,0.0,1.61,1254,31
2011-11-17T00,0.61,0.02,5.53,1255,30
1987-02-14T00,0.61,0.0,4.98,1256,24
2024-03-07T00,0.61,0.0,1.53,1257,31
1994-11-20T00,0.61,0.07,1.54,1258,22
2024-08-17T00,0.61,0.0,3.97,1259,32
1991-12-10T00,0.61,0.0,1.51,1260,26
2012-10-03T00,0.61,0.05,2.28,1261,24
1995-08-19T00,0.61,0.02,2.26,1262,34
1995-04-21T00,0.61,0.02,2.57,1263,35
2007-12-07T00,0.61,0.0,8.22,1264,25
1996-08-14T00,0.61,0.11,1.65,1265,25
1999-01-05T00,0.61,0.0,5.45,1266,24
1993-03-28T00,0.61,0.02,5.14,1267,32
1994-05-12T00,0.61,0.06,1.47,1268,23
2022-07-22T00,0.6,0.0,3.66,1269,29
1985-06-09T00,0.6,0.09,1.06,1270,25
1985-05-23T00,0.6,0.16,2.17,1271,26
1997-06-18T00,0.6,0.01,1.67,1272,24
2006-03-29T00,0.6,0.0,2.24,1273,28
2006-04-23T00,0.6,0.1,2.2,1274,29
2016-08-01T00,0.6,0.0,3.38,1275,32
1985-12-08T00,0.6,0.06,6.1,1276,27
2007-10-29T00,0.6,0.0,3.42,1277,26
2023-10-28T00,0.6,0.0,2.46,1278,38
1983-03-24T00,0.6,0.13,2.65,1279,26
1981-02-07T00,0.6,0.0,23.06,1280,26
1988-04-06T00,0.6,0.12,2.53,1281,24
2017-09-18T00,0.6,0.0,2.41,1282,32
1981-11-01T00,0.6,0.0,1.59,1283,27
1997-02-01T00,0.6,0.08,3.68,1284,25
1984-12-28T00,0.6,0.0,4.68,1285,22
2016-04-19T00,0.6,0.13,1.63,1286,33
1987-03-21T00,0.6,0.01,1.24,1287,25
2007-04-01T00,0.59,0.0,3.71,1288,27
2002-10-01T00,0.59,0.04,1.53,1289,17
2016-07-13T00,0.59,0.0,3.59,1290,34
1997-10-29T00,0.59,0.0,5.21,1291,26
2010-06-01T00,0.59,0.02,2.11,1292,34
1989-12-04T00,0.59,0.0,5.13,1293,29
2024-07-13T00,0.59,0.02,1.94,1294,33
2003-08-07T00,0.59,0.0,1.87,1295,24
1992-11-07T00,0.59,0.0,3.48,1296,27
2009-08-25T00,0.59,0.0,2.68,1297,31
2021-12-19T00,0.59,0.0,3.04,1298,30
1981-12-05T00,0.59,0.0,5.62,1299,28
1981-12-20T00,0.59,0.0,5.28,1300,29
2020-08-12T00,0.59,0.0,4.19,1301,28
2000-03-15T00,0.59,0.0,3.87,1302,25
1995-03-11T00,0.59,0.03,1.88,1303,36
1983-04-03T00,0.59,0.04,2.62,1304,27
2000-05-24T00,0.59,0.04,1.26,1305,26
1992-09-04T00,0.59,0.0,3.22,1306,28
2016-10-15T00,0.59,0.01,3.29,1307,35
1991-04-05T00,0.59,0.0,2.79,1308,27
1996-07-18T00,0.58,0.03,1.87,1309,26
2025-11-13T00,0.58,0.0,66.07,1310,40
2017-11-05T00,0.58,0.02,2.59,1311,33
2024-01-13T00,0.58,0.05,8.36,1312,34
1983-01-05T00,0.58,0.0,4.93,1313,28
1987-12-26T00,0.58,0.05,5.36,1314,26
1983-10-01T00,0.58,0.13,1.47,1315,29
2021-07-24T00,0.58,0.0,5.38,1316,31
2021-08-26T00,0.58,0.0,3.5,1317,32
2008-07-22T00,0.58,0.0,2.11,1318,21
2017-01-23T00,0.58,0.04,1.25,1319,34
1994-09-30T00,0.58,0.05,3.26,1320,24
1994-08-28T00,0.58,0.02,1.95,1321,25
2002-02-22T00,0.58,0.0,6.57,1322,18
1981-06-27T00,0.58,0.01,3.14,1323,30
1991-03-10T00,0.58,0.0,4.27,1324,28
2014-10-21T00,0.58,0.1,2.57,1325,31
1981-02-15T00,0.58,0.0,3.68,1326,31
2006-06-22T00,0.58,0.0,2.27,1327,30
1992-12-27T00,0.57,0.02,4.41,1328,29
2007-08-01T00,0.57,0.0,2.91,1329,28
2015-07-04T00,0.57,0.02,2.32,1330,29
1981-07-01T00,0.57,0.04,1.74,1331,32
1994-01-26T00,0.57,0.06,1.36,1332,26
2005-10-31T00,0.57,0.0,5.27,1333,29
2008-04-09T00,0.57,0.01,2.11,1334,22
2014-03-15T00,0.57,0.0,5.87,1335,32
2017-01-15T00,0.57,0.03,1.88,1336,35
2008-06-24T00,0.57,0.02,1.99,1337,23
2016-06-24T00,0.57,0.0,2.94,1338,36
1984-03-12T00,0.57,0.0,5.02,1339,23
2005-01-07T00,0.57,0.0,6.11,1340,30
1995-10-30T00,0.57,0.08,4.33,1341,37
1993-05-15T00,0.57,0.02,4.41,1342,33
2021-03-08T00,0.57,0.0,1.1,1343,33
2009-04-11T00,0.57,0.0,5.06,1344,32
1996-10-16T00,0.57,0.11,1.61,1345,27
2006-12-13T00,0.57,0.0,6.41,1346,31
2006-09-07T00,0.56,0.0,2.27,1347,32
1991-09-20T00,0.56,0.22,1.04,1348,29
2021-07-16T00,0.56,0.0,4.73,1349,34
2023-11-02T00,0.56,0.0,3.91,1350,39
1987-04-17T00,0.56,0.0,3.37,1351,27
1992-08-10T00,0.56,0.1,2.25,1352,30
1983-08-15T00,0.56,0.0,1.98,1353,30
2009-08-09T00,0.56,0.0,2.54,1354,33
2011-12-20T00,0.56,0.0,8.08,1355,31
1989-04-21T00,0.56,0.03,2.83,1356,30
2003-07-27T00,0.56,0.0,2.7,1357,25
2009-12-25T00,0.56,0.0,2.34,1358,34
1982-05-22T00,0.56,0.0,2.1,1359,32
2010-09-03T00,0.56,0.01,2.47,1360,35
2019-03-27T00,0.56,0.0,2.53,1361,39
1990-05-07T00,0.56,0.05,1.37,1362,27
1993-04-22T00,0.56,0.0,3.57,1363,34
2015-08-08T00,0.56,0.0,2.92,1364,30
2008-07-01T00,0.56,0.0,2.28,1365,24
2008-07-27T00,0.56,0.0,2.53,1366,25
2007-09-15T00,0.56,0.0,8.13,1367,29
1984-11-23T00,0.56,0.01,2.82,1368,24
2019-01-11T00,0.56,0.0,3.04,1369,40
1984-03-21T00,0.55,0.0,2.22,1370,25
2008-10-04T00,0.55,0.04,1.6,1371,26
1992-10-13T00,0.55,0.03,3.29,1372,31
1996-01-27T00,0.55,0.02,36.13,1373,28
2012-05-21T00,0.55,0.05,1.52,1374,25
1991-08-26T00,0.55,0.0,1.64,1375,30
2000-06-17T00,0.55,0.04,2.25,1376,27
2009-07-16T00,0.55,0.0,2.5,1377,35
2012-10-28T00,0.55,0.0,4.4,1378,26
1986-02-04T00,0.55,0.04,1.3,1379,31
2008-04-23T00,0.55,0.0,2.17,1380,27
1998-08-20T00,0.55,0.0,1.75,1381,31
2009-09-11T00,0.55,0.0,2.24,1382,36
2025-03-22T00,0.55,0.0,5.11,1383,41
1985-09-22T00,0.55,0.05,1.79,1384,28
2006-07-20T00,0.55,0.0,2.28,1385,33
2016-03-07T00,0.55,0.0,2.06,1386,37
2006-11-20T00,0.54,0.0,3.69,1387,34
2020-04-09T00,0.54,0.0,2.63,1388,29
2020-03-12T00,0.54,0.0,1.73,1389,30
2007-02-21T00,0.54,0.0,4.08,1390,30
2021-08-02T00,0.54,0.0,2.96,1391,35
2002-03-18T00,0.54,0.0,5.2,1392,19
2010-09-23T00,0.54,0.1,1.4,1393,36
1999-08-16T00,0.54,0.0,2.05,1394,25
1993-01-07T00,0.54,0.07,4.79,1395,35
1983-09-09T00,0.54,0.09,1.59,1396,31
2024-03-22T00,0.54,0.04,1.39,1397,35
2018-09-14T00,0.54,0.04,1.11,1398,37
1996-05-30T00,0.54,0.02,1.76,1399,29
2003-12-08T00,0.54,0.0,8.27,1400,26
2002-12-27T00,0.54,0.0,6.56,1401,20
2014-06-12T00,0.54,0.08,2.28,1402,33
2011-04-12T00,0.54,0.0,1.59,1403,32
1993-09-05T00,0.54,0.17,1.34,1404,36
2014-11-02T00,0.54,0.03,3.91,1405,34
2019-03-07T00,0.54,0.29,1.26,1406,41
1990-05-18T00,0.54,0.0,1.78,1407,28
1984-06-03T00,0.54,0.17,1.78,1408,26
1984-05-04T00,0.54,0.06,1.61,1409,27
1994-02-06T00,0.54,0.0,17.22,1410,27
1989-04-04T00,0.54,0.0,6.16,1411,31
1991-03-03T00,0.54,0.0,3.95,1412,31
2011-07-01T00,0.54,0.0,2.45,1413,33
2003-06-27T00,0.54,0.0,3.33,1414,27
2010-04-06T00,0.54,0.01,1.91,1415,37
2005-10-19T00,0.54,0.0,6.2,1416,31
2008-05-26T00,0.54,0.12,1.32,1417,28
1981-01-23T00,0.54,0.0,6.98,1418,33
2007-06-23T00,0.54,0.0,2.08,1419,31
2017-10-20T00,0.54,0.0,3.23,1420,36
1985-11-13T00,0.54,0.09,3.81,1421,29
1995-11-10T00,0.53,0.0,4.67,1422,38
2015-02-21T00,0.53,0.09,6.5,1423,31
2008-05-12T00,0.53,0.02,2.57,1424,29
1989-11-25T00,0.53,0.07,1.57,1425,32
2008-09-04T00,0.53,0.0,1.78,1426,30
2021-12-04T00,0.53,0.07,3.08,1427,36
2021-12-13T00,0.53,0.02,4.95,1428,37
2008-04-14T00,0.53,0.0,3.88,1429,31
2012-06-18T00,0.53,0.06,1.79,1430,27
1982-09-30T00,0.53,0.0,2.15,1431,33
1993-08-01T00,0.53,0.0,1.89,1432,37
2004-08-26T00,0.53,0.0,2.07,1433,31
2025-05-28T00,0.53,0.02,1.98,1434,42
2014-05-16T00,0.53,0.06,1.54,1435,35
1998-01-02T00,0.53,0.02,4.81,1436,32
2001-10-08T00,0.53,0.13,2.62,1437,18
1986-01-18T00,0.53,0.0,4.27,1438,32
2002-01-25T00,0.53,0.0,5.4,1439,21
1981-06-01T00,0.53,0.0,1.87,1440,34
2018-09-27T00,0.53,0.0,1.13,1441,38
1995-01-31T00,0.53,0.0,5.25,1442,39
1983-06-30T00,0.53,0.15,2.13,1443,32
1989-08-27T00,0.53,0.0,2.7,1444,33
2025-11-26T00,0.53,0.06,2.58,1445,43
1985-10-17T00,0.52,0.0,1.93,1446,30
1988-03-25T00,0.52,0.0,6.72,1447,25
2009-05-04T00,0.52,0.0,2.09,1448,37
1983-06-20T00,0.52,0.0,1.91,1449,33
1989-02-16T00,0.52,0.0,3.8,1450,34
2006-06-28T00,0.52,0.0,2.85,1451,35
1998-11-12T00,0.52,0.0,5.13,1452,33
2005-04-03T00,0.52,0.0,3.83,1453,32
1998-05-16T00,0.52,0.04,2.61,1454,34
2024-12-28T00,0.52,0.02,2.4,1455,36
1994-10-25T00,0.52,0.0,7.22,1456,28
1997-01-24T00,0.52,0.0,28.52,1457,27
2011-07-22T00,0.52,0.0,4.02,1458,34
1983-12-06T00,0.52,0.02,5.5,1459,34
1984-02-16T00,0.52,0.0,1.45,1460,28
1987-06-22T00,0.52,0.09,1.84,1461,28
1997-09-22T00,0.52,0.03,1.43,1462,28
2010-01-25T00,0.52,0.0,5.74,1463,38
2024-07-06T00,0.52,0.01,3.24,1464,37
1996-08-05T00,0.52,0.0,2.08,1465,30
2024-02-06T00,0.51,0.08,2.43,1466,38
1980-08-18T00,0.51,0.0,3.95,1467,30
2022-05-24T00,0.51,0.0,1.62,1468,30
2014-11-29T00,0.51,0.0,4.44,1469,36
2005-03-17T00,0.51,0.0,8.33,1470,33
2003-11-19T00,0.51,0.0,3.85,1471,28
2024-11-26T00,0.51,0.0,5.23,1472,39
2025-02-23T00,0.51,0.0,3.13,1473,44
2023-03-13T00,0.51,0.0,2.04,1474,40
1984-07-15T00,0.51,0.05,1.46,1475,29
1986-03-17T00,0.51,0.0,2.2,1476,33
2008-03-29T00,0.51,0.0,3.72,1477,32
2008-01-27T00,0.51,0.0,6.06,1478,33
1987-12-09T00,0.51,0.0,2.6,1479,29
2010-06-30T00,0.51,0.07,1.94,1480,39
1990-12-30T00,0.51,0.0,5.39,1481,29
1995-04-12T00,0.51,0.04,3.37,1482,40
2023-02-14T00,0.51,0.11,1.1,1483,41
2020-09-10T00,0.51,0.04,1.8,1484,31
1995-06-15T00,0.51,0.04,1.69,1485,41
2010-08-21T00,0.51,0.1,1.37,1486,40
2010-08-16T00,0.51,0.0,2.7,1487,41
2017-04-13T00,0.51,0.09,1.26,1488,37
2011-10-14T00,0.51,0.08,2.78,1489,35
1996-10-28T00,0.51,0.03,2.24,1490,31
1998-12-18T00,0.51,0.0,3.6,1491,35
2019-07-26T00,0.51,0.02,2.86,1492,42
2015-07-15T00,0.51,0.0,2.85,1493,32
2013-07-23T00,0.5,0.0,2.01,1494,26
1990-01-28T00,0.5,0.0,5.98,1495,30
1999-05-15T00,0.5,0.09,1.1,1496,26
2011-02-20T00,0.5,0.15,0.93,1497,36
1985-08-21T00,0.5,0.0,1.93,1498,31
2013-11-08T00,0.5,0.0,5.33,1499,27
2019-10-03T00,0.5,0.04,1.26,1500,43
1998-11-28T00,0.5,0.04,3.88,1501,36
2016-06-18T00,0.5,0.0,2.58,1502,38
2010-10-03T00,0.5,0.0,3.22,1503,42
1981-11-30T00,0.5,0.0,2.31,1504,35
2000-02-25T00,0.5,0.0,1.61,1505,28
2004-11-24T00,0.5,0.0,6.88,1506,32
2004-08-09T00,0.5,0.0,2.63,1507,33
2018-09-03T00,0.5,0.0,3.41,1508,39
1987-03-27T00,0.5,0.01,1.97,1509,30
2021-09-19T00,0.5,0.03,1.67,1510,38
1984-12-11T00,0.5,0.08,4.44,1511,30
2024-02-14T00,0.5,0.01,3.33,1512,40
1997-05-27T00,0.5,0.04,3.26,1513,29
1983-12-23T00,0.5,0.0,8.21,1514,35
2011-09-18T00,0.5,0.0,3.97,1515,37
1986-09-12T00,0.5,0.1,1.62,1516,34
2015-07-08T00,0.5,0.02,4.48,1517,33
2011-09-06T00,0.5,0.0,2.67,1518,38
2014-03-26T00,0.5,0.01,3.39,1519,37
1992-01-14T00,0.5,0.0,4.35,1520,32
1999-06-19T00,0.5,0.0,1.78,1521,27
2007-07-18T00,0.5,0.0,3.38,1522,32
1980-05-27T00,0.49,0.0,1.87,1523,31
1996-01-19T00,0.49,0.0,5.01,1524,32
2019-11-04T00,0.49,0.11,1.11,1525,44
2010-12-01T00,0.49,0.0,19.81,1526,43
2001-03-10T00,0.49,0.06,2.48,1527,19
2018-11-23T00,0.49,0.0,2.91,1528,40
2000-08-27T00,0.49,0.01,1.3,1529,29
2014-05-25T00,0.49,0.0,2.52,1530,38
1992-11-19T00,0.49,0.05,3.1,1531,33
2017-12-23T00,0.49,0.05,3.28,1532,38
2018-03-21T00,0.49,0.15,1.43,1533,41
1982-12-04T00,0.49,0.06,3.96,1534,34
2005-03-29T00,0.49,0.0,2.39,1535,34
2014-12-24T00,0.49,0.03,4.11,1536,39
1982-03-01T00,0.49,0.01,3.03,1537,35
2012-06-24T00,0.49,0.0,2.99,1538,28
2013-11-21T00,0.49,0.03,6.33,1539,28
2013-03-21T00,0.49,0.06,1.07,1540,29
2013-02-24T00,0.49,0.0,7.84,1541,30
2012-12-10T00,0.49,0.01,3.89,1542,29
1992-12-01T00,0.49,0.0,17.08,1543,34
2023-03-05T00,0.49,0.08,0.85,1544,42
1995-07-28T00,0.49,0.0,1.77,1545,42
2022-10-31T00,0.49,0.0,3.65,1546,31
2022-03-21T00,0.49,0.0,1.24,1547,32
2012-12-05T00,0.49,0.0,10.36,1548,30
2022-05-06T00,0.49,0.0,3.03,1549,33
2006-03-24T00,0.49,0.0,1.7,1550,36
2025-11-19T00,0.49,0.0,1.7,1551,45
1988-08-16T00,0.49,0.0,2.47,1552,26
1991-12-01T00,0.49,0.0,4.29,1553,32
1980-05-05T00,0.49,0.0,2.34,1554,32
2007-03-13T00,0.49,0.0,1.2,1555,33
1985-11-28T00,0.49,0.02,5.85,1556,32
1996-08-22T00,0.48,0.0,2.21,1557,33
2015-11-10T00,0.48,0.02,3.74,1558,34
2014-09-04T00,0.48,0.02,2.47,1559,40
1989-08-01T00,0.48,0.0,1.54,1560,35
2009-12-19T00,0.48,0.0,4.92,1561,38
1996-05-20T00,0.48,0.04,1.97,1562,34
1990-12-16T00,0.48,0.02,3.86,1563,31
2023-11-22T00,0.48,0.0,3.44,1564,43
2025-07-09T00,0.48,0.0,2.13,1565,46
1980-08-25T00,0.48,0.05,1.69,1566,33
2012-05-16T00,0.48,0.05,1.65,1567,31
2024-02-25T00,0.48,0.0,3.15,1568,41
2003-05-15T00,0.48,0.0,2.5,1569,29
1989-10-15T00,0.48,0.0,2.23,1570,36
2006-08-01T00,0.48,0.0,2.8,1571,37
2024-04-19T00,0.48,0.0,1.84,1572,42
2002-06-17T00,0.48,0.0,2.31,1573,22
1998-11-07T00,0.48,0.05,1.06,1574,37
2009-02-08T00,0.48,0.0,1.4,1575,39
2007-08-10T00,0.48,0.0,3.39,1576,34
1997-04-08T00,0.48,0.04,4.29,1577,30
2008-10-31T00,0.48,0.0,5.48,1578,34
1982-08-04T00,0.48,0.0,1.73,1579,36
2014-12-13T00,0.48,0.05,3.76,1580,41
2017-07-06T00,0.48,0.0,2.74,1581,39
2013-12-22T00,0.48,0.01,3.87,1582,31
2021-02-21T00,0.48,0.0,2.72,1583,39
2024-07-26T00,0.48,0.0,2.75,1584,43
2021-01-12T00,0.48,0.0,4.02,1585,40
2012-11-24T00,0.48,0.0,4.08,1586,32
2006-04-09T00,0.48,0.0,3.22,1587,38
2005-07-01T00,0.48,0.0,2.22,1588,35
1982-02-12T00,0.48,0.0,5.42,1589,37
2024-12-15T00,0.48,0.0,2.51,1590,44
2008-02-11T00,0.48,0.0,4.14,1591,35
2007-04-12T00,0.48,0.01,3.2,1592,35
2002-02-07T00,0.48,0.0,6.71,1593,23
1980-08-30T00,0.48,0.0,1.7,1594,34
2002-04-30T00,0.47,0.0,1.36,1595,24
2005-12-01T00,0.47,0.0,11.32,1596,36
1996-03-22T00,0.47,0.06,2.57,1597,35
1996-04-19T00,0.47,0.04,3.62,1598,36
2018-03-02T00,0.47,0.0,2.14,1599,42
1991-12-05T00,0.47,0.0,3.58,1600,33
1986-12-05T00,0.47,0.0,4.1,1601,35
2012-03-21T00,0.47,0.04,3.93,1602,33
2024-01-17T00,0.47,0.03,2.1,1603,45
1988-11-12T00,0.47,0.0,6.11,1604,27
1984-07-03T00,0.47,0.03,2.7,1605,31
2022-12-04T00,0.47,0.06,2.3,1606,34
2004-11-18T00,0.47,0.02,1.35,1607,34
2005-08-17T00,0.47,0.0,2.71,1608,37
2014-08-30T00,0.47,0.0,2.92,1609,42
1984-07-26T00,0.47,0.0,2.2,1610,32
2001-06-17T00,0.47,0.06,1.65,1611,20
2005-06-19T00,0.47,0.0,2.33,1612,38
2021-12-24T00,0.47,0.0,4.84,1613,41
1996-09-25T00,0.47,0.01,1.35,1614,37
2020-11-17T00,0.47,0.0,3.55,1615,32
1999-12-19T00,0.47,0.0,4.05,1616,28
2002-04-18T00,0.47,0.0,1.94,1617,25
1981-07-05T00,0.47,0.01,1.72,1618,36
2000-12-15T00,0.46,0.0,3.91,1619,30
1993-03-14T00,0.46,0.0,3.99,1620,38
1993-12-15T00,0.46,0.09,1.24,1621,39
2021-11-01T00,0.46,0.03,2.21,1622,42
1991-03-24T00,0.46,0.04,2.46,1623,34
1994-08-01T00,0.46,0.0,1.41,1624,29
2019-11-17T00,0.46,0.05,2.62,1625,45
2012-12-17T00,0.46,0.0,6.5,1626,34
1980-09-19T00,0.46,0.03,1.35,1627,35
2005-01-16T00,0.46,0.0,5.39,1628,39
2016-03-13T00,0.46,0.04,1.91,1629,39
2024-11-16T00,0.46,0.04,1.16,1630,46
2014-01-12T00,0.46,0.0,5.26,1631,43
2014-09-17T00,0.46,0.01,2.77,1632,44
2018-11-30T00,0.46,0.01,0.95,1633,43
1993-08-05T00,0.46,0.0,1.83,1634,40
2017-01-03T00,0.46,0.1,3.24,1635,40
1992-07-28T00,0.46,0.02,1.4,1636,35
2010-06-25T00,0.46,0.0,1.91,1637,44
1992-02-21T00,0.46,0.0,1.32,1638,36
2019-12-26T00,0.46,0.0,1.11,1639,46
2019-04-24T00,0.46,0.03,1.94,1640,47
1980-08-08T00,0.46,0.0,1.46,1641,36
2011-03-26T00,0.46,0.06,1.66,1642,39
1998-03-21T00,0.46,0.0,4.89,1643,38
1980-06-20T00,0.45,0.0,1.19,1644,37
1995-10-10T00,0.45,0.02,2.6,1645,43
2011-01-07T00,0.45,0.0,5.17,1646,40
2006-07-24T00,0.45,0.0,2.63,1647,39
2022-06-24T00,0.45,0.01,3.26,1648,35
1989-08-15T00,0.45,0.0,1.29,1649,37
1983-02-16T00,0.45,0.0,4.54,1650,36
1989-01-26T00,0.45,0.02,5.57,1651,38
1997-04-18T00,0.45,0.04,2.89,1652,31
1987-08-01T00,0.45,0.0,2.54,1653,31
1993-01-11T00,0.45,0.04,3.11,1654,41
2017-07-24T00,0.45,0.0,2.8,1655,41
2024-06-02T00,0.45,0.0,2.27,1656,47
1995-09-02T00,0.45,0.0,2.97,1657,44
2010-02-19T00,0.45,0.01,3.35,1658,45
1986-07-31T00,0.45,0.0,2.98,1659,36
2015-07-21T00,0.45,0.0,2.85,1660,35
1996-04-23T00,0.45,0.0,3.85,1661,38
2018-10-27T00,0.45,0.0,2.37,1662,44
2001-06-07T00,0.45,0.0,1.74,1663,21
1983-07-16T00,0.45,0.0,1.45,1664,37
1998-01-19T00,0.45,0.02,4.43,1665,39
1994-11-11T00,0.45,0.01,2.62,1666,30
2004-01-23T00,0.45,0.0,4.69,1667,35
2003-08-17T00,0.45,0.0,2.07,1668,30
1987-01-14T00,0.45,0.0,6.17,1669,32
1984-10-31T00,0.45,0.0,5.68,1670,33
1996-12-22T00,0.45,0.0,5.13,1671,39
1990-09-01T00,0.45,0.02,1.43,1672,32
1986-11-09T00,0.45,0.02,3.53,1673,37
2015-04-07T00,0.45,0.04,1.89,1674,36
2010-07-10T00,0.45,0.0,1.75,1675,46
2007-02-15T00,0.45,0.0,1.67,1676,36
1986-11-19T00,0.45,0.0,6.25,1677,38
2018-12-25T00,0.45,0.04,0.91,1678,45
1983-12-10T00,0.44,0.0,5.29,1679,38
2020-02-01T00,0.44,0.0,1.52,1680,33
2016-02-13T00,0.44,0.0,1.15,1681,40
1985-08-31T00,0.44,0.02,1.73,1682,33
2000-09-02T00,0.44,0.02,2.77,1683,31
1987-01-04T00,0.44,0.0,24.35,1684,33
2009-10-10T00,0.44,0.0,2.02,1685,40
2007-07-03T00,0.44,0.0,2.98,1686,37
2004-04-26T00,0.44,0.0,3.61,1687,36
1981-06-17T00,0.44,0.06,1.82,1688,37
2002-07-26T00,0.44,0.0,1.54,1689,26
1991-08-06T00,0.44,0.0,1.49,1690,35
1991-07-02T00,0.44,0.0,1.13,1691,36
1991-06-12T00,0.44,0.01,1.43,1692,37
1995-05-30T00,0.44,0.05,1.92,1693,45
1996-12-14T00,0.44,0.09,1.33,1694,40
1982-04-10T00,0.44,0.0,5.2,1695,38
2012-08-11T00,0.44,0.08,2.44,1696,35
1984-08-22T00,0.44,0.0,1.77,1697,34
1981-11-16T00,0.44,0.0,4.27,1698,38
2025-02-07T00,0.44,0.0,2.32,1699,47
1999-10-08T00,0.44,0.0,3.62,1700,29
2022-12-19T00,0.44,0.0,2.48,1701,36
1991-04-20T00,0.44,0.0,1.2,1702,38
2003-01-25T00,0.44,0.0,6.24,1703,31
1993-11-23T00,0.44,0.05,1.23,1704,42
2025-01-11T00,0.44,0.0,3.74,1705,48
1997-02-25T00,0.44,0.0,4.54,1706,32
1981-12-30T00,0.44,0.0,14.64,1707,39
2013-07-27T00,0.44,0.0,2.36,1708,32
2019-12-13T00,0.44,0.0,5.41,1709,48
2012-02-11T00,0.44,0.0,3.41,1710,36
2011-01-20T00,0.44,0.0,4.62,1711,41
2013-08-26T00,0.44,0.0,4.07,1712,33
2007-02-10T00,0.43,0.0,3.41,1713,38
2025-11-02T00,0.43,0.0,4.23,1714,49
2006-10-14T00,0.43,0.0,3.96,1715,40
1985-11-23T00,0.43,0.0,3.23,1716,34
2020-12-20T00,0.43,0.0,3.05,1717,34
1991-12-30T00,0.43,0.08,0.91,1718,39
2008-04-18T00,0.43,0.0,2.78,1719,36
2004-11-28T00,0.43,0.0,3.1,1720,37
1996-11-22T00,0.43,0.02,3.81,1721,41
2001-10-12T00,0.43,0.02,2.21,1722,22
1990-04-12T00,0.43,0.0,2.25,1723,33
2021-06-04T00,0.43,0.0,2.14,1724,43
2009-05-08T00,0.43,0.0,1.56,1725,41
1996-09-05T00,0.43,0.0,2.35,1726,42
1986-01-28T00,0.43,0.0,5.66,1727,39
2004-02-04T00,0.43,0.0,1.48,1728,38
2001-02-04T00,0.43,0.0,5.43,1729,23
1998-08-25T00,0.43,0.0,1.56,1730,40
2018-04-15T00,0.43,0.0,1.48,1731,46
1980-10-25T00,0.43,0.05,1.96,1732,38
1983-11-11T00,0.43,0.0,3.63,1733,39
2014-02-16T00,0.43,0.0,4.39,1734,45
1992-12-21T00,0.43,0.0,5.63,1735,37
1996-08-09T00,0.42,0.0,1.31,1736,43
2003-10-08T00,0.42,0.0,2.39,1737,32
1996-04-27T00,0.42,0.0,1.09,1738,44
1990-10-01T00,0.42,0.01,1.48,1739,34
1999-02-23T00,0.42,0.0,4.24,1740,30
2011-02-24T00,0.42,0.02,3.23,1741,42
2008-01-20T00,0.42,0.0,2.62,1742,37
1994-02-10T00,0.42,0.0,6.26,1743,31
1987-10-12T00,0.42,0.03,2.83,1744,34
1999-07-26T00,0.42,0.0,1.96,1745,31
2006-03-08T00,0.42,0.0,2.45,1746,41
2006-02-14T00,0.42,0.0,1.78,1747,42
1995-03-28T00,0.42,0.0,5.55,1748,46
1987-09-14T00,0.42,0.0,1.31,1749,35
1987-09-26T00,0.42,0.0,2.07,1750,36
1999-07-08T00,0.42,0.0,3.02,1751,32
1990-06-09T00,0.42,0.0,2.27,1752,35
2017-12-03T00,0.42,0.04,1.7,1753,42
2019-11-10T00,0.42,0.16,0.76,1754,49
1992-11-23T00,0.42,0.08,1.99,1755,38
1991-07-14T00,0.42,0.0,1.52,1756,40
2008-12-01T00,0.42,0.0,4.13,1757,38
2016-08-12T00,0.42,0.0,2.12,1758,41
2021-02-12T00,0.42,0.05,2.77,1759,44
2000-06-27T00,0.42,0.06,1.71,1760,32
2000-06-08T00,0.42,0.01,1.42,1761,33
1998-10-10T00,0.42,0.0,1.35,1762,41
2022-03-05T00,0.42,0.04,1.49,1763,37
1998-02-16T00,0.42,0.0,1.26,1764,42
2004-07-28T00,0.42,0.0,2.41,1765,39
2014-01-03T00,0.42,0.0,4.52,1766,46
1982-10-17T00,0.42,0.07,1.5,1767,39
2009-03-03T00,0.42,0.0,6.13,1768,42
2002-09-16T00,0.42,0.0,3.12,1769,27
1995-12-04T00,0.42,0.0,3.17,1770,47
1980-02-20T00,0.41,0.0,5.48,1771,39
2020-08-02T00,0.41,0.0,1.76,1772,35
1985-03-29T00,0.41,0.0,2.9,1773,35
2022-02-19T00,0.41,0.01,0.85,1774,38
1982-01-31T00,0.41,0.02,3.63,1775,40
2013-08-21T00,0.41,0.0,4.13,1776,34
2011-03-15T00,0.41,0.0,3.06,1777,43
2023-01-10T00,0.41,0.0,3.71,1778,44
2020-02-24T00,0.41,0.02,1.59,1779,36
2001-01-27T00,0.41,0.02,3.86,1780,24
2011-12-01T00,0.41,0.0,2.72,1781,44
2020-04-23T00,0.41,0.0,3.88,1782,37
2002-04-25T00,0.41,0.0,1.91,1783,28
2000-09-24T00,0.41,0.1,1.26,1784,34
1998-02-08T00,0.41,0.0,0.91,1785,43
1989-08-05T00,0.41,0.0,2.25,1786,39
2001-10-03T00,0.41,0.0,0.83,1787,25
2000-04-13T00,0.41,0.0,3.66,1788,35
2011-08-14T00,0.41,0.0,3.47,1789,45
1988-03-20T00,0.41,0.01,2.83,1790,28
1980-09-14T00,0.41,0.0,2.24,1791,40
1999-06-30T00,0.41,0.0,1.42,1792,33
1991-08-17T00,0.41,0.0,1.64,1793,41
1989-04-08T00,0.41,0.0,2.24,1794,40
1998-03-03T00,0.41,0.0,4.26,1795,44
2012-04-17T00,0.41,0.02,2.33,1796,37
2000-08-20T00,0.41,0.01,1.43,1797,36
2011-04-29T00,0.41,0.07,1.22,1798,46
2014-04-16T00,0.41,0.03,2.08,1799,47
1982-08-08T00,0.41,0.0,1.04,1800,41
2015-03-01T00,0.41,0.06,4.74,1801,37
1986-08-12T00,0.41,0.02,1.17,1802,40
1989-03-28T00,0.41,0.0,2.81,1803,41
2000-08-02T00,0.41,0.0,1.76,1804,37
2020-06-01T00,0.41,0.0,2.06,1805,38
1998-06-20T00,0.41,0.06,1.19,1806,45
1987-11-06T00,0.41,0.08,1.1,1807,37
2002-03-06T00,0.41,0.0,4.17,1808,29
2009-08-18T00,0.41,0.0,1.78,1809,43
2008-08-23T00,0.41,0.0,2.87,1810,39
2000-03-01T00,0.41,0.07,0.91,1811,38
2015-09-27T00,0.4,0.03,1.32,1812,38
1983-10-18T00,0.4,0.0,1.68,1813,40
1980-02-06T00,0.4,0.03,3.07,1814,41
2015-03-19T00,0.4,0.0,2.01,1815,39
2014-09-21T00,0.4,0.0,2.4,1816,48
2016-12-03T00,0.4,0.0,1.89,1817,42
1994-03-07T00,0.4,0.0,2.62,1818,32
1984-04-10T00,0.4,0.0,1.17,1819,35
1986-06-19T00,0.4,0.01,2.57,1820,41
1981-04-03T00,0.4,0.02,1.78,1821,40
2013-07-18T00,0.4,0.0,2.46,1822,35
1989-12-08T00,0.4,0.0,2.4,1823,42
2001-02-15T00,0.4,0.0,2.52,1824,26
2000-01-14T00,0.4,0.0,3.6,1825,39
2018-11-06T00,0.4,0.0,1.69,1826,47
1998-11-16T00,0.4,0.0,2.89,1827,46
2021-04-19T00,0.4,0.0,1.21,1828,45
1986-11-14T00,0.4,0.0,4.76,1829,42
2015-12-22T00,0.4,0.0,3.18,1830,40
1988-12-13T00,0.4,0.0,3.81,1831,29
2002-04-07T00,0.4,0.0,2.34,1832,30
2024-09-04T00,0.4,0.0,2.23,1833,48
1982-12-27T00,0.4,0.0,1.46,1834,42
1981-08-29T00,0.4,0.0,1.4,1835,41
2016-08-24T00,0.4,0.0,1.65,1836,43
2012-02-28T00,0.4,0.06,1.89,1837,38
2003-11-02T00,0.4,0.0,1.09,1838,33
1990-03-21T00,0.39,0.03,2.09,1839,36
1990-02-18T00,0.39,0.0,2.16,1840,37
2017-11-17T00,0.39,0.01,1.85,1841,43
1982-08-29T00,0.39,0.03,1.17,1842,43
1988-11-26T00,0.39,0.0,3.43,1843,30
1991-10-02T00,0.39,0.02,1.07,1844,42
2000-03-20T00,0.39,0.05,2.74,1845,40
1988-02-13T00,0.39,0.0,4.32,1846,31
1982-03-22T00,0.39,0.0,2.32,1847,44
2019-04-15T00,0.39,0.05,1.03,1848,50
2001-11-07T00,0.39,0.04,3.0,1849,27
1998-08-30T00,0.39,0.0,1.7,1850,47
2005-11-26T00,0.39,0.0,2.41,1851,40
1989-03-06T00,0.39,0.0,3.11,1852,43
1990-04-20T00,0.39,0.0,1.94,1853,38
2016-04-04T00,0.39,0.12,1.69,1854,44
2010-03-17T00,0.39,0.0,2.51,1855,47
2016-12-09T00,0.39,0.0,1.62,1856,45
2023-11-14T00,0.39,0.0,2.33,1857,45
2018-12-29T00,0.39,0.0,1.7,1858,48
2013-02-19T00,0.39,0.07,1.19,1859,36
1981-01-30T00,0.39,0.0,42.95,1860,42
2015-09-22T00,0.39,0.0,2.59,1861,41
1997-11-06T00,0.39,0.0,2.04,1862,33
2007-02-05T00,0.39,0.0,3.08,1863,39
1983-10-23T00,0.39,0.03,1.9,1864,41
1980-07-10T00,0.38,0.0,1.52,1865,42
1985-11-17T00,0.38,0.1,1.07,1866,36
1997-08-18T00,0.38,0.01,1.04,1867,34
2009-07-21T00,0.38,0.0,2.8,1868,44
1983-03-18T00,0.38,0.0,2.76,1869,42
2023-03-20T00,0.38,0.0,3.34,1870,46
2017-01-30T00,0.38,0.03,2.35,1871,44
1987-03-11T00,0.38,0.01,2.47,1872,38
2014-07-08T00,0.38,0.0,2.09,1873,49
2007-09-08T00,0.38,0.0,1.36,1874,40
2021-09-29T00,0.38,0.0,4.4,1875,46
1999-01-15T00,0.38,0.0,4.14,1876,34
2007-09-29T00,0.38,0.0,2.12,1877,41
1994-01-16T00,0.38,0.0,3.72,1878,33
2021-12-30T00,0.38,0.02,2.66,1879,47
2022-11-27T00,0.38,0.05,2.07,1880,39
1985-01-08T00,0.38,0.04,32.75,1881,37
2019-01-16T00,0.38,0.0,4.93,1882,51
2016-11-22T00,0.38,0.0,1.33,1883,46
1984-05-18T00,0.38,0.03,2.97,1884,36
2020-06-23T00,0.38,0.0,2.2,1885,39
1989-05-02T00,0.38,0.04,1.78,1886,44
2002-07-14T00,0.38,0.0,1.57,1887,31
1981-07-20T00,0.38,0.01,0.9,1888,43
1996-11-26T00,0.38,0.0,3.17,1889,45
2001-08-23T00,0.38,0.0,2.7,1890,28
2015-08-26T00,0.38,0.0,2.41,1891,42
2017-03-19T00,0.38,0.0,1.29,1892,45
2006-01-14T00,0.38,0.0,3.56,1893,43
1984-01-11T00,0.38,0.0,3.29,1894,37
1992-01-22T00,0.38,0.0,4.68,1895,39
1999-03-29T00,0.38,0.0,1.5,1896,35
2012-03-29T00,0.38,0.0,4.36,1897,39
1997-08-29T00,0.38,0.0,1.35,1898,35
2011-11-12T00,0.38,0.0,3.83,1899,47
1999-09-19T00,0.38,0.07,0.98,1900,36
1980-01-16T00,0.38,0.0,15.91,1901,43
1985-12-17T00,0.37,0.02,1.98,1902,38
2002-05-15T00,0.37,0.0,1.31,1903,32
2021-01-28T00,0.37,0.0,3.78,1904,48
2019-12-06T00,0.37,0.0,1.75,1905,52
1991-03-15T00,0.37,0.1,0.87,1906,43
2005-01-29T00,0.37,0.0,6.98,1907,41
2001-10-23T00,0.37,0.0,2.5,1908,29
2017-03-14T00,0.37,0.0,2.72,1909,46
2008-12-06T00,0.37,0.0,2.54,1910,40
2020-02-10T00,0.37,0.01,1.75,1911,40
2001-08-08T00,0.37,0.0,1.56,1912,30
2022-09-01T00,0.37,0.0,2.33,1913,40
2013-01-30T00,0.37,0.0,4.59,1914,37
1993-02-28T00,0.37,0.0,3.11,1915,43
2003-04-05T00,0.37,0.0,1.22,1916,34
2023-12-12T00,0.37,0.06,1.03,1917,47
1992-09-11T00,0.37,0.03,2.12,1918,40
2003-07-07T00,0.37,0.0,1.91,1919,35
2001-03-14T00,0.37,0.0,2.72,1920,31
2018-06-11T00,0.37,0.0,2.09,1921,49
2009-11-29T00,0.37,0.0,3.9,1922,45
2025-04-11T00,0.37,0.05,1.31,1923,50
2012-04-29T00,0.37,0.0,2.62,1924,40
2012-01-25T00,0.37,0.0,3.76,1925,41
2020-09-24T00,0.37,0.0,3.19,1926,41
2004-03-26T00,0.37,0.0,1.27,1927,40
2004-02-17T00,0.37,0.0,3.25,1928,41
1997-03-15T00,0.37,0.0,5.09,1929,36
1994-05-30T00,0.37,0.04,1.5,1930,34
2011-02-28T00,0.36,0.0,3.03,1931,48
2025-09-08T00,0.36,0.0,4.28,1932,51
1999-01-22T00,0.36,0.0,21.04,1933,37
2004-01-01T00,0.36,0.0,3.62,1934,42
2000-11-08T00,0.36,0.0,6.3,1935,41
1997-07-03T00,0.36,0.0,1.61,1936,37
1987-11-30T00,0.36,0.0,2.26,1937,39
1995-03-15T00,0.36,0.02,1.59,1938,48
2002-05-10T00,0.36,0.0,1.87,1939,33
1987-02-18T00,0.36,0.0,3.74,1940,40
1982-03-09T00,0.36,0.0,4.89,1941,45
1993-11-02T00,0.36,0.01,2.33,1942,44
1983-10-09T00,0.36,0.03,2.07,1943,43
1990-04-04T00,0.36,0.06,2.13,1944,39
2008-05-30T00,0.36,0.0,2.45,1945,41
2004-11-09T00,0.36,0.0,3.17,1946,43
2002-08-02T00,0.36,0.0,2.2,1947,34
2020-11-23T00,0.36,0.0,2.13,1948,42
2009-12-13T00,0.36,0.0,3.41,1949,46
1988-10-25T00,0.36,0.0,3.65,1950,32
2022-07-17T00,0.36,0.0,2.03,1951,41
2016-01-18T00,0.36,0.0,1.97,1952,47
2017-08-20T00,0.36,0.0,2.93,1953,47
1995-08-06T00,0.36,0.0,1.83,1954,49
1997-03-26T00,0.36,0.0,2.18,1955,38
1986-09-02T00,0.36,0.0,1.13,1956,43
2023-01-20T00,0.36,0.0,0.99,1957,48
1986-07-25T00,0.36,0.0,2.23,1958,44
2015-01-18T00,0.36,0.0,3.15,1959,43
2012-05-30T00,0.36,0.04,2.2,1960,42
1980-04-09T00,0.36,0.0,1.63,1961,44
1980-03-22T00,0.35,0.04,3.66,1962,45
2010-11-26T00,0.35,0.0,2.72,1963,48
1993-10-28T00,0.35,0.01,1.97,1964,45
1981-10-15T00,0.35,0.01,2.56,1965,44
2020-12-27T00,0.35,0.04,1.78,1966,43
1999-12-11T00,0.35,0.0,3.19,1967,38
2003-02-21T00,0.35,0.0,4.14,1968,36
2006-06-03T00,0.35,0.0,2.39,1969,44
1988-05-22T00,0.35,0.0,1.33,1970,33
2024-08-02T00,0.35,0.0,2.27,1971,49
2019-09-15T00,0.35,0.02,1.47,1972,53
2013-06-29T00,0.35,0.0,3.01,1973,38
2016-02-27T00,0.35,0.01,0.77,1974,48
2015-10-25T00,0.35,0.0,1.93,1975,44
1981-02-19T00,0.35,0.0,3.39,1976,45
2001-08-13T00,0.35,0.0,3.2,1977,32
2022-10-04T00,0.35,0.0,1.67,1978,42
2022-08-20T00,0.35,0.0,3.0,1979,43
2020-12-13T00,0.35,0.02,1.62,1980,44
2016-04-10T00,0.35,0.0,1.66,1981,49
2006-01-28T00,0.35,0.0,3.49,1982,45
1992-09-24T00,0.35,0.0,3.35,1983,41
2022-04-03T00,0.35,0.06,0.78,1984,44
2005-01-11T00,0.35,0.0,7.12,1985,42
1990-10-13T00,0.35,0.0,2.4,1986,40
2000-09-09T00,0.35,0.03,1.43,1987,42
1990-01-01T00,0.35,0.0,3.59,1988,41
1999-03-08T00,0.35,0.0,1.02,1989,39
1988-12-06T00,0.35,0.0,3.0,1990,34
1989-04-15T00,0.34,0.01,1.82,1991,45
2019-08-26T00,0.34,0.0,1.07,1992,54
2006-11-13T00,0.34,0.0,3.93,1993,46
2011-01-29T00,0.34,0.0,3.14,1994,49
2006-11-24T00,0.34,0.0,3.22,1995,47
2020-01-11T00,0.34,0.0,3.44,1996,45
1993-02-23T00,0.34,0.0,4.18,1997,46
2011-07-17T00,0.34,0.0,2.78,1998,50
2020-03-23T00,0.34,0.05,0.72,1999,46
1997-07-23T00,0.34,0.0,1.68,2000,39
1988-07-27T00,0.34,0.0,1.76,2001,35
1988-06-21T00,0.34,0.0,1.72,2002,36
2008-12-13T00,0.34,0.0,2.83,2003,42
2022-03-29T00,0.34,0.02,1.3,2004,45
2003-07-19T00,0.34,0.0,3.56,2005,37
1983-04-24T00,0.34,0.0,4.52,2006,44
2022-01-25T00,0.34,0.0,1.3,2007,46
1998-07-14T00,0.34,0.0,1.25,2008,48
1998-09-24T00,0.34,0.0,1.63,2009,49
2003-08-22T00,0.34,0.0,1.31,2010,38
1994-09-19T00,0.34,0.0,0.96,2011,35
1998-09-06T00,0.34,0.0,1.44,2012,50
1994-04-28T00,0.34,0.01,2.12,2013,36
2016-09-07T00,0.34,0.0,1.98,2014,50
1999-12-02T00,0.34,0.0,4.46,2015,40
2013-10-15T00,0.34,0.0,1.05,2016,39
2013-10-27T00,0.34,0.0,1.35,2017,40
1990-11-08T00,0.34,0.0,8.0,2018,42
1996-06-26T00,0.34,0.03,1.32,2019,46
1984-08-06T00,0.34,0.01,1.86,2020,38
1984-03-25T00,0.33,0.02,2.08,2021,39
1996-06-09T00,0.33,0.0,1.07,2022,47
1984-04-05T00,0.33,0.0,2.4,2023,40
2021-03-03T00,0.33,0.04,1.04,2024,49
1999-03-12T00,0.33,0.0,1.11,2025,41
1999-02-15T00,0.33,0.0,2.98,2026,42
2004-04-16T00,0.33,0.0,1.12,2027,44
1981-04-30T00,0.33,0.02,1.06,2028,46
1990-12-25T00,0.33,0.0,3.11,2029,43
2006-01-18T00,0.33,0.0,2.54,2030,48
2012-06-29T00,0.33,0.0,1.78,2031,43
1993-12-21T00,0.33,0.0,2.68,2032,47
2006-05-08T00,0.33,0.0,1.27,2033,49
1982-04-14T00,0.33,0.0,2.32,2034,46
1990-06-19T00,0.33,0.0,1.34,2035,44
2009-11-15T00,0.33,0.0,1.59,2036,47
1986-01-01T00,0.33,0.0,2.96,2037,45
2008-11-19T00,0.33,0.0,2.59,2038,43
2016-01-13T00,0.33,0.0,3.48,2039,51
1990-02-08T00,0.33,0.0,3.57,2040,45
2008-04-04T00,0.33,0.0,0.97,2041,44
2024-11-02T00,0.33,0.0,2.48,2042,50
2017-06-16T00,0.33,0.0,1.6,2043,48
2005-03-22T00,0.33,0.0,2.96,2044,43
1985-04-03T00,0.33,0.0,2.16,2045,39
1985-05-05T00,0.33,0.0,1.55,2046,40
1996-04-03T00,0.33,0.0,2.87,2047,48
2007-01-19T00,0.32,0.07,0.68,2048,42
2010-07-23T00,0.32,0.0,2.27,2049,49
2017-11-27T00,0.32,0.0,2.06,2050,49
2005-07-05T00,0.32,0.0,1.36,2051,44
1996-09-12T00,0.32,0.0,1.7,2052,49
2011-01-11T00,0.32,0.0,3.17,2053,51
1994-01-03T00,0.32,0.0,3.19,2054,37
2012-08-22T00,0.32,0.0,3.06,2055,44
2016-12-18T00,0.32,0.0,1.61,2056,52
2014-12-28T00,0.32,0.0,2.26,2057,50
2020-01-27T00,0.32,0.04,1.06,2058,47
1997-03-01T00,0.32,0.0,3.46,2059,40
1991-11-10T00,0.32,0.0,3.13,2060,44
1984-01-03T00,0.32,0.0,2.96,2061,41
2023-12-02T00,0.32,0.0,5.19,2062,49
2003-09-05T00,0.32,0.0,4.54,2063,39
1986-02-10T00,0.32,0.0,2.72,2064,46
2015-11-29T00,0.32,0.02,0.85,2065,45
1987-01-30T00,0.32,0.0,2.87,2066,41
2006-05-03T00,0.32,0.0,1.88,2067,50
2017-07-01T00,0.32,0.0,2.31,2068,50
1985-01-19T00,0.32,0.0,5.37,2069,41
2003-08-02T00,0.32,0.0,1.62,2070,40
2014-07-22T00,0.32,0.0,2.53,2071,51
1997-09-05T00,0.32,0.0,1.38,2072,41
1982-01-03T00,0.32,0.01,2.34,2073,47
1982-01-09T00,0.32,0.02,2.94,2074,48
1982-12-13T00,0.32,0.0,3.33,2075,49
1987-08-27T00,0.32,0.0,2.44,2076,42
1990-11-27T00,0.32,0.03,1.18,2077,46
1988-02-29T00,0.32,0.0,1.42,2078,37
1985-07-13T00,0.32,0.0,1.17,2079,42
2018-11-11T00,0.32,0.0,0.98,2080,50
1994-07-16T00,0.32,0.0,1.29,2081,38
1998-12-30T00,0.32,0.0,1.93,2082,51
1987-11-25T00,0.32,0.06,1.57,2083,43
1988-01-04T00,0.32,0.0,4.33,2084,38
2013-11-03T00,0.32,0.0,1.27,2085,41
1991-03-19T00,0.32,0.07,0.62,2086,45
1996-06-04T00,0.32,0.05,0.78,2087,50
1984-09-06T00,0.32,0.0,2.7,2088,42
2002-06-12T00,0.31,0.0,2.05,2089,35
1984-02-21T00,0.31,0.0,2.1,2090,43
1983-03-28T00,0.31,0.02,1.7,2091,45
1980-03-10T00,0.31,0.01,1.37,2092,46
1996-07-03T00,0.31,0.0,1.11,2093,51
2020-08-16T00,0.31,0.0,2.39,2094,48
1981-03-21T00,0.31,0.0,0.68,2095,47
1982-04-18T00,0.31,0.01,1.11,2096,50
2004-10-04T00,0.31,0.0,3.29,2097,45
2004-04-30T00,0.31,0.0,3.61,2098,46
2007-07-13T00,0.31,0.0,2.61,2099,43
2017-06-21T00,0.31,0.0,2.36,2100,51
2003-03-21T00,0.31,0.0,2.79,2101,41
2001-01-15T00,0.31,0.0,2.13,2102,33
2014-08-02T00,0.31,0.0,1.2,2103,52
2014-07-17T00,0.31,0.0,2.58,2104,53
2018-11-15T00,0.31,0.0,1.14,2105,51
1980-07-19T00,0.31,0.0,2.21,2106,47
1981-12-25T00,0.31,0.0,2.33,2107,48
1983-12-18T00,0.31,0.0,3.64,2108,46
1995-02-26T00,0.31,0.0,1.94,2109,50
1992-12-31T00,0.31,0.0,3.61,2110,42
2004-03-02T00,0.31,0.0,2.43,2111,47
1991-03-28T00,0.31,0.0,1.41,2112,46
1999-10-01T00,0.31,0.0,1.09,2113,43
1999-11-17T00,0.31,0.0,1.12,2114,44
2005-02-13T00,0.31,0.0,4.58,2115,45
2020-03-07T00,0.31,0.0,1.11,2116,49
2022-02-01T00,0.31,0.0,1.63,2117,47
2011-03-06T00,0.31,0.01,2.46,2118,52
1988-12-24T00,0.31,0.01,2.7,2119,39
1989-07-20T00,0.31,0.0,0.92,2120,46
2012-05-11T00,0.31,0.0,1.93,2121,45
2000-01-31T00,0.31,0.0,2.23,2122,43
2012-08-03T00,0.31,0.0,1.11,2123,46
2006-03-03T00,0.31,0.0,3.98,2124,51
1981-10-23T00,0.31,0.0,1.33,2125,49
2017-11-09T00,0.31,0.0,1.13,2126,52
1986-06-12T00,0.31,0.01,1.13,2127,47
2018-08-01T00,0.31,0.0,1.38,2128,52
1992-06-18T00,0.31,0.0,1.0,2129,43
1992-04-03T00,0.3,0.01,2.05,2130,44
1980-04-14T00,0.3,0.0,1.02,2131,48
2021-09-09T00,0.3,0.0,1.78,2132,50
2007-10-21T00,0.3,0.0,1.55,2133,44
2003-11-10T00,0.3,0.0,2.11,2134,42
2000-07-26T00,0.3,0.04,1.34,2135,44
2023-12-07T00,0.3,0.0,2.3,2136,50
1994-02-17T00,0.3,0.0,4.91,2137,39
2007-11-27T00,0.3,0.0,2.67,2138,45
2013-03-09T00,0.3,0.03,6.6,2139,42
2022-02-14T00,0.3,0.0,1.2,2140,48
1991-01-22T00,0.3,0.0,2.82,2141,47
1982-11-18T00,0.3,0.0,3.31,2142,51
1987-05-29T00,0.3,0.0,2.55,2143,44
1999-08-20T00,0.3,0.0,1.15,2144,45
2022-03-09T00,0.3,0.02,1.46,2145,49
2000-11-28T00,0.3,0.0,4.84,2146,45
2007-12-11T00,0.3,0.02,0.9,2147,46
1985-11-03T00,0.3,0.0,3.12,2148,43
2022-05-15T00,0.3,0.0,1.49,2149,50
2016-09-16T00,0.3,0.0,2.47,2150,53
2022-06-28T00,0.3,0.0,1.81,2151,51
1994-11-15T00,0.3,0.01,1.8,2152,40
1994-12-06T00,0.3,0.02,2.79,2153,41
1988-03-04T00,0.3,0.0,0.84,2154,40
1990-06-27T00,0.3,0.0,1.88,2155,47
1994-12-29T00,0.3,0.03,2.28,2156,42
1995-01-08T00,0.3,0.0,5.34,2157,51
1995-02-17T00,0.3,0.0,3.95,2158,52
1993-03-09T00,0.3,0.0,2.94,2159,48
1981-08-21T00,0.3,0.08,0.96,2160,50
2001-10-30T00,0.3,0.0,2.79,2161,34
1985-02-21T00,0.3,0.0,5.5,2162,44
2008-09-21T00,0.3,0.0,3.25,2163,45
1988-11-02T00,0.3,0.0,3.27,2164,41
1995-08-10T00,0.3,0.0,1.14,2165,53
2003-02-14T00,0.3,0.0,4.3,2166,43
2023-07-24T00,0.3,0.0,2.06,2167,51
1996-01-14T00,0.3,0.0,4.87,2168,52
1989-01-03T00,0.3,0.0,2.24,2169,47
2000-02-09T00,0.29,0.0,11.67,2170,46
1995-10-16T00,0.29,0.0,2.23,2171,54
1996-01-04T00,0.29,0.01,3.49,2172,53
1988-02-02T00,0.29,0.0,2.67,2173,42
2005-12-22T00,0.29,0.0,2.62,2174,46
2015-11-23T00,0.29,0.0,1.78,2175,46
2010-10-12T00,0.29,0.0,1.84,2176,50
2002-05-05T00,0.29,0.0,1.22,2177,36
2009-10-14T00,0.29,0.0,1.77,2178,48
2016-02-17T00,0.29,0.04,0.81,2179,54
1984-09-25T00,0.29,0.0,0.88,2180,44
2019-04-02T00,0.29,0.01,0.9,2181,55
2012-03-12T00,0.29,0.0,1.95,2182,47
2023-11-07T00,0.29,0.02,1.88,2183,52
1994-11-03T00,0.29,0.0,1.7,2184,43
2019-01-27T00,0.29,0.0,1.29,2185,56
2022-04-16T00,0.29,0.0,1.29,2186,52
2004-09-08T00,0.29,0.0,6.01,2187,48
1993-03-19T00,0.29,0.01,1.01,2188,49
1984-11-28T00,0.29,0.0,2.41,2189,45
2010-02-13T00,0.29,0.0,4.02,2190,51
2014-07-03T00,0.29,0.0,2.3,2191,54
1981-06-21T00,0.29,0.0,1.18,2192,51
2025-01-06T00,0.29,0.02,1.33,2193,52
1993-03-23T00,0.29,0.0,2.35,2194,50
1997-01-16T00,0.29,0.0,3.72,2195,42
2009-05-12T00,0.29,0.0,0.91,2196,49
2013-06-06T00,0.29,0.02,1.14,2197,43
2014-12-04T00,0.29,0.0,2.51,2198,55
1999-07-13T00,0.29,0.0,1.79,2199,46
1990-12-11T00,0.29,0.0,2.7,2200,48
2017-02-28T00,0.29,0.0,1.56,2201,53
1985-03-11T00,0.29,0.0,4.24,2202,45
2001-07-04T00,0.29,0.0,1.39,2203,35
1980-01-29T00,0.29,0.0,3.52,2204,49
1980-03-14T00,0.28,0.0,2.43,2205,50
1984-02-25T00,0.28,0.0,5.01,2206,46
1991-01-12T00,0.28,0.0,2.55,2207,48
2014-10-26T00,0.28,0.0,3.4,2208,56
2000-01-26T00,0.28,0.02,1.13,2209,47
1983-12-29T00,0.28,0.0,2.94,2210,47
2005-02-06T00,0.28,0.0,3.2,2211,47
1996-03-16T00,0.28,0.0,2.21,2212,54
2005-09-27T00,0.28,0.0,3.23,2213,48
2005-09-03T00,0.28,0.0,2.44,2214,49
2024-02-20T00,0.28,0.0,3.86,2215,51
2013-08-30T00,0.28,0.0,2.48,2216,44
2019-05-10T00,0.28,0.0,1.49,2217,57
1995-07-06T00,0.28,0.0,0.82,2218,55
2001-03-26T00,0.28,0.0,1.06,2219,36
1982-10-31T00,0.28,0.0,1.34,2220,52
2001-02-08T00,0.28,0.0,6.94,2221,37
2006-07-12T00,0.28,0.0,1.98,2222,52
2019-08-30T00,0.28,0.0,2.72,2223,58
1989-03-19T00,0.28,0.0,2.19,2224,48
2007-12-25T00,0.28,0.0,0.96,2225,47
2007-06-27T00,0.28,0.0,2.38,2226,48
1984-03-04T00,0.28,0.0,3.72,2227,47
1983-02-07T00,0.28,0.0,3.23,2228,48
1996-12-01T00,0.28,0.0,0.73,2229,55
1993-02-01T00,0.28,0.0,2.96,2230,51
2012-01-10T00,0.28,0.0,3.02,2231,48
2008-02-03T00,0.28,0.0,3.66,2232,46
1996-11-04T00,0.28,0.0,0.79,2233,56
1984-01-15T00,0.28,0.01,2.35,2234,48
2008-03-04T00,0.28,0.0,2.46,2235,47
1994-11-24T00,0.28,0.0,2.53,2236,44
1992-05-14T00,0.28,0.04,0.74,2237,45
1989-08-31T00,0.28,0.05,1.03,2238,49
2018-01-28T00,0.28,0.0,2.32,2239,53
2009-08-31T00,0.27,0.0,0.99,2240,50
2005-08-06T00,0.27,0.0,2.29,2241,50
1997-12-09T00,0.27,0.0,1.24,2242,43
1983-05-03T00,0.27,0.0,1.95,2243,49
1987-01-25T00,0.27,0.0,2.18,2244,45
1985-12-12T00,0.27,0.0,2.09,2245,46
1988-03-13T00,0.27,0.0,3.91,2246,43
1987-05-10T00,0.27,0.0,0.91,2247,46
1983-08-25T00,0.27,0.0,1.67,2248,50
2018-12-17T00,0.27,0.0,1.88,2249,54
2008-01-05T00,0.27,0.0,3.24,2250,48
1985-12-02T00,0.27,0.0,2.46,2251,47
1999-01-09T00,0.27,0.0,2.91,2252,47
2017-08-24T00,0.27,0.0,2.43,2253,54
2016-10-20T00,0.27,0.0,1.34,2254,55
2003-05-19T00,0.27,0.0,1.24,2255,44
1999-01-26T00,0.27,0.0,3.32,2256,48
2020-02-14T00,0.27,0.0,3.23,2257,50
1983-03-09T00,0.27,0.0,2.72,2258,51
1982-09-05T00,0.27,0.0,1.19,2259,53
2006-03-12T00,0.27,0.0,1.07,2260,53
2007-04-05T00,0.27,0.0,2.0,2261,49
2007-04-26T00,0.26,0.0,1.11,2262,50
2020-08-20T00,0.26,0.0,1.2,2263,51
1989-10-22T00,0.26,0.0,1.27,2264,50
1986-11-26T00,0.26,0.0,3.46,2265,48
2015-06-28T00,0.26,0.0,2.0,2266,47
2020-09-19T00,0.26,0.0,1.64,2267,52
1991-07-25T00,0.26,0.0,1.17,2268,49
2023-01-05T00,0.26,0.0,1.67,2269,53
2009-07-31T00,0.26,0.0,2.58,2270,51
1987-02-03T00,0.26,0.0,1.62,2271,47
1997-12-17T00,0.26,0.0,23.71,2272,44
1989-03-23T00,0.26,0.0,2.44,2273,51
2013-11-16T00,0.26,0.0,2.96,2274,45
2013-03-16T00,0.26,0.0,2.94,2275,46
2020-11-12T00,0.26,0.0,1.96,2276,53
2002-01-07T00,0.26,0.0,3.87,2277,37
2003-12-13T00,0.26,0.0,2.83,2278,45
1999-10-16T00,0.26,0.0,1.2,2279,49
1991-01-17T00,0.26,0.0,2.73,2280,50
1997-02-19T00,0.26,0.0,6.06,2281,45
1983-09-02T00,0.26,0.01,1.06,2282,52
2007-11-11T00,0.26,0.0,2.17,2283,51
1988-12-19T00,0.26,0.0,1.82,2284,44
1982-12-17T00,0.26,0.0,1.87,2285,54
1985-08-05T00,0.26,0.0,0.89,2286,48
1992-08-30T00,0.26,0.0,0.85,2287,46
2015-10-06T00,0.25,0.0,2.08,2288,48
2025-09-29T00,0.25,0.0,1.18,2289,53
2001-06-21T00,0.25,0.0,1.77,2290,38
2003-07-02T00,0.25,0.0,1.57,2291,46
1985-10-23T00,0.25,0.0,4.02,2292,49
1987-09-09T00,0.25,0.03,0.57,2293,48
2014-11-20T00,0.25,0.0,1.98,2294,57
2001-08-31T00,0.25,0.0,0.91,2295,39
2005-03-06T00,0.25,0.0,2.85,2296,51
2014-10-15T00,0.25,0.0,1.13,2297,58
1994-01-30T00,0.25,0.0,4.22,2298,45
2001-02-27T00,0.25,0.01,0.69,2299,40
1999-02-27T00,0.25,0.0,3.39,2300,50
1990-09-05T00,0.25,0.0,2.05,2301,49
2015-03-23T00,0.25,0.0,2.37,2302,49
2021-01-05T00,0.25,0.0,1.57,2303,51
1997-08-22T00,0.25,0.01,1.41,2304,46
1980-08-01T00,0.25,0.0,0.65,2305,51
1999-11-04T00,0.25,0.0,3.04,2306,51
1999-11-12T00,0.25,0.0,5.68,2307,52
1985-03-20T00,0.25,0.0,1.7,2308,50
1993-08-31T00,0.25,0.01,0.9,2309,52
2001-12-05T00,0.25,0.0,2.03,2310,41
2001-12-28T00,0.25,0.0,2.06,2311,42
2007-08-27T00,0.25,0.0,2.31,2312,52
2001-12-13T00,0.25,0.0,2.94,2313,43
2004-06-13T00,0.25,0.0,1.72,2314,49
2008-02-24T00,0.25,0.0,4.24,2315,49
2008-02-28T00,0.25,0.0,2.55,2316,50
2005-07-10T00,0.25,0.0,1.67,2317,52
2011-01-24T00,0.25,0.0,2.88,2318,53
2016-05-04T00,0.25,0.0,1.92,2319,56
1984-12-15T00,0.25,0.0,1.72,2320,49
2025-01-22T00,0.25,0.01,1.14,2321,54
1984-01-23T00,0.25,0.0,3.71,2322,50
1984-02-11T00,0.25,0.0,0.72,2323,51
1987-12-30T00,0.25,0.0,2.67,2324,49
1991-09-27T00,0.25,0.0,1.31,2325,51
1984-09-12T00,0.25,0.0,0.63,2326,52
1992-11-11T00,0.25,0.0,3.31,2327,47
1984-08-13T00,0.25,0.0,1.09,2328,53
1998-03-09T00,0.25,0.01,2.26,2329,52
1990-01-13T00,0.25,0.0,21.93,2330,50
2019-06-10T00,0.25,0.0,0.8,2331,59
1986-08-24T00,0.25,0.0,1.86,2332,49
2021-08-13T00,0.25,0.0,3.19,2333,52
2002-07-02T00,0.25,0.0,1.28,2334,38
2025-11-06T00,0.24,0.0,1.64,2335,55
2018-03-08T00,0.24,0.01,1.09,2336,55
2025-02-11T00,0.24,0.04,0.56,2337,56
1981-10-06T00,0.24,0.0,0.99,2338,52
2006-10-30T00,0.24,0.02,0.75,2339,54
2008-12-20T00,0.24,0.0,2.13,2340,51
1981-09-14T00,0.24,0.0,0.87,2341,53
1993-02-13T00,0.24,0.02,5.24,2342,53
2021-11-29T00,0.24,0.0,2.28,2343,53
1986-03-12T00,0.24,0.0,2.43,2344,50
2022-11-15T00,0.24,0.0,1.46,2345,53
2012-02-16T00,0.24,0.0,1.87,2346,49
1988-08-06T00,0.24,0.0,0.74,2347,45
1988-08-31T00,0.24,0.0,1.98,2348,46
2010-02-04T00,0.24,0.0,0.8,2349,52
2015-02-15T00,0.24,0.01,2.2,2350,50
1988-12-29T00,0.24,0.0,2.22,2351,47
2017-02-17T00,0.24,0.0,2.44,2352,55
1997-02-12T00,0.24,0.0,3.68,2353,47
1980-11-23T00,0.24,0.0,1.61,2354,52
2003-03-10T00,0.24,0.0,2.34,2355,47
1997-03-30T00,0.24,0.0,1.51,2356,48
2001-05-07T00,0.24,0.0,1.11,2357,44
2025-06-09T00,0.24,0.0,2.79,2358,57
2021-01-22T00,0.24,0.0,1.82,2359,54
2021-01-16T00,0.24,0.0,1.65,2360,55
1999-09-10T00,0.24,0.0,0.92,2361,53
2011-11-06T00,0.24,0.0,6.25,2362,54
2008-01-09T00,0.24,0.0,2.64,2363,52
2016-10-24T00,0.24,0.0,2.15,2364,57
2010-07-14T00,0.24,0.0,2.4,2365,53
1989-05-20T00,0.24,0.0,1.3,2366,52
1991-11-19T00,0.24,0.0,2.43,2367,52
2006-11-28T00,0.24,0.0,2.22,2368,55
2004-11-02T00,0.24,0.0,2.35,2369,50
2002-03-30T00,0.23,0.0,1.61,2370,39
1994-03-26T00,0.23,0.0,1.97,2371,46
1994-04-19T00,0.23,0.0,1.65,2372,47
2020-02-18T00,0.23,0.0,1.0,2373,54
2006-02-21T00,0.23,0.0,2.66,2374,56
1980-12-30T00,0.23,0.0,3.5,2375,53
1997-05-16T00,0.23,0.01,0.97,2376,49
1994-09-01T00,0.23,0.0,1.39,2377,48
1994-08-23T00,0.23,0.0,0.93,2378,49
1981-11-11T00,0.23,0.0,2.28,2379,54
1999-03-03T00,0.23,0.0,1.0,2380,54
2011-11-22T00,0.23,0.0,4.43,2381,55
2021-02-25T00,0.23,0.0,1.31,2382,56
2000-12-09T00,0.23,0.0,2.2,2383,48
2010-01-20T00,0.23,0.0,1.7,2384,54
2015-04-01T00,0.23,0.0,0.83,2385,51
2022-07-31T00,0.23,0.0,2.28,2386,54
1991-01-06T00,0.23,0.0,3.33,2387,53
2003-02-28T00,0.23,0.0,4.61,2388,48
1991-02-20T00,0.23,0.0,2.94,2389,54
1991-01-26T00,0.23,0.0,2.49,2390,55
1991-02-26T00,0.23,0.0,1.85,2391,56
2001-11-18T00,0.23,0.0,2.27,2392,45
2022-10-09T00,0.23,0.0,0.88,2393,55
2022-10-25T00,0.23,0.0,1.65,2394,56
1983-01-09T00,0.23,0.0,3.57,2395,53
2025-01-28T00,0.23,0.0,0.95,2396,58
2008-03-15T00,0.23,0.0,1.72,2397,53
1997-12-23T00,0.23,0.0,0.59,2398,50
2013-11-25T00,0.23,0.0,3.56,2399,47
2002-01-20T00,0.23,0.0,3.35,2400,40
2021-11-05T00,0.23,0.0,1.97,2401,57
2012-12-22T00,0.23,0.0,2.12,2402,50
2024-01-08T00,0.23,0.0,1.62,2403,52
2005-11-17T00,0.23,0.02,0.65,2404,53
1996-01-08T00,0.23,0.0,2.93,2405,57
1984-06-28T00,0.23,0.0,1.02,2406,54
2017-10-13T00,0.23,0.0,1.12,2407,56
2012-08-31T00,0.22,0.0,1.81,2408,51
2021-09-13T00,0.22,0.0,2.02,2409,58
2024-01-24T00,0.22,0.0,1.11,2410,53
2010-10-31T00,0.22,0.0,3.08,2411,55
1985-06-29T00,0.22,0.0,1.18,2412,51
2017-08-30T00,0.22,0.0,2.39,2413,57
2007-12-19T00,0.22,0.0,1.96,2414,53
1987-03-01T00,0.22,0.0,4.44,2415,50
2023-02-27T00,0.22,0.0,0.64,2416,54
2010-02-28T00,0.22,0.0,1.6,2417,56
2013-12-17T00,0.22,0.0,1.16,2418,48
1994-08-18T00,0.22,0.0,1.09,2419,50
2002-01-30T00,0.22,0.0,0.93,2420,41
2009-12-30T00,0.22,0.0,2.49,2421,52
1990-06-02T00,0.22,0.0,1.4,2422,51
2007-02-26T00,0.22,0.0,4.37,2423,54
2007-01-12T00,0.22,0.0,3.78,2424,55
1992-02-15T00,0.22,0.0,3.07,2425,48
2012-10-07T00,0.22,0.0,0.52,2426,52
1998-04-18T00,0.22,0.0,1.21,2427,53
2002-09-02T00,0.21,0.0,3.1,2428,42
2006-12-24T00,0.21,0.0,2.36,2429,57
2015-08-20T00,0.21,0.0,0.96,2430,52
2025-10-20T00,0.21,0.02,0.76,2431,59
2003-02-03T00,0.21,0.0,2.61,2432,49
1997-11-18T00,0.21,0.0,2.37,2433,51
1994-12-12T00,0.21,0.0,0.69,2434,51
1989-02-11T00,0.21,0.0,1.83,2435,53
2022-02-23T00,0.21,0.02,1.41,2436,57
2010-01-30T00,0.21,0.0,3.41,2437,57
2022-02-09T00,0.21,0.0,1.31,2438,58
1988-06-07T00,0.21,0.0,1.05,2439,48
1988-01-28T00,0.21,0.0,2.25,2440,49
2004-01-07T00,0.21,0.0,3.02,2441,51
2003-11-24T00,0.21,0.0,3.24,2442,50
1999-09-14T00,0.21,0.0,1.61,2443,55
1991-09-02T00,0.21,0.0,2.28,2444,57
1981-04-07T00,0.21,0.0,1.8,2445,55
1985-08-26T00,0.21,0.0,1.84,2446,52
2006-04-28T00,0.21,0.0,1.44,2447,58
1990-10-30T00,0.21,0.0,2.98,2448,52
1995-08-14T00,0.21,0.0,1.33,2449,56
2013-01-24T00,0.21,0.0,2.51,2450,49
2001-10-18T00,0.21,0.0,1.99,2451,46
2001-03-19T00,0.21,0.0,1.81,2452,47
2020-03-02T00,0.21,0.0,1.6,2453,55
2002-05-26T00,0.21,0.0,1.46,2454,43
2003-11-14T00,0.21,0.0,1.21,2455,51
1986-11-30T00,0.21,0.0,1.86,2456,51
1985-04-10T00,0.21,0.0,0.64,2457,53
2002-11-12T00,0.21,0.0,2.68,2458,44
1995-10-25T00,0.21,0.0,1.74,2459,57
2021-02-16T00,0.21,0.0,1.88,2460,59
2003-11-29T00,0.21,0.0,4.02,2461,52
2009-09-06T00,0.21,0.0,1.93,2462,53
2014-03-19T00,0.21,0.0,4.05,2463,59
2005-08-29T00,0.2,0.0,1.42,2464,54
1981-10-27T00,0.2,0.0,1.0,2465,56
1983-02-26T00,0.2,0.0,4.27,2466,54
2000-01-18T00,0.2,0.0,3.02,2467,49
2016-12-28T00,0.2,0.0,1.24,2468,58
2004-12-22T00,0.2,0.0,2.67,2469,52
1999-02-01T00,0.2,0.0,2.37,2470,56
1982-09-18T00,0.2,0.0,1.9,2471,55
1993-09-21T00,0.2,0.0,0.73,2472,54
1994-02-27T00,0.2,0.0,2.37,2473,52
2011-08-20T00,0.2,0.0,1.78,2474,56
1994-06-25T00,0.2,0.0,0.96,2475,53
1988-11-16T00,0.2,0.0,1.99,2476,50
2010-02-08T00,0.2,0.0,1.83,2477,58
1997-11-10T00,0.2,0.0,2.56,2478,52
2003-02-08T00,0.2,0.0,1.91,2479,53
2021-03-29T00,0.2,0.0,1.13,2480,60
2002-01-12T00,0.2,0.0,0.93,2481,45
1994-08-07T00,0.2,0.0,1.17,2482,54
1990-07-14T00,0.2,0.0,1.16,2483,53
2002-12-15T00,0.2,0.0,1.95,2484,46
2005-07-14T00,0.2,0.0,1.56,2485,55
2013-05-12T00,0.2,0.0,1.58,2486,50
1994-12-17T00,0.2,0.0,2.28,2487,55
2013-12-29T00,0.2,0.02,0.71,2488,51
1998-12-09T00,0.2,0.0,1.98,2489,54
1988-07-11T00,0.2,0.01,0.57,2490,51
1984-10-18T00,0.2,0.03,0.69,2491,55
2009-03-09T00,0.2,0.0,0.7,2492,54
2013-02-09T00,0.2,0.0,1.21,2493,52
2013-02-13T00,0.2,0.0,4.75,2494,53
2010-12-05T00,0.2,0.0,6.24,2495,59
1988-05-12T00,0.2,0.0,0.6,2496,52
2021-06-13T00,0.2,0.0,5.86,2497,61
2003-09-19T00,0.2,0.0,1.13,2498,54
2013-03-02T00,0.2,0.0,1.78,2499,54
1988-02-18T00,0.2,0.0,0.74,2500,53
1998-04-08T00,0.2,0.0,1.57,2501,55
2002-09-26T00,0.2,0.0,0.97,2502,47
1994-01-11T00,0.2,0.0,1.06,2503,56
1996-02-26T00,0.19,0.0,4.5,2504,58
1991-12-21T00,0.19,0.0,0.58,2505,58
1990-01-22T00,0.19,0.0,3.23,2506,54
2004-03-15T00,0.19,0.0,0.71,2507,53
2011-03-10T00,0.19,0.0,3.4,2508,57
2024-11-11T00,0.19,0.0,0.78,2509,54
2017-09-09T00,0.19,0.0,1.78,2510,58
1980-07-14T00,0.19,0.0,0.48,2511,54
2022-01-18T00,0.19,0.0,1.3,2512,59
2022-12-08T00,0.19,0.0,0.71,2513,60
1983-01-22T00,0.19,0.0,3.75,2514,55
1984-10-08T00,0.19,0.0,0.7,2515,56
1986-04-06T00,0.19,0.0,0.78,2516,52
2020-04-18T00,0.19,0.0,0.9,2517,56
1994-10-20T00,0.19,0.0,1.48,2518,57
2017-05-03T00,0.19,0.0,0.71,2519,59
1997-12-01T00,0.19,0.0,4.76,2520,53
1994-09-05T00,0.19,0.0,1.49,2521,58
2025-01-17T00,0.19,0.0,1.39,2522,60
1980-11-14T00,0.19,0.0,1.92,2523,55
1993-10-10T00,0.19,0.0,1.09,2524,55
1997-12-28T00,0.19,0.0,1.39,2525,54
1998-08-15T00,0.19,0.0,1.17,2526,56
2007-11-21T00,0.19,0.0,1.96,2527,56
2002-08-14T00,0.19,0.0,1.19,2528,48
2008-01-15T00,0.19,0.0,0.92,2529,54
2002-11-01T00,0.19,0.0,1.78,2530,49
2010-04-16T00,0.19,0.0,1.49,2531,60
1992-03-21T00,0.19,0.0,1.61,2532,49
2009-01-12T00,0.19,0.0,1.38,2533,55
1985-02-25T00,0.18,0.0,1.41,2534,54
2001-05-21T00,0.18,0.0,0.63,2535,48
1985-01-28T00,0.18,0.0,1.83,2536,55
1985-07-08T00,0.18,0.0,0.66,2537,56
1989-02-20T00,0.18,0.0,3.36,2538,54
2023-10-04T00,0.18,0.0,0.91,2539,55
1993-12-02T00,0.18,0.0,1.77,2540,56
2002-10-06T00,0.18,0.0,1.04,2541,50
2008-03-19T00,0.18,0.0,2.3,2542,55
2000-01-02T00,0.18,0.0,2.07,2543,50
2019-01-06T00,0.18,0.0,1.94,2544,60
1998-01-14T00,0.18,0.0,2.76,2545,57
2013-12-08T00,0.18,0.0,1.51,2546,55
2019-02-10T00,0.18,0.0,1.32,2547,61
2012-10-19T00,0.18,0.0,2.09,2548,53
1980-11-27T00,0.18,0.0,2.09,2549,56
2009-09-15T00,0.18,0.0,2.16,2550,56
2024-01-03T00,0.18,0.0,0.43,2551,55
1980-09-05T00,0.18,0.0,1.22,2552,57
1983-01-31T00,0.18,0.0,1.56,2553,56
2000-06-02T00,0.18,0.0,0.53,2554,51
2023-02-06T00,0.18,0.0,2.41,2555,56
1997-05-06T00,0.18,0.01,0.57,2556,55
2014-11-14T00,0.18,0.0,2.52,2557,60
2000-08-11T00,0.18,0.0,0.97,2558,52
1983-02-11T00,0.18,0.0,3.64,2559,57
2000-12-30T00,0.18,0.0,1.12,2560,53
2004-02-08T00,0.18,0.0,5.65,2561,54
1997-02-06T00,0.18,0.0,0.37,2562,56
2016-01-07T00,0.18,0.0,0.84,2563,59
1989-10-10T00,0.18,0.0,1.89,2564,55
2001-01-20T00,0.18,0.0,2.02,2565,49
2011-09-01T00,0.18,0.0,1.56,2566,58
2009-01-27T00,0.18,0.0,2.62,2567,57
2008-02-15T00,0.18,0.0,1.83,2568,56
1990-11-18T00,0.18,0.0,2.28,2569,55
2001-08-17T00,0.17,0.0,0.93,2570,50
1996-01-31T00,0.17,0.0,3.28,2571,59
1995-12-14T00,0.17,0.0,1.65,2572,58
2018-01-14T00,0.17,0.0,0.35,2573,56
2007-05-16T00,0.17,0.0,2.76,2574,57
1982-02-06T00,0.17,0.0,1.49,2575,56
2017-12-12T00,0.17,0.0,0.73,2576,60
1982-02-23T00,0.17,0.02,0.75,2577,57
2022-11-21T00,0.17,0.0,0.95,2578,61
2000-12-22T00,0.17,0.0,1.6,2579,54
1986-01-05T00,0.17,0.0,2.1,2580,53
2012-03-06T00,0.17,0.0,1.07,2581,54
2002-03-25T00,0.17,0.0,1.0,2582,51
1992-12-15T00,0.17,0.0,2.67,2583,50
2021-11-23T00,0.17,0.0,1.0,2584,62
2000-03-10T00,0.17,0.0,1.91,2585,55
2012-08-15T00,0.17,0.0,0.94,2586,55
2009-05-19T00,0.17,0.0,1.69,2587,58
2015-03-27T00,0.17,0.0,2.19,2588,53
2002-10-22T00,0.17,0.0,3.04,2589,52
2002-10-10T00,0.17,0.0,1.19,2590,53
2013-04-03T00,0.17,0.0,3.29,2591,56
1987-04-22T00,0.17,0.0,0.5,2592,51
2020-11-29T00,0.17,0.0,0.8,2593,57
1988-09-21T00,0.17,0.0,1.43,2594,54
1988-11-07T00,0.17,0.0,2.74,2595,55
1987-12-13T00,0.17,0.0,2.71,2596,52
2014-02-04T00,0.17,0.02,1.94,2597,61
2016-03-17T00,0.17,0.0,1.05,2598,60
2009-11-06T00,0.17,0.0,4.5,2599,59
1998-01-25T00,0.17,0.0,2.18,2600,58
1983-02-20T00,0.17,0.0,0.57,2601,58
2024-12-08T00,0.17,0.0,1.19,2602,56
2018-02-25T00,0.17,0.0,2.6,2603,57
1992-02-02T00,0.17,0.0,0.9,2604,51
1996-02-17T00,0.16,0.0,1.78,2605,60
2020-04-27T00,0.16,0.01,1.27,2606,58
1997-09-26T00,0.16,0.01,0.56,2607,57
2001-04-13T00,0.16,0.0,0.41,2608,51
1997-11-22T00,0.16,0.0,1.65,2609,58
1992-10-25T00,0.16,0.0,2.05,2610,52
2004-11-13T00,0.16,0.0,1.57,2611,55
2014-04-05T00,0.16,0.0,1.32,2612,62
2003-08-12T00,0.16,0.0,0.67,2613,55
2000-11-15T00,0.16,0.0,1.06,2614,56
1997-04-13T00,0.16,0.0,1.23,2615,59
2000-10-04T00,0.16,0.0,0.44,2616,57
1993-01-24T00,0.16,0.0,3.27,2617,57
2015-12-26T00,0.16,0.0,0.79,2618,54
1988-01-21T00,0.16,0.0,2.15,2619,56
1986-03-28T00,0.16,0.0,3.3,2620,54
2025-03-12T00,0.16,0.0,0.85,2621,61
1993-05-10T00,0.16,0.0,0.99,2622,58
2021-11-16T00,0.16,0.0,0.99,2623,63
2014-01-07T00,0.16,0.0,1.93,2624,63
1989-12-27T00,0.16,0.0,1.19,2625,56
1981-01-14T00,0.16,0.0,1.19,2626,57
2018-12-11T00,0.16,0.0,1.22,2627,58
1984-06-23T00,0.16,0.0,1.69,2628,57
1993-12-07T00,0.16,0.0,2.16,2629,59
2019-12-19T00,0.16,0.0,2.04,2630,62
1993-11-16T00,0.16,0.0,1.97,2631,60
1984-05-29T00,0.16,0.0,1.15,2632,58
2025-05-09T00,0.16,0.02,0.76,2633,62
2010-03-26T00,0.16,0.0,0.7,2634,61
1993-12-29T00,0.16,0.0,2.5,2635,61
1987-01-19T00,0.16,0.0,2.93,2636,53
1982-11-04T00,0.16,0.0,1.93,2637,58
2001-11-29T00,0.15,0.0,2.4,2638,52
1985-01-14T00,0.15,0.0,2.22,2639,57
2020-05-27T00,0.15,0.0,2.0,2640,59
1992-04-28T00,0.15,0.0,1.43,2641,53
1990-11-13T00,0.15,0.0,1.67,2642,56
2004-03-06T00,0.15,0.0,2.55,2643,56
2002-11-07T00,0.15,0.0,1.76,2644,54
2016-03-02T00,0.15,0.0,0.48,2645,61
1992-09-15T00,0.15,0.0,0.76,2646,54
1985-10-29T00,0.15,0.0,3.0,2647,58
1988-04-26T00,0.15,0.0,0.57,2648,57
1997-03-05T00,0.15,0.0,2.25,2649,60
1999-03-22T00,0.15,0.0,2.46,2650,57
2020-01-21T00,0.15,0.0,0.44,2651,60
2003-10-01T00,0.15,0.0,1.85,2652,56
1986-12-09T00,0.15,0.0,3.98,2653,55
1989-03-10T00,0.15,0.0,1.6,2654,57
1988-10-19T00,0.15,0.0,1.36,2655,58
1988-02-22T00,0.15,0.0,2.24,2656,59
1988-08-22T00,0.15,0.0,1.15,2657,60
2019-10-30T00,0.15,0.01,0.44,2658,63
2000-02-18T00,0.15,0.0,1.69,2659,58
2004-05-05T00,0.15,0.0,1.35,2660,57
2011-05-03T00,0.15,0.0,1.75,2661,59
2001-04-28T00,0.15,0.0,0.99,2662,53
2007-01-30T00,0.15,0.0,1.5,2663,58
2007-03-08T00,0.15,0.0,0.61,2664,59
1980-04-04T00,0.14,0.0,1.28,2665,58
1986-03-22T00,0.14,0.0,1.82,2666,56
1992-12-06T00,0.14,0.0,3.46,2667,55
2000-04-05T00,0.14,0.0,1.46,2668,59
2012-07-10T00,0.14,0.0,1.75,2669,56
2014-01-21T00,0.14,0.0,0.98,2670,64
2016-01-23T00,0.14,0.0,1.19,2671,62
1984-11-11T00,0.14,0.0,2.02,2672,59
1986-02-25T00,0.14,0.0,1.26,2673,57
2010-02-23T00,0.14,0.0,1.14,2674,62
1989-11-14T00,0.14,0.0,3.32,2675,58
2003-12-21T00,0.14,0.0,1.42,2676,57
2012-11-01T00,0.14,0.0,1.35,2677,57
2009-02-02T00,0.14,0.0,1.3,2678,60
2004-10-24T00,0.14,0.0,0.92,2679,58
1994-05-03T00,0.14,0.0,1.07,2680,59
1987-01-08T00,0.14,0.0,1.49,2681,54
2001-02-21T00,0.14,0.0,1.66,2682,54
2003-01-03T00,0.14,0.0,2.31,2683,58
1987-10-07T00,0.14,0.0,1.34,2684,55
2008-03-24T00,0.14,0.0,4.11,2685,57
2002-12-02T00,0.14,0.0,1.06,2686,55
2015-09-07T00,0.14,0.0,1.41,2687,55
1992-04-12T00,0.14,0.0,1.45,2688,56
1988-07-22T00,0.14,0.0,1.01,2689,61
2016-06-04T00,0.13,0.0,2.11,2690,63
2002-01-02T00,0.13,0.0,1.91,2691,56
1990-03-15T00,0.13,0.0,0.86,2692,57
2016-02-04T00,0.13,0.0,1.01,2693,64
1989-11-19T00,0.13,0.0,2.36,2694,59
1989-09-26T00,0.13,0.0,1.37,2695,60
2005-07-28T00,0.13,0.0,1.25,2696,56
2005-07-18T00,0.13,0.0,1.86,2697,57
2001-12-19T00,0.13,0.0,1.0,2698,55
2009-02-12T00,0.13,0.0,0.38,2699,61
2015-07-30T00,0.13,0.0,2.04,2700,56
1989-01-15T00,0.13,0.0,2.96,2701,61
2015-04-11T00,0.13,0.0,1.17,2702,57
2010-12-23T00,0.13,0.0,0.38,2703,63
1994-06-29T00,0.13,0.0,0.58,2704,60
2004-03-19T00,0.13,0.0,1.94,2705,59
2018-12-04T00,0.13,0.0,0.76,2706,59
2025-09-03T00,0.13,0.0,1.24,2707,63
2010-10-16T00,0.13,0.0,0.94,2708,64
1994-03-17T00,0.13,0.0,1.31,2709,61
1988-06-16T00,0.13,0.0,1.09,2710,62
2020-08-30T00,0.13,0.0,0.83,2711,61
2014-01-25T00,0.13,0.0,2.55,2712,65
2007-12-29T00,0.13,0.0,2.36,2713,60
2017-02-12T00,0.13,0.0,0.6,2714,61
1981-02-25T00,0.13,0.0,1.79,2715,58
1983-11-01T00,0.13,0.0,2.31,2716,59
2002-09-20T00,0.13,0.0,1.03,2717,57
1987-04-07T00,0.13,0.0,0.88,2718,56
1980-12-06T00,0.13,0.0,2.5,2719,59
1985-12-23T00,0.12,0.0,0.96,2720,59
2019-02-19T00,0.12,0.0,0.37,2721,64
2003-01-13T00,0.12,0.0,1.15,2722,59
1980-12-18T00,0.12,0.0,0.94,2723,60
2013-01-14T00,0.12,0.0,1.06,2724,57
1987-06-13T00,0.12,0.0,0.67,2725,57
1981-12-09T00,0.12,0.0,1.93,2726,59
2016-02-22T00,0.12,0.0,1.41,2727,65
1999-12-06T00,0.12,0.0,1.24,2728,58
2011-12-13T00,0.12,0.0,1.22,2729,60
2004-12-15T00,0.12,0.0,1.39,2730,60
2006-02-03T00,0.12,0.0,2.92,2731,59
1993-10-20T00,0.12,0.0,0.36,2732,62
2002-02-27T00,0.12,0.0,2.15,2733,58
1986-01-22T00,0.12,0.0,1.48,2734,58
1990-12-20T00,0.12,0.0,1.72,2735,58
1996-03-07T00,0.12,0.0,0.86,2736,61
2017-10-27T00,0.12,0.0,0.58,2737,62
2018-09-07T00,0.12,0.0,1.02,2738,60
2012-11-13T00,0.12,0.0,0.94,2739,58
2005-12-05T00,0.12,0.0,1.79,2740,58
2015-01-27T00,0.12,0.0,1.85,2741,58
2006-09-25T00,0.12,0.0,0.83,2742,60
2000-02-04T00,0.12,0.0,1.46,2743,60
2006-09-30T00,0.12,0.0,1.57,2744,61
2015-01-10T00,0.12,0.0,2.1,2745,59
2020-01-15T00,0.12,0.0,1.49,2746,62
1990-09-21T00,0.12,0.0,0.49,2747,59
1981-09-18T00,0.12,0.0,0.7,2748,60
2025-04-06T00,0.12,0.0,1.04,2749,64
1994-04-14T00,0.12,0.0,0.78,2750,62
2018-02-12T00,0.12,0.0,2.39,2751,61
1992-02-10T00,0.12,0.0,2.66,2752,57
1992-01-26T00,0.11,0.0,2.33,2753,58
2018-01-05T00,0.11,0.0,0.8,2754,62
1990-09-09T00,0.11,0.0,0.98,2755,60
1997-10-16T00,0.11,0.0,0.69,2756,61
2014-10-03T00,0.11,0.0,0.59,2757,66
1982-11-22T00,0.11,0.0,1.19,2758,59
2003-10-15T00,0.11,0.0,0.91,2759,60
1990-10-22T00,0.11,0.0,0.81,2760,61
2003-12-03T00,0.11,0.0,2.72,2761,61
1982-10-11T00,0.11,0.0,0.74,2762,60
1992-09-19T00,0.11,0.0,1.85,2763,59
2020-06-11T00,0.11,0.0,0.89,2764,63
1990-12-01T00,0.11,0.0,1.26,2765,62
2012-09-04T00,0.11,0.0,1.68,2766,59
2009-02-18T00,0.11,0.0,1.16,2767,62
1996-11-08T00,0.11,0.0,1.19,2768,62
1998-09-28T00,0.11,0.0,1.35,2769,59
1998-07-19T00,0.11,0.0,0.7,2770,60
1982-01-26T00,0.11,0.0,1.99,2771,61
1984-05-09T00,0.11,0.0,0.96,2772,60
1987-10-24T00,0.11,0.0,1.56,2773,58
1987-10-17T00,0.11,0.0,0.37,2774,59
2024-10-23T00,0.11,0.0,0.68,2775,57
2012-12-30T00,0.11,0.0,0.44,2776,60
1987-03-31T00,0.11,0.0,0.78,2777,60
2005-02-19T00,0.11,0.0,2.2,2778,59
2024-12-23T00,0.11,0.0,0.6,2779,58
2000-08-06T00,0.1,0.0,0.69,2780,61
1989-07-02T00,0.1,0.0,1.0,2781,62
2008-11-26T00,0.1,0.0,2.96,2782,58
1995-09-11T00,0.1,0.0,0.58,2783,59
2015-10-11T00,0.1,0.0,1.11,2784,60
2025-03-01T00,0.1,0.0,0.37,2785,65
1989-07-07T00,0.1,0.0,0.52,2786,63
1981-09-08T00,0.1,0.0,0.85,2787,61
2015-04-20T00,0.1,0.0,0.94,2788,61
2024-04-10T00,0.1,0.0,0.63,2789,59
2004-01-18T00,0.1,0.0,2.62,2790,61
1988-08-26T00,0.1,0.0,1.6,2791,63
1997-03-19T00,0.1,0.0,2.42,2792,62
1981-04-11T00,0.1,0.0,1.28,2793,62
1988-06-02T00,0.1,0.0,0.49,2794,64
2003-07-13T00,0.1,0.0,0.79,2795,62
1983-05-25T00,0.1,0.0,0.86,2796,60
1999-03-17T00,0.1,0.0,0.93,2797,59
1983-11-15T00,0.1,0.0,1.78,2798,61
1984-01-27T00,0.1,0.0,2.02,2799,61
1980-09-23T00,0.1,0.0,0.5,2800,61
1986-12-30T00,0.1,0.0,1.14,2801,59
1980-07-05T00,0.1,0.0,0.56,2802,62
1990-02-01T00,0.1,0.0,1.41,2803,63
2008-09-16T00,0.1,0.0,2.61,2804,59
2005-02-23T00,0.1,0.0,2.77,2805,60
