{
    "type": "FeatureCollection",
    "features": [
        {
            "type": "Feature",
            "geometry": {
                "type": "Point",
                "coordinates": [
                    -103.04777072158532,
                    44.815858392275885
                ]
            },
            "properties": {
                "id": "247",
                "storm_start_date": "2015-08-16T00:00:00Z",
                "aorc:statistics": {
                    "min": 0.28,
                    "mean": 1.47,
                    "max": 2.92,
                    "units": "inches"
                }
            }
        },
        {
            "type": "Feature",
            "geometry": {
                "type": "Point",
                "coordinates": [
                    -107.44759472158137,
                    45.2158423922759
                ]
            },
            "properties": {
                "id": "240",
                "storm_start_date": "2011-10-06T00:00:00Z",
                "aorc:statistics": {
                    "min": 0.24,
                    "mean": 1.49,
                    "max": 4.58,
                    "units": "inches"
                }
            }
        },
        {
            "type": "Feature",
            "geometry": {
                "type": "Point",
                "coordinates": [
                    -112.38073072157793,
                    47.749074392275844
                ]
            },
            "properties": {
                "id": "30",
                "storm_start_date": "1995-06-05T00:00:00Z",
                "aorc:statistics": {
                    "min": 0.5,
                    "mean": 2.59,
                    "max": 10.96,
                    "units": "inches"
                }
            }
        },
        {
            "type": "Feature",
            "geometry": {
                "type": "Point",
                "coordinates": [
                    -112.38073072157793,
                    47.749074392275844
                ]
            },
            "properties": {
                "id": "446",
                "storm_start_date": "1981-06-12T00:00:00Z",
                "aorc:statistics": {
                    "min": 0.28,
                    "mean": 1.13,
                    "max": 3.59,
                    "units": "inches"
                }
            }
        },
        {
            "type": "Feature",
            "geometry": {
                "type": "Point",
                "coordinates": [
                    -110.2474827215794,
                    45.88248239227589
                ]
            },
            "properties": {
                "id": "145",
                "storm_start_date": "1991-05-09T00:00:00Z",
                "aorc:statistics": {
                    "min": 0.02,
                    "mean": 1.71,
                    "max": 7.87,
                    "units": "inches"
                }
            }
        },
        {
            "type": "Feature",
            "geometry": {
                "type": "Point",
                "coordinates": [
                    -102.11447472158603,
                    40.14937839227596
                ]
            },
            "properties": {
                "id": "370",
                "storm_start_date": "2010-07-05T00:00:00Z",
                "aorc:statistics": {
                    "min": 0.11,
                    "mean": 1.23,
                    "max": 3.55,
                    "units": "inches"
                }
            }
        },
        {
            "type": "Feature",
            "geometry": {
                "type": "Point",
                "coordinates": [
                    -112.51405872157763,
                    46.54912239227595
                ]
            },
            "properties": {
                "id": "307",
                "storm_start_date": "2014-11-25T00:00:00Z",
                "aorc:statistics": {
                    "min": 0.12,
                    "mean": 1.32,
                    "max": 9.72,
                    "units": "inches"
                }
            }
        },
        {
            "type": "Feature",
            "geometry": {
                "type": "Point",
                "coordinates": [
                    -105.18101872158365,
                    42.149298392276044
                ]
            },
            "properties": {
                "id": "47",
                "storm_start_date": "1991-05-14T00:00:00Z",
                "aorc:statistics": {
                    "min": 0.73,
                    "mean": 2.35,
                    "max": 6.04,
                    "units": "inches"
                }
            }
        },
        {
            "type": "Feature",
            "geometry": {
                "type": "Point",
                "coordinates": [
                    -104.51437872158404,
                    39.74939439227596
                ]
            },
            "properties": {
                "id": "38",
                "storm_start_date": "2003-03-17T00:00:00Z",
                "aorc:statistics": {
                    "min": 0.0,
                    "mean": 2.45,
                    "max": 11.74,
                    "units": "inches"
                }
            }
        },
        {
            "type": "Feature",
            "geometry": {
                "type": "Point",
                "coordinates": [
                    -106.11431472158277,
                    43.74923439227589
                ]
            },
            "properties": {
                "id": "438",
                "storm_start_date": "2024-10-28T00:00:00Z",
                "aorc:statistics": {
                    "min": 0.25,
                    "mean": 1.14,
                    "max": 2.54,
                    "units": "inches"
                }
            }
        },
        {
            "type": "Feature",
            "geometry": {
                "type": "Point",
                "coordinates": [
                    -102.78111472158557,
                    45.2158423922759
                ]
            },
            "properties": {
                "id": "34",
                "storm_start_date": "2025-05-14T00:00:00Z",
                "aorc:statistics": {
                    "min": 0.22,
                    "mean": 2.51,
                    "max": 7.33,
                    "units": "inches"
                }
            }
        },
        {
            "type": "Feature",
            "geometry": {
                "type": "Point",
                "coordinates": [
                    -104.64770672158369,
                    40.14937839227596
                ]
            },
            "properties": {
                "id": "177",
                "storm_start_date": "2024-03-13T00:00:00Z",
                "aorc:statistics": {
                    "min": 0.09,
                    "mean": 1.62,
                    "max": 4.54,
                    "units": "inches"
                }
            }
        },
        {
            "type": "Feature",
            "geometry": {
                "type": "Point",
                "coordinates": [
                    -104.78103472158358,
                    43.48257839227591
                ]
            },
            "properties": {
                "id": "306",
                "storm_start_date": "1986-10-01T00:00:00Z",
                "aorc:statistics": {
                    "min": 0.62,
                    "mean": 1.33,
                    "max": 2.65,
                    "units": "inches"
                }
            }
        },
        {
            "type": "Feature",
            "geometry": {
                "type": "Point",
                "coordinates": [
                    -109.71417072157983,
                    46.01581039227596
                ]
            },
            "properties": {
                "id": "383",
                "storm_start_date": "1987-08-23T00:00:00Z",
                "aorc:statistics": {
                    "min": 0.16,
                    "mean": 1.21,
                    "max": 3.4,
                    "units": "inches"
                }
            }
        },
        {
            "type": "Feature",
            "geometry": {
                "type": "Point",
                "coordinates": [
                    -105.84765872158304,
                    45.74915439227594
                ]
            },
            "properties": {
                "id": "409",
                "storm_start_date": "2019-07-14T00:00:00Z",
                "aorc:statistics": {
                    "min": 0.07,
                    "mean": 1.17,
                    "max": 2.86,
                    "units": "inches"
                }
            }
        },
        {
            "type": "Feature",
            "geometry": {
                "type": "Point",
                "coordinates": [
                    -112.2474027215781,
                    47.21576239227584
                ]
            },
            "properties": {
                "id": "399",
                "storm_start_date": "1986-08-29T00:00:00Z",
                "aorc:statistics": {
                    "min": 0.12,
                    "mean": 1.19,
                    "max": 3.65,
                    "units": "inches"
                }
            }
        },
        {
            "type": "Feature",
            "geometry": {
                "type": "Point",
                "coordinates": [
                    -102.51445872158573,
                    39.34941039227584
                ]
            },
            "properties": {
                "id": "137",
                "storm_start_date": "2008-08-07T00:00:00Z",
                "aorc:statistics": {
                    "min": 0.0,
                    "mean": 1.75,
                    "max": 6.08,
                    "units": "inches"
                }
            }
        },
        {
            "type": "Feature",
            "geometry": {
                "type": "Point",
                "coordinates": [
                    -112.2474027215781,
                    47.749074392275844
                ]
            },
            "properties": {
                "id": "144",
                "storm_start_date": "2023-06-08T00:00:00Z",
                "aorc:statistics": {
                    "min": 0.32,
                    "mean": 1.72,
                    "max": 4.94,
                    "units": "inches"
                }
            }
        },
        {
            "type": "Feature",
            "geometry": {
                "type": "Point",
                "coordinates": [
                    -102.11447472158603,
                    39.8827223922759
                ]
            },
            "properties": {
                "id": "419",
                "storm_start_date": "1987-07-02T00:00:00Z",
                "aorc:statistics": {
                    "min": 0.0,
                    "mean": 1.16,
                    "max": 3.14,
                    "units": "inches"
                }
            }
        },
        {
            "type": "Feature",
            "geometry": {
                "type": "Point",
                "coordinates": [
                    -103.71441072158483,
                    40.28270639227586
                ]
            },
            "properties": {
                "id": "2",
                "storm_start_date": "2023-05-10T00:00:00Z",
                "aorc:statistics": {
                    "min": 1.19,
                    "mean": 3.65,
                    "max": 8.08,
                    "units": "inches"
                }
            }
        },
        {
            "type": "Feature",
            "geometry": {
                "type": "Point",
                "coordinates": [
                    -112.51405872157763,
                    46.54912239227595
                ]
            },
            "properties": {
                "id": "27",
                "storm_start_date": "2006-04-04T00:00:00Z",
                "aorc:statistics": {
                    "min": 0.0,
                    "mean": 2.62,
                    "max": 11.69,
                    "units": "inches"
                }
            }
        },
        {
            "type": "Feature",
            "geometry": {
                "type": "Point",
                "coordinates": [
                    -111.44743472157859,
                    47.3490903922758
                ]
            },
            "properties": {
                "id": "376",
                "storm_start_date": "2023-04-18T00:00:00Z",
                "aorc:statistics": {
                    "min": 0.04,
                    "mean": 1.22,
                    "max": 3.64,
                    "units": "inches"
                }
            }
        },
        {
            "type": "Feature",
            "geometry": {
                "type": "Point",
                "coordinates": [
                    -102.24780272158617,
                    40.016050392275844
                ]
            },
            "properties": {
                "id": "37",
                "storm_start_date": "2011-05-24T00:00:00Z",
                "aorc:statistics": {
                    "min": 0.26,
                    "mean": 2.5,
                    "max": 5.06,
                    "units": "inches"
                }
            }
        },
        {
            "type": "Feature",
            "geometry": {
                "type": "Point",
                "coordinates": [
                    -112.11407472157806,
                    47.61574639227584
                ]
            },
            "properties": {
                "id": "15",
                "storm_start_date": "2002-06-08T00:00:00Z",
                "aorc:statistics": {
                    "min": 0.0,
                    "mean": 2.91,
                    "max": 9.75,
                    "units": "inches"
                }
            }
        },
        {
            "type": "Feature",
            "geometry": {
                "type": "Point",
                "coordinates": [
                    -102.64778672158558,
                    39.34941039227584
                ]
            },
            "properties": {
                "id": "257",
                "storm_start_date": "2016-04-28T00:00:00Z",
                "aorc:statistics": {
                    "min": 0.52,
                    "mean": 1.44,
                    "max": 2.16,
                    "units": "inches"
                }
            }
        },
        {
            "type": "Feature",
            "geometry": {
                "type": "Point",
                "coordinates": [
                    -107.71425072158144,
                    47.749074392275844
                ]
            },
            "properties": {
                "id": "288",
                "storm_start_date": "1994-06-05T00:00:00Z",
                "aorc:statistics": {
                    "min": 0.22,
                    "mean": 1.37,
                    "max": 2.66,
                    "units": "inches"
                }
            }
        },
        {
            "type": "Feature",
            "geometry": {
                "type": "Point",
                "coordinates": [
                    -107.04761072158198,
                    46.28246639227585
                ]
            },
            "properties": {
                "id": "114",
                "storm_start_date": "2023-09-21T00:00:00Z",
                "aorc:statistics": {
                    "min": 0.46,
                    "mean": 1.86,
                    "max": 4.46,
                    "units": "inches"
                }
            }
        },
        {
            "type": "Feature",
            "geometry": {
                "type": "Point",
                "coordinates": [
                    -105.58100272158319,
                    45.61582639227584
                ]
            },
            "properties": {
                "id": "220",
                "storm_start_date": "2011-05-29T00:00:00Z",
                "aorc:statistics": {
                    "min": 0.57,
                    "mean": 1.53,
                    "max": 3.42,
                    "units": "inches"
                }
            }
        },
        {
            "type": "Feature",
            "geometry": {
                "type": "Point",
                "coordinates": [
                    -102.64778672158558,
                    44.949186392275834
                ]
            },
            "properties": {
                "id": "389",
                "storm_start_date": "2004-07-03T00:00:00Z",
                "aorc:statistics": {
                    "min": 0.09,
                    "mean": 1.2,
                    "max": 3.67,
                    "units": "inches"
                }
            }
        },
        {
            "type": "Feature",
            "geometry": {
                "type": "Point",
                "coordinates": [
                    -107.71425072158144,
                    47.749074392275844
                ]
            },
            "properties": {
                "id": "33",
                "storm_start_date": "2016-05-09T00:00:00Z",
                "aorc:statistics": {
                    "min": 0.29,
                    "mean": 2.52,
                    "max": 4.85,
                    "units": "inches"
                }
            }
        },
        {
            "type": "Feature",
            "geometry": {
                "type": "Point",
                "coordinates": [
                    -105.18101872158365,
                    41.749314392275885
                ]
            },
            "properties": {
                "id": "416",
                "storm_start_date": "1993-11-12T00:00:00Z",
                "aorc:statistics": {
                    "min": 0.32,
                    "mean": 1.16,
                    "max": 7.09,
                    "units": "inches"
                }
            }
        },
        {
            "type": "Feature",
            "geometry": {
                "type": "Point",
                "coordinates": [
                    -106.24764272158268,
                    44.415874392275796
                ]
            },
            "properties": {
                "id": "208",
                "storm_start_date": "2003-04-29T00:00:00Z",
                "aorc:statistics": {
                    "min": 0.0,
                    "mean": 1.56,
                    "max": 5.91,
                    "units": "inches"
                }
            }
        },
        {
            "type": "Feature",
            "geometry": {
                "type": "Point",
                "coordinates": [
                    -102.78111472158557,
                    45.2158423922759
                ]
            },
            "properties": {
                "id": "16",
                "storm_start_date": "2023-06-22T00:00:00Z",
                "aorc:statistics": {
                    "min": 0.62,
                    "mean": 2.88,
                    "max": 10.9,
                    "units": "inches"
                }
            }
        },
        {
            "type": "Feature",
            "geometry": {
                "type": "Point",
                "coordinates": [
                    -103.84773872158449,
                    42.415954392275864
                ]
            },
            "properties": {
                "id": "174",
                "storm_start_date": "2019-03-13T00:00:00Z",
                "aorc:statistics": {
                    "min": 0.41,
                    "mean": 1.62,
                    "max": 3.6,
                    "units": "inches"
                }
            }
        },
        {
            "type": "Feature",
            "geometry": {
                "type": "Point",
                "coordinates": [
                    -102.51445872158573,
                    39.34941039227584
                ]
            },
            "properties": {
                "id": "392",
                "storm_start_date": "2023-07-19T00:00:00Z",
                "aorc:statistics": {
                    "min": 0.07,
                    "mean": 1.2,
                    "max": 3.43,
                    "units": "inches"
                }
            }
        },
        {
            "type": "Feature",
            "geometry": {
                "type": "Point",
                "coordinates": [
                    -102.11447472158603,
                    39.8827223922759
                ]
            },
            "properties": {
                "id": "219",
                "storm_start_date": "2009-05-24T00:00:00Z",
                "aorc:statistics": {
                    "min": 0.13,
                    "mean": 1.54,
                    "max": 5.86,
                    "units": "inches"
                }
            }
        },
        {
            "type": "Feature",
            "geometry": {
                "type": "Point",
                "coordinates": [
                    -102.64778672158558,
                    44.949186392275834
                ]
            },
            "properties": {
                "id": "391",
                "storm_start_date": "2001-07-24T00:00:00Z",
                "aorc:statistics": {
                    "min": 0.06,
                    "mean": 1.2,
                    "max": 3.46,
                    "units": "inches"
                }
            }
        },
        {
            "type": "Feature",
            "geometry": {
                "type": "Point",
                "coordinates": [
                    -102.11447472158603,
                    39.8827223922759
                ]
            },
            "properties": {
                "id": "129",
                "storm_start_date": "2009-10-21T00:00:00Z",
                "aorc:statistics": {
                    "min": 0.58,
                    "mean": 1.79,
                    "max": 3.39,
                    "units": "inches"
                }
            }
        },
        {
            "type": "Feature",
            "geometry": {
                "type": "Point",
                "coordinates": [
                    -104.11439472158423,
                    41.88264239227586
                ]
            },
            "properties": {
                "id": "351",
                "storm_start_date": "2022-08-13T00:00:00Z",
                "aorc:statistics": {
                    "min": 0.04,
                    "mean": 1.26,
                    "max": 5.27,
                    "units": "inches"
                }
            }
        },
        {
            "type": "Feature",
            "geometry": {
                "type": "Point",
                "coordinates": [
                    -111.5807627215782,
                    46.01581039227596
                ]
            },
            "properties": {
                "id": "388",
                "storm_start_date": "1999-05-28T00:00:00Z",
                "aorc:statistics": {
                    "min": 0.17,
                    "mean": 1.2,
                    "max": 5.38,
                    "units": "inches"
                }
            }
        },
        {
            "type": "Feature",
            "geometry": {
                "type": "Point",
                "coordinates": [
                    -102.51445872158573,
                    39.34941039227584
                ]
            },
            "properties": {
                "id": "282",
                "storm_start_date": "2021-05-16T00:00:00Z",
                "aorc:statistics": {
                    "min": 0.12,
                    "mean": 1.38,
                    "max": 6.05,
                    "units": "inches"
                }
            }
        },
        {
            "type": "Feature",
            "geometry": {
                "type": "Point",
                "coordinates": [
                    -112.38073072157793,
                    46.81577839227594
                ]
            },
            "properties": {
                "id": "308",
                "storm_start_date": "1995-09-07T00:00:00Z",
                "aorc:statistics": {
                    "min": 0.04,
                    "mean": 1.32,
                    "max": 4.91,
                    "units": "inches"
                }
            }
        },
        {
            "type": "Feature",
            "geometry": {
                "type": "Point",
                "coordinates": [
                    -112.38073072157793,
                    47.749074392275844
                ]
            },
            "properties": {
                "id": "215",
                "storm_start_date": "1991-06-05T00:00:00Z",
                "aorc:statistics": {
                    "min": 0.48,
                    "mean": 1.54,
                    "max": 3.67,
                    "units": "inches"
                }
            }
        },
        {
            "type": "Feature",
            "geometry": {
                "type": "Point",
                "coordinates": [
                    -103.84773872158449,
                    42.415954392275864
                ]
            },
            "properties": {
                "id": "264",
                "storm_start_date": "2001-07-09T00:00:00Z",
                "aorc:statistics": {
                    "min": 0.1,
                    "mean": 1.42,
                    "max": 3.27,
                    "units": "inches"
                }
            }
        },
        {
            "type": "Feature",
            "geometry": {
                "type": "Point",
                "coordinates": [
                    -102.11447472158603,
                    39.8827223922759
                ]
            },
            "properties": {
                "id": "408",
                "storm_start_date": "1988-03-31T00:00:00Z",
                "aorc:statistics": {
                    "min": 0.17,
                    "mean": 1.17,
                    "max": 2.46,
                    "units": "inches"
                }
            }
        },
        {
            "type": "Feature",
            "geometry": {
                "type": "Point",
                "coordinates": [
                    -103.98106672158436,
                    42.149298392276044
                ]
            },
            "properties": {
                "id": "130",
                "storm_start_date": "2025-05-24T00:00:00Z",
                "aorc:statistics": {
                    "min": 0.25,
                    "mean": 1.78,
                    "max": 4.06,
                    "units": "inches"
                }
            }
        },
        {
            "type": "Feature",
            "geometry": {
                "type": "Point",
                "coordinates": [
                    -102.91444272158523,
                    44.415874392275796
                ]
            },
            "properties": {
                "id": "193",
                "storm_start_date": "1993-05-06T00:00:00Z",
                "aorc:statistics": {
                    "min": 0.28,
                    "mean": 1.58,
                    "max": 3.4,
                    "units": "inches"
                }
            }
        },
        {
            "type": "Feature",
            "geometry": {
                "type": "Point",
                "coordinates": [
                    -102.91444272158523,
                    45.349170392275816
                ]
            },
            "properties": {
                "id": "259",
                "storm_start_date": "2024-06-08T00:00:00Z",
                "aorc:statistics": {
                    "min": 0.0,
                    "mean": 1.43,
                    "max": 53.19,
                    "units": "inches"
                }
            }
        },
        {
            "type": "Feature",
            "geometry": {
                "type": "Point",
                "coordinates": [
                    -108.38089072158081,
                    45.61582639227584
                ]
            },
            "properties": {
                "id": "241",
                "storm_start_date": "2024-05-21T00:00:00Z",
                "aorc:statistics": {
                    "min": 0.13,
                    "mean": 1.49,
                    "max": 3.7,
                    "units": "inches"
                }
            }
        },
        {
            "type": "Feature",
            "geometry": {
                "type": "Point",
                "coordinates": [
                    -112.38073072157793,
                    47.749074392275844
                ]
            },
            "properties": {
                "id": "433",
                "storm_start_date": "2020-11-06T00:00:00Z",
                "aorc:statistics": {
                    "min": 0.24,
                    "mean": 1.15,
                    "max": 4.09,
                    "units": "inches"
                }
            }
        },
        {
            "type": "Feature",
            "geometry": {
                "type": "Point",
                "coordinates": [
                    -109.58084272157994,
                    47.749074392275844
                ]
            },
            "properties": {
                "id": "224",
                "storm_start_date": "2015-07-26T00:00:00Z",
                "aorc:statistics": {
                    "min": 0.24,
                    "mean": 1.53,
                    "max": 4.76,
                    "units": "inches"
                }
            }
        },
        {
            "type": "Feature",
            "geometry": {
                "type": "Point",
                "coordinates": [
                    -109.71417072157983,
                    46.94910639227586
                ]
            },
            "properties": {
                "id": "334",
                "storm_start_date": "2016-09-03T00:00:00Z",
                "aorc:statistics": {
                    "min": 0.44,
                    "mean": 1.28,
                    "max": 3.06,
                    "units": "inches"
                }
            }
        },
        {
            "type": "Feature",
            "geometry": {
                "type": "Point",
                "coordinates": [
                    -102.51445872158573,
                    39.34941039227584
                ]
            },
            "properties": {
                "id": "365",
                "storm_start_date": "2023-06-16T00:00:00Z",
                "aorc:statistics": {
                    "min": 0.07,
                    "mean": 1.24,
                    "max": 4.91,
                    "units": "inches"
                }
            }
        },
        {
            "type": "Feature",
            "geometry": {
                "type": "Point",
                "coordinates": [
                    -104.24772272158437,
                    38.68277039227588
                ]
            },
            "properties": {
                "id": "237",
                "storm_start_date": "2025-05-05T00:00:00Z",
                "aorc:statistics": {
                    "min": 0.1,
                    "mean": 1.5,
                    "max": 4.36,
                    "units": "inches"
                }
            }
        },
        {
            "type": "Feature",
            "geometry": {
                "type": "Point",
                "coordinates": [
                    -112.64738672157739,
                    46.28246639227585
                ]
            },
            "properties": {
                "id": "340",
                "storm_start_date": "1996-12-31T00:00:00Z",
                "aorc:statistics": {
                    "min": 0.0,
                    "mean": 1.28,
                    "max": 7.61,
                    "units": "inches"
                }
            }
        },
        {
            "type": "Feature",
            "geometry": {
                "type": "Point",
                "coordinates": [
                    -109.04753072158015,
                    46.28246639227585
                ]
            },
            "properties": {
                "id": "50",
                "storm_start_date": "2001-06-12T00:00:00Z",
                "aorc:statistics": {
                    "min": 0.85,
                    "mean": 2.35,
                    "max": 5.69,
                    "units": "inches"
                }
            }
        },
        {
            "type": "Feature",
            "geometry": {
                "type": "Point",
                "coordinates": [
                    -104.64770672158369,
                    40.41603439227591
                ]
            },
            "properties": {
                "id": "421",
                "storm_start_date": "2015-10-21T00:00:00Z",
                "aorc:statistics": {
                    "min": 0.34,
                    "mean": 1.16,
                    "max": 4.18,
                    "units": "inches"
                }
            }
        },
        {
            "type": "Feature",
            "geometry": {
                "type": "Point",
                "coordinates": [
                    -108.78087472158069,
                    46.682450392275825
                ]
            },
            "properties": {
                "id": "18",
                "storm_start_date": "2023-06-01T00:00:00Z",
                "aorc:statistics": {
                    "min": 0.55,
                    "mean": 2.86,
                    "max": 6.74,
                    "units": "inches"
                }
            }
        },
        {
            "type": "Feature",
            "geometry": {
                "type": "Point",
                "coordinates": [
                    -104.51437872158404,
                    45.61582639227584
                ]
            },
            "properties": {
                "id": "99",
                "storm_start_date": "2006-04-17T00:00:00Z",
                "aorc:statistics": {
                    "min": 0.0,
                    "mean": 1.92,
                    "max": 4.29,
                    "units": "inches"
                }
            }
        },
        {
            "type": "Feature",
            "geometry": {
                "type": "Point",
                "coordinates": [
                    -106.11431472158277,
                    45.74915439227594
                ]
            },
            "properties": {
                "id": "6",
                "storm_start_date": "2011-05-20T00:00:00Z",
                "aorc:statistics": {
                    "min": 0.85,
                    "mean": 3.25,
                    "max": 6.08,
                    "units": "inches"
                }
            }
        },
        {
            "type": "Feature",
            "geometry": {
                "type": "Point",
                "coordinates": [
                    -112.38073072157793,
                    47.749074392275844
                ]
            },
            "properties": {
                "id": "362",
                "storm_start_date": "1987-03-17T00:00:00Z",
                "aorc:statistics": {
                    "min": 0.03,
                    "mean": 1.24,
                    "max": 6.93,
                    "units": "inches"
                }
            }
        },
        {
            "type": "Feature",
            "geometry": {
                "type": "Point",
                "coordinates": [
                    -105.04769072158383,
                    45.61582639227584
                ]
            },
            "properties": {
                "id": "249",
                "storm_start_date": "2025-10-16T00:00:00Z",
                "aorc:statistics": {
                    "min": 0.3,
                    "mean": 1.47,
                    "max": 2.62,
                    "units": "inches"
                }
            }
        },
        {
            "type": "Feature",
            "geometry": {
                "type": "Point",
                "coordinates": [
                    -102.64778672158558,
                    44.682530392275915
                ]
            },
            "properties": {
                "id": "17",
                "storm_start_date": "2013-10-03T00:00:00Z",
                "aorc:statistics": {
                    "min": 1.07,
                    "mean": 2.87,
                    "max": 5.15,
                    "units": "inches"
                }
            }
        },
        {
            "type": "Feature",
            "geometry": {
                "type": "Point",
                "coordinates": [
                    -103.71441072158483,
                    38.68277039227588
                ]
            },
            "properties": {
                "id": "127",
                "storm_start_date": "1995-05-16T00:00:00Z",
                "aorc:statistics": {
                    "min": 0.44,
                    "mean": 1.8,
                    "max": 4.3,
                    "units": "inches"
                }
            }
        },
        {
            "type": "Feature",
            "geometry": {
                "type": "Point",
                "coordinates": [
                    -108.38089072158081,
                    47.749074392275844
                ]
            },
            "properties": {
                "id": "226",
                "storm_start_date": "2002-06-22T00:00:00Z",
                "aorc:statistics": {
                    "min": 0.15,
                    "mean": 1.53,
                    "max": 5.74,
                    "units": "inches"
                }
            }
        },
        {
            "type": "Feature",
            "geometry": {
                "type": "Point",
                "coordinates": [
                    -104.24772272158437,
                    38.94942639227588
                ]
            },
            "properties": {
                "id": "449",
                "storm_start_date": "1991-11-15T00:00:00Z",
                "aorc:statistics": {
                    "min": 0.29,
                    "mean": 1.13,
                    "max": 8.36,
                    "units": "inches"
                }
            }
        },
        {
            "type": "Feature",
            "geometry": {
                "type": "Point",
                "coordinates": [
                    -102.11447472158603,
                    39.8827223922759
                ]
            },
            "properties": {
                "id": "171",
                "storm_start_date": "2019-08-11T00:00:00Z",
                "aorc:statistics": {
                    "min": 0.02,
                    "mean": 1.63,
                    "max": 6.82,
                    "units": "inches"
                }
            }
        },
        {
            "type": "Feature",
            "geometry": {
                "type": "Point",
                "coordinates": [
                    -102.91444272158523,
                    44.415874392275796
                ]
            },
            "properties": {
                "id": "243",
                "storm_start_date": "1989-09-19T00:00:00Z",
                "aorc:statistics": {
                    "min": 0.31,
                    "mean": 1.48,
                    "max": 2.67,
                    "units": "inches"
                }
            }
        },
        {
            "type": "Feature",
            "geometry": {
                "type": "Point",
                "coordinates": [
                    -103.18109872158539,
                    39.34941039227584
                ]
            },
            "properties": {
                "id": "327",
                "storm_start_date": "2017-03-24T00:00:00Z",
                "aorc:statistics": {
                    "min": 0.06,
                    "mean": 1.29,
                    "max": 3.2,
                    "units": "inches"
                }
            }
        },
        {
            "type": "Feature",
            "geometry": {
                "type": "Point",
                "coordinates": [
                    -104.38105072158429,
                    41.749314392275885
                ]
            },
            "properties": {
                "id": "173",
                "storm_start_date": "2015-04-16T00:00:00Z",
                "aorc:statistics": {
                    "min": 0.37,
                    "mean": 1.62,
                    "max": 8.47,
                    "units": "inches"
                }
            }
        },
        {
            "type": "Feature",
            "geometry": {
                "type": "Point",
                "coordinates": [
                    -102.64778672158558,
                    44.949186392275834
                ]
            },
            "properties": {
                "id": "440",
                "storm_start_date": "2025-08-16T00:00:00Z",
                "aorc:statistics": {
                    "min": 0.0,
                    "mean": 1.14,
                    "max": 4.93,
                    "units": "inches"
                }
            }
        },
        {
            "type": "Feature",
            "geometry": {
                "type": "Point",
                "coordinates": [
                    -106.64762672158241,
                    44.14921839227587
                ]
            },
            "properties": {
                "id": "271",
                "storm_start_date": "2013-09-25T00:00:00Z",
                "aorc:statistics": {
                    "min": 0.11,
                    "mean": 1.4,
                    "max": 3.96,
                    "units": "inches"
                }
            }
        },
        {
            "type": "Feature",
            "geometry": {
                "type": "Point",
                "coordinates": [
                    -112.38073072157793,
                    47.749074392275844
                ]
            },
            "properties": {
                "id": "92",
                "storm_start_date": "1987-07-17T00:00:00Z",
                "aorc:statistics": {
                    "min": 0.43,
                    "mean": 1.95,
                    "max": 6.24,
                    "units": "inches"
                }
            }
        },
        {
            "type": "Feature",
            "geometry": {
                "type": "Point",
                "coordinates": [
                    -104.91436272158388,
                    43.74923439227589
                ]
            },
            "properties": {
                "id": "183",
                "storm_start_date": "1998-10-15T00:00:00Z",
                "aorc:statistics": {
                    "min": 0.54,
                    "mean": 1.6,
                    "max": 4.44,
                    "units": "inches"
                }
            }
        },
        {
            "type": "Feature",
            "geometry": {
                "type": "Point",
                "coordinates": [
                    -103.18109872158539,
                    45.48249839227585
                ]
            },
            "properties": {
                "id": "40",
                "storm_start_date": "1989-04-26T00:00:00Z",
                "aorc:statistics": {
                    "min": 0.72,
                    "mean": 2.42,
                    "max": 4.6,
                    "units": "inches"
                }
            }
        },
        {
            "type": "Feature",
            "geometry": {
                "type": "Point",
                "coordinates": [
                    -102.11447472158603,
                    40.14937839227596
                ]
            },
            "properties": {
                "id": "113",
                "storm_start_date": "1988-05-01T00:00:00Z",
                "aorc:statistics": {
                    "min": 0.19,
                    "mean": 1.88,
                    "max": 4.18,
                    "units": "inches"
                }
            }
        },
        {
            "type": "Feature",
            "geometry": {
                "type": "Point",
                "coordinates": [
                    -104.11439472158423,
                    38.68277039227588
                ]
            },
            "properties": {
                "id": "12",
                "storm_start_date": "1999-04-29T00:00:00Z",
                "aorc:statistics": {
                    "min": 0.09,
                    "mean": 3.02,
                    "max": 10.86,
                    "units": "inches"
                }
            }
        },
        {
            "type": "Feature",
            "geometry": {
                "type": "Point",
                "coordinates": [
                    -112.38073072157793,
                    47.749074392275844
                ]
            },
            "properties": {
                "id": "329",
                "storm_start_date": "2015-01-04T00:00:00Z",
                "aorc:statistics": {
                    "min": 0.1,
                    "mean": 1.29,
                    "max": 13.81,
                    "units": "inches"
                }
            }
        },
        {
            "type": "Feature",
            "geometry": {
                "type": "Point",
                "coordinates": [
                    -108.51421872158073,
                    47.749074392275844
                ]
            },
            "properties": {
                "id": "248",
                "storm_start_date": "2022-06-05T00:00:00Z",
                "aorc:statistics": {
                    "min": 0.43,
                    "mean": 1.47,
                    "max": 3.68,
                    "units": "inches"
                }
            }
        },
        {
            "type": "Feature",
            "geometry": {
                "type": "Point",
                "coordinates": [
                    -110.380810721579,
                    45.88248239227589
                ]
            },
            "properties": {
                "id": "258",
                "storm_start_date": "1987-07-09T00:00:00Z",
                "aorc:statistics": {
                    "min": 0.26,
                    "mean": 1.44,
                    "max": 5.28,
                    "units": "inches"
                }
            }
        },
        {
            "type": "Feature",
            "geometry": {
                "type": "Point",
                "coordinates": [
                    -112.38073072157793,
                    47.749074392275844
                ]
            },
            "properties": {
                "id": "108",
                "storm_start_date": "2014-06-17T00:00:00Z",
                "aorc:statistics": {
                    "min": 0.31,
                    "mean": 1.89,
                    "max": 10.04,
                    "units": "inches"
                }
            }
        },
        {
            "type": "Feature",
            "geometry": {
                "type": "Point",
                "coordinates": [
                    -104.78103472158358,
                    42.415954392275864
                ]
            },
            "properties": {
                "id": "265",
                "storm_start_date": "2003-03-26T00:00:00Z",
                "aorc:statistics": {
                    "min": 0.0,
                    "mean": 1.41,
                    "max": 4.76,
                    "units": "inches"
                }
            }
        },
        {
            "type": "Feature",
            "geometry": {
                "type": "Point",
                "coordinates": [
                    -109.71417072157983,
                    46.01581039227596
                ]
            },
            "properties": {
                "id": "8",
                "storm_start_date": "1992-06-14T00:00:00Z",
                "aorc:statistics": {
                    "min": 0.67,
                    "mean": 3.14,
                    "max": 7.99,
                    "units": "inches"
                }
            }
        },
        {
            "type": "Feature",
            "geometry": {
                "type": "Point",
                "coordinates": [
                    -111.84741872157817,
                    47.749074392275844
                ]
            },
            "properties": {
                "id": "348",
                "storm_start_date": "2008-08-31T00:00:00Z",
                "aorc:statistics": {
                    "min": 0.14,
                    "mean": 1.26,
                    "max": 3.1,
                    "units": "inches"
                }
            }
        },
        {
            "type": "Feature",
            "geometry": {
                "type": "Point",
                "coordinates": [
                    -102.64778672158558,
                    44.949186392275834
                ]
            },
            "properties": {
                "id": "61",
                "storm_start_date": "1986-05-07T00:00:00Z",
                "aorc:statistics": {
                    "min": 0.98,
                    "mean": 2.21,
                    "max": 3.61,
                    "units": "inches"
                }
            }
        },
        {
            "type": "Feature",
            "geometry": {
                "type": "Point",
                "coordinates": [
                    -103.84773872158449,
                    42.415954392275864
                ]
            },
            "properties": {
                "id": "134",
                "storm_start_date": "1999-09-02T00:00:00Z",
                "aorc:statistics": {
                    "min": 0.23,
                    "mean": 1.76,
                    "max": 3.72,
                    "units": "inches"
                }
            }
        },
        {
            "type": "Feature",
            "geometry": {
                "type": "Point",
                "coordinates": [
                    -104.51437872158404,
                    40.016050392275844
                ]
            },
            "properties": {
                "id": "430",
                "storm_start_date": "2014-07-28T00:00:00Z",
                "aorc:statistics": {
                    "min": 0.02,
                    "mean": 1.15,
                    "max": 3.32,
                    "units": "inches"
                }
            }
        },
        {
            "type": "Feature",
            "geometry": {
                "type": "Point",
                "coordinates": [
                    -103.18109872158539,
                    45.48249839227585
                ]
            },
            "properties": {
                "id": "55",
                "storm_start_date": "2022-04-22T00:00:00Z",
                "aorc:statistics": {
                    "min": 1.06,
                    "mean": 2.28,
                    "max": 4.24,
                    "units": "inches"
                }
            }
        },
        {
            "type": "Feature",
            "geometry": {
                "type": "Point",
                "coordinates": [
                    -112.38073072157793,
                    47.749074392275844
                ]
            },
            "properties": {
                "id": "5",
                "storm_start_date": "1980-05-23T00:00:00Z",
                "aorc:statistics": {
                    "min": 0.65,
                    "mean": 3.36,
                    "max": 10.6,
                    "units": "inches"
                }
            }
        },
        {
            "type": "Feature",
            "geometry": {
                "type": "Point",
                "coordinates": [
                    -102.64778672158558,
                    39.48273839227591
                ]
            },
            "properties": {
                "id": "427",
                "storm_start_date": "1993-10-16T00:00:00Z",
                "aorc:statistics": {
                    "min": 0.14,
                    "mean": 1.15,
                    "max": 2.15,
                    "units": "inches"
                }
            }
        },
        {
            "type": "Feature",
            "geometry": {
                "type": "Point",
                "coordinates": [
                    -102.78111472158557,
                    40.14937839227596
                ]
            },
            "properties": {
                "id": "109",
                "storm_start_date": "2016-05-25T00:00:00Z",
                "aorc:statistics": {
                    "min": 0.33,
                    "mean": 1.89,
                    "max": 5.23,
                    "units": "inches"
                }
            }
        },
        {
            "type": "Feature",
            "geometry": {
                "type": "Point",
                "coordinates": [
                    -105.18101872158365,
                    41.48265839227577
                ]
            },
            "properties": {
                "id": "321",
                "storm_start_date": "2000-09-20T00:00:00Z",
                "aorc:statistics": {
                    "min": 0.49,
                    "mean": 1.29,
                    "max": 3.97,
                    "units": "inches"
                }
            }
        },
        {
            "type": "Feature",
            "geometry": {
                "type": "Point",
                "coordinates": [
                    -112.38073072157793,
                    47.749074392275844
                ]
            },
            "properties": {
                "id": "406",
                "storm_start_date": "1982-01-22T00:00:00Z",
                "aorc:statistics": {
                    "min": 0.07,
                    "mean": 1.17,
                    "max": 8.56,
                    "units": "inches"
                }
            }
        },
        {
            "type": "Feature",
            "geometry": {
                "type": "Point",
                "coordinates": [
                    -103.84773872158449,
                    42.415954392275864
                ]
            },
            "properties": {
                "id": "9",
                "storm_start_date": "1986-06-08T00:00:00Z",
                "aorc:statistics": {
                    "min": 1.24,
                    "mean": 3.1,
                    "max": 4.82,
                    "units": "inches"
                }
            }
        },
        {
            "type": "Feature",
            "geometry": {
                "type": "Point",
                "coordinates": [
                    -105.18101872158365,
                    41.749314392275885
                ]
            },
            "properties": {
                "id": "90",
                "storm_start_date": "1991-06-01T00:00:00Z",
                "aorc:statistics": {
                    "min": 0.41,
                    "mean": 1.97,
                    "max": 4.78,
                    "units": "inches"
                }
            }
        },
        {
            "type": "Feature",
            "geometry": {
                "type": "Point",
                "coordinates": [
                    -103.84773872158449,
                    40.14937839227596
                ]
            },
            "properties": {
                "id": "310",
                "storm_start_date": "2025-09-22T00:00:00Z",
                "aorc:statistics": {
                    "min": 0.0,
                    "mean": 1.32,
                    "max": 2.94,
                    "units": "inches"
                }
            }
        },
        {
            "type": "Feature",
            "geometry": {
                "type": "Point",
                "coordinates": [
                    -102.11447472158603,
                    39.8827223922759
                ]
            },
            "properties": {
                "id": "294",
                "storm_start_date": "1989-06-24T00:00:00Z",
                "aorc:statistics": {
                    "min": 0.07,
                    "mean": 1.35,
                    "max": 6.51,
                    "units": "inches"
                }
            }
        },
        {
            "type": "Feature",
            "geometry": {
                "type": "Point",
                "coordinates": [
                    -106.11431472158287,
                    45.88248239227589
                ]
            },
            "properties": {
                "id": "368",
                "storm_start_date": "1992-04-17T00:00:00Z",
                "aorc:statistics": {
                    "min": 0.19,
                    "mean": 1.23,
                    "max": 3.76,
                    "units": "inches"
                }
            }
        },
        {
            "type": "Feature",
            "geometry": {
                "type": "Point",
                "coordinates": [
                    -104.11439472158423,
                    42.015970392275825
                ]
            },
            "properties": {
                "id": "125",
                "storm_start_date": "1993-06-01T00:00:00Z",
                "aorc:statistics": {
                    "min": 0.22,
                    "mean": 1.8,
                    "max": 3.31,
                    "units": "inches"
                }
            }
        },
        {
            "type": "Feature",
            "geometry": {
                "type": "Point",
                "coordinates": [
                    -103.71441072158483,
                    38.68277039227588
                ]
            },
            "properties": {
                "id": "444",
                "storm_start_date": "1986-07-19T00:00:00Z",
                "aorc:statistics": {
                    "min": 0.0,
                    "mean": 1.14,
                    "max": 2.63,
                    "units": "inches"
                }
            }
        },
        {
            "type": "Feature",
            "geometry": {
                "type": "Point",
                "coordinates": [
                    -106.24764272158268,
                    44.682530392275915
                ]
            },
            "properties": {
                "id": "138",
                "storm_start_date": "1994-10-15T00:00:00Z",
                "aorc:statistics": {
                    "min": 0.39,
                    "mean": 1.74,
                    "max": 4.82,
                    "units": "inches"
                }
            }
        },
        {
            "type": "Feature",
            "geometry": {
                "type": "Point",
                "coordinates": [
                    -110.51413872157949,
                    46.682450392275825
                ]
            },
            "properties": {
                "id": "232",
                "storm_start_date": "2002-05-21T00:00:00Z",
                "aorc:statistics": {
                    "min": 0.0,
                    "mean": 1.51,
                    "max": 5.23,
                    "units": "inches"
                }
            }
        },
        {
            "type": "Feature",
            "geometry": {
                "type": "Point",
                "coordinates": [
                    -112.38073072157793,
                    47.749074392275844
                ]
            },
            "properties": {
                "id": "445",
                "storm_start_date": "2025-06-19T00:00:00Z",
                "aorc:statistics": {
                    "min": 0.31,
                    "mean": 1.13,
                    "max": 2.5,
                    "units": "inches"
                }
            }
        },
        {
            "type": "Feature",
            "geometry": {
                "type": "Point",
                "coordinates": [
                    -112.38073072157793,
                    47.749074392275844
                ]
            },
            "properties": {
                "id": "448",
                "storm_start_date": "2008-11-12T00:00:00Z",
                "aorc:statistics": {
                    "min": 0.01,
                    "mean": 1.13,
                    "max": 9.21,
                    "units": "inches"
                }
            }
        },
        {
            "type": "Feature",
            "geometry": {
                "type": "Point",
                "coordinates": [
                    -102.51445872158573,
                    39.8827223922759
                ]
            },
            "properties": {
                "id": "338",
                "storm_start_date": "2024-08-12T00:00:00Z",
                "aorc:statistics": {
                    "min": 0.13,
                    "mean": 1.28,
                    "max": 4.65,
                    "units": "inches"
                }
            }
        },
        {
            "type": "Feature",
            "geometry": {
                "type": "Point",
                "coordinates": [
                    -102.11447472158603,
                    39.8827223922759
                ]
            },
            "properties": {
                "id": "32",
                "storm_start_date": "2016-04-15T00:00:00Z",
                "aorc:statistics": {
                    "min": 0.37,
                    "mean": 2.56,
                    "max": 7.54,
                    "units": "inches"
                }
            }
        },
        {
            "type": "Feature",
            "geometry": {
                "type": "Point",
                "coordinates": [
                    -104.38105072158429,
                    40.14937839227596
                ]
            },
            "properties": {
                "id": "222",
                "storm_start_date": "2012-07-06T00:00:00Z",
                "aorc:statistics": {
                    "min": 0.15,
                    "mean": 1.53,
                    "max": 5.43,
                    "units": "inches"
                }
            }
        },
        {
            "type": "Feature",
            "geometry": {
                "type": "Point",
                "coordinates": [
                    -102.51445872158573,
                    39.34941039227584
                ]
            },
            "properties": {
                "id": "94",
                "storm_start_date": "2017-05-09T00:00:00Z",
                "aorc:statistics": {
                    "min": 0.23,
                    "mean": 1.94,
                    "max": 5.32,
                    "units": "inches"
                }
            }
        },
        {
            "type": "Feature",
            "geometry": {
                "type": "Point",
                "coordinates": [
                    -110.11415472157945,
                    45.88248239227589
                ]
            },
            "properties": {
                "id": "268",
                "storm_start_date": "1989-01-22T00:00:00Z",
                "aorc:statistics": {
                    "min": 0.14,
                    "mean": 1.41,
                    "max": 11.98,
                    "units": "inches"
                }
            }
        },
        {
            "type": "Feature",
            "geometry": {
                "type": "Point",
                "coordinates": [
                    -104.11439472158423,
                    39.08275439227593
                ]
            },
            "properties": {
                "id": "325",
                "storm_start_date": "2000-07-16T00:00:00Z",
                "aorc:statistics": {
                    "min": 0.28,
                    "mean": 1.29,
                    "max": 3.21,
                    "units": "inches"
                }
            }
        },
        {
            "type": "Feature",
            "geometry": {
                "type": "Point",
                "coordinates": [
                    -110.91412272157883,
                    47.749074392275844
                ]
            },
            "properties": {
                "id": "270",
                "storm_start_date": "1990-05-23T00:00:00Z",
                "aorc:statistics": {
                    "min": 0.23,
                    "mean": 1.41,
                    "max": 3.51,
                    "units": "inches"
                }
            }
        },
        {
            "type": "Feature",
            "geometry": {
                "type": "Point",
                "coordinates": [
                    -112.11407472157806,
                    47.749074392275844
                ]
            },
            "properties": {
                "id": "181",
                "storm_start_date": "2015-09-03T00:00:00Z",
                "aorc:statistics": {
                    "min": 0.23,
                    "mean": 1.61,
                    "max": 4.35,
                    "units": "inches"
                }
            }
        },
        {
            "type": "Feature",
            "geometry": {
                "type": "Point",
                "coordinates": [
                    -108.64754672158067,
                    47.48241839227591
                ]
            },
            "properties": {
                "id": "140",
                "storm_start_date": "1985-08-01T00:00:00Z",
                "aorc:statistics": {
                    "min": 0.24,
                    "mean": 1.73,
                    "max": 5.85,
                    "units": "inches"
                }
            }
        },
        {
            "type": "Feature",
            "geometry": {
                "type": "Point",
                "coordinates": [
                    -102.91444272158523,
                    44.415874392275796
                ]
            },
            "properties": {
                "id": "176",
                "storm_start_date": "1997-07-19T00:00:00Z",
                "aorc:statistics": {
                    "min": 0.08,
                    "mean": 1.62,
                    "max": 3.91,
                    "units": "inches"
                }
            }
        },
        {
            "type": "Feature",
            "geometry": {
                "type": "Point",
                "coordinates": [
                    -110.11415472157945,
                    45.88248239227589
                ]
            },
            "properties": {
                "id": "192",
                "storm_start_date": "2005-11-06T00:00:00Z",
                "aorc:statistics": {
                    "min": 0.0,
                    "mean": 1.58,
                    "max": 12.28,
                    "units": "inches"
                }
            }
        },
        {
            "type": "Feature",
            "geometry": {
                "type": "Point",
                "coordinates": [
                    -104.78103472158358,
                    44.01589039227589
                ]
            },
            "properties": {
                "id": "293",
                "storm_start_date": "2009-03-22T00:00:00Z",
                "aorc:statistics": {
                    "min": 0.27,
                    "mean": 1.35,
                    "max": 3.65,
                    "units": "inches"
                }
            }
        },
        {
            "type": "Feature",
            "geometry": {
                "type": "Point",
                "coordinates": [
                    -104.78103472158358,
                    40.94934639227576
                ]
            },
            "properties": {
                "id": "426",
                "storm_start_date": "2013-04-15T00:00:00Z",
                "aorc:statistics": {
                    "min": 0.06,
                    "mean": 1.15,
                    "max": 7.27,
                    "units": "inches"
                }
            }
        },
        {
            "type": "Feature",
            "geometry": {
                "type": "Point",
                "coordinates": [
                    -102.11447472158603,
                    40.14937839227596
                ]
            },
            "properties": {
                "id": "278",
                "storm_start_date": "2025-06-24T00:00:00Z",
                "aorc:statistics": {
                    "min": 0.01,
                    "mean": 1.39,
                    "max": 6.83,
                    "units": "inches"
                }
            }
        },
        {
            "type": "Feature",
            "geometry": {
                "type": "Point",
                "coordinates": [
                    -102.91444272158523,
                    44.415874392275796
                ]
            },
            "properties": {
                "id": "31",
                "storm_start_date": "2019-05-20T00:00:00Z",
                "aorc:statistics": {
                    "min": 0.6,
                    "mean": 2.58,
                    "max": 5.21,
                    "units": "inches"
                }
            }
        },
        {
            "type": "Feature",
            "geometry": {
                "type": "Point",
                "coordinates": [
                    -102.78111472158557,
                    40.016050392275844
                ]
            },
            "properties": {
                "id": "326",
                "storm_start_date": "2009-05-31T00:00:00Z",
                "aorc:statistics": {
                    "min": 0.16,
                    "mean": 1.29,
                    "max": 4.12,
                    "units": "inches"
                }
            }
        },
        {
            "type": "Feature",
            "geometry": {
                "type": "Point",
                "coordinates": [
                    -103.84773872158449,
                    39.61606639227587
                ]
            },
            "properties": {
                "id": "262",
                "storm_start_date": "2023-06-12T00:00:00Z",
                "aorc:statistics": {
                    "min": 0.0,
                    "mean": 1.43,
                    "max": 8.41,
                    "units": "inches"
                }
            }
        },
        {
            "type": "Feature",
            "geometry": {
                "type": "Point",
                "coordinates": [
                    -104.24772272158437,
                    38.68277039227588
                ]
            },
            "properties": {
                "id": "322",
                "storm_start_date": "1995-06-28T00:00:00Z",
                "aorc:statistics": {
                    "min": 0.0,
                    "mean": 1.29,
                    "max": 3.4,
                    "units": "inches"
                }
            }
        },
        {
            "type": "Feature",
            "geometry": {
                "type": "Point",
                "coordinates": [
                    -102.78111472158545,
                    45.08251439227579
                ]
            },
            "properties": {
                "id": "337",
                "storm_start_date": "2025-07-21T00:00:00Z",
                "aorc:statistics": {
                    "min": 0.04,
                    "mean": 1.28,
                    "max": 4.72,
                    "units": "inches"
                }
            }
        },
        {
            "type": "Feature",
            "geometry": {
                "type": "Point",
                "coordinates": [
                    -108.38089072158081,
                    45.61582639227584
                ]
            },
            "properties": {
                "id": "309",
                "storm_start_date": "1981-05-05T00:00:00Z",
                "aorc:statistics": {
                    "min": 0.31,
                    "mean": 1.32,
                    "max": 5.22,
                    "units": "inches"
                }
            }
        },
        {
            "type": "Feature",
            "geometry": {
                "type": "Point",
                "coordinates": [
                    -102.78111472158557,
                    45.2158423922759
                ]
            },
            "properties": {
                "id": "71",
                "storm_start_date": "1998-06-16T00:00:00Z",
                "aorc:statistics": {
                    "min": 0.62,
                    "mean": 2.1,
                    "max": 5.23,
                    "units": "inches"
                }
            }
        },
        {
            "type": "Feature",
            "geometry": {
                "type": "Point",
                "coordinates": [
                    -102.11447472158603,
                    40.14937839227596
                ]
            },
            "properties": {
                "id": "305",
                "storm_start_date": "2018-06-23T00:00:00Z",
                "aorc:statistics": {
                    "min": 0.2,
                    "mean": 1.33,
                    "max": 3.53,
                    "units": "inches"
                }
            }
        },
        {
            "type": "Feature",
            "geometry": {
                "type": "Point",
                "coordinates": [
                    -103.71441072158483,
                    45.2158423922759
                ]
            },
            "properties": {
                "id": "380",
                "storm_start_date": "1989-07-12T00:00:00Z",
                "aorc:statistics": {
                    "min": 0.02,
                    "mean": 1.22,
                    "max": 4.06,
                    "units": "inches"
                }
            }
        },
        {
            "type": "Feature",
            "geometry": {
                "type": "Point",
                "coordinates": [
                    -111.44743472157863,
                    47.61574639227584
                ]
            },
            "properties": {
                "id": "254",
                "storm_start_date": "1983-05-08T00:00:00Z",
                "aorc:statistics": {
                    "min": 0.16,
                    "mean": 1.46,
                    "max": 4.81,
                    "units": "inches"
                }
            }
        },
        {
            "type": "Feature",
            "geometry": {
                "type": "Point",
                "coordinates": [
                    -107.58092272158149,
                    47.61574639227584
                ]
            },
            "properties": {
                "id": "324",
                "storm_start_date": "2022-07-07T00:00:00Z",
                "aorc:statistics": {
                    "min": 0.03,
                    "mean": 1.29,
                    "max": 5.56,
                    "units": "inches"
                }
            }
        },
        {
            "type": "Feature",
            "geometry": {
                "type": "Point",
                "coordinates": [
                    -109.58084272157994,
                    45.74915439227594
                ]
            },
            "properties": {
                "id": "251",
                "storm_start_date": "2019-02-25T00:00:00Z",
                "aorc:statistics": {
                    "min": 0.44,
                    "mean": 1.47,
                    "max": 6.81,
                    "units": "inches"
                }
            }
        },
        {
            "type": "Feature",
            "geometry": {
                "type": "Point",
                "coordinates": [
                    -104.38105072158429,
                    45.48249839227585
                ]
            },
            "properties": {
                "id": "414",
                "storm_start_date": "1994-09-13T00:00:00Z",
                "aorc:statistics": {
                    "min": 0.21,
                    "mean": 1.17,
                    "max": 3.34,
                    "units": "inches"
                }
            }
        },
        {
            "type": "Feature",
            "geometry": {
                "type": "Point",
                "coordinates": [
                    -102.11447472158603,
                    40.14937839227596
                ]
            },
            "properties": {
                "id": "353",
                "storm_start_date": "1994-07-12T00:00:00Z",
                "aorc:statistics": {
                    "min": 0.08,
                    "mean": 1.25,
                    "max": 3.58,
                    "units": "inches"
                }
            }
        },
        {
            "type": "Feature",
            "geometry": {
                "type": "Point",
                "coordinates": [
                    -107.04761072158163,
                    45.08251439227579
                ]
            },
            "properties": {
                "id": "252",
                "storm_start_date": "2025-10-04T00:00:00Z",
                "aorc:statistics": {
                    "min": 0.46,
                    "mean": 1.46,
                    "max": 3.54,
                    "units": "inches"
                }
            }
        },
        {
            "type": "Feature",
            "geometry": {
                "type": "Point",
                "coordinates": [
                    -103.58108272158489,
                    45.48249839227585
                ]
            },
            "properties": {
                "id": "159",
                "storm_start_date": "2000-10-31T00:00:00Z",
                "aorc:statistics": {
                    "min": 0.2,
                    "mean": 1.67,
                    "max": 4.13,
                    "units": "inches"
                }
            }
        },
        {
            "type": "Feature",
            "geometry": {
                "type": "Point",
                "coordinates": [
                    -106.11431472158287,
                    45.88248239227589
                ]
            },
            "properties": {
                "id": "313",
                "storm_start_date": "1991-04-10T00:00:00Z",
                "aorc:statistics": {
                    "min": 0.15,
                    "mean": 1.31,
                    "max": 2.43,
                    "units": "inches"
                }
            }
        },
        {
            "type": "Feature",
            "geometry": {
                "type": "Point",
                "coordinates": [
                    -103.84773872158443,
                    42.815938392275854
                ]
            },
            "properties": {
                "id": "132",
                "storm_start_date": "2004-09-03T00:00:00Z",
                "aorc:statistics": {
                    "min": 0.12,
                    "mean": 1.76,
                    "max": 3.39,
                    "units": "inches"
                }
            }
        },
        {
            "type": "Feature",
            "geometry": {
                "type": "Point",
                "coordinates": [
                    -111.44743472157863,
                    46.54912239227595
                ]
            },
            "properties": {
                "id": "117",
                "storm_start_date": "2011-06-07T00:00:00Z",
                "aorc:statistics": {
                    "min": 0.82,
                    "mean": 1.84,
                    "max": 4.58,
                    "units": "inches"
                }
            }
        },
        {
            "type": "Feature",
            "geometry": {
                "type": "Point",
                "coordinates": [
                    -106.64762672158241,
                    43.88256239227582
                ]
            },
            "properties": {
                "id": "59",
                "storm_start_date": "2016-04-24T00:00:00Z",
                "aorc:statistics": {
                    "min": 0.43,
                    "mean": 2.24,
                    "max": 4.67,
                    "units": "inches"
                }
            }
        },
        {
            "type": "Feature",
            "geometry": {
                "type": "Point",
                "coordinates": [
                    -107.1809387215817,
                    46.28246639227585
                ]
            },
            "properties": {
                "id": "396",
                "storm_start_date": "2018-06-01T00:00:00Z",
                "aorc:statistics": {
                    "min": 0.04,
                    "mean": 1.19,
                    "max": 3.35,
                    "units": "inches"
                }
            }
        },
        {
            "type": "Feature",
            "geometry": {
                "type": "Point",
                "coordinates": [
                    -104.64770672158369,
                    40.816018392275815
                ]
            },
            "properties": {
                "id": "106",
                "storm_start_date": "2005-06-02T00:00:00Z",
                "aorc:statistics": {
                    "min": 0.0,
                    "mean": 1.9,
                    "max": 4.14,
                    "units": "inches"
                }
            }
        },
        {
            "type": "Feature",
            "geometry": {
                "type": "Point",
                "coordinates": [
                    -105.98098672158295,
                    45.349170392275816
                ]
            },
            "properties": {
                "id": "189",
                "storm_start_date": "2007-06-06T00:00:00Z",
                "aorc:statistics": {
                    "min": 0.14,
                    "mean": 1.59,
                    "max": 4.47,
                    "units": "inches"
                }
            }
        },
        {
            "type": "Feature",
            "geometry": {
                "type": "Point",
                "coordinates": [
                    -112.38073072157793,
                    47.749074392275844
                ]
            },
            "properties": {
                "id": "168",
                "storm_start_date": "2025-12-09T00:00:00Z",
                "aorc:statistics": {
                    "min": 0.04,
                    "mean": 1.64,
                    "max": 10.91,
                    "units": "inches"
                }
            }
        },
        {
            "type": "Feature",
            "geometry": {
                "type": "Point",
                "coordinates": [
                    -104.24772272158437,
                    39.08275439227593
                ]
            },
            "properties": {
                "id": "349",
                "storm_start_date": "1997-04-23T00:00:00Z",
                "aorc:statistics": {
                    "min": 0.0,
                    "mean": 1.26,
                    "max": 10.81,
                    "units": "inches"
                }
            }
        },
        {
            "type": "Feature",
            "geometry": {
                "type": "Point",
                "coordinates": [
                    -102.11447472158603,
                    40.14937839227596
                ]
            },
            "properties": {
                "id": "19",
                "storm_start_date": "2021-03-13T00:00:00Z",
                "aorc:statistics": {
                    "min": 0.63,
                    "mean": 2.83,
                    "max": 6.11,
                    "units": "inches"
                }
            }
        },
        {
            "type": "Feature",
            "geometry": {
                "type": "Point",
                "coordinates": [
                    -104.51437872158404,
                    45.61582639227584
                ]
            },
            "properties": {
                "id": "198",
                "storm_start_date": "1999-08-10T00:00:00Z",
                "aorc:statistics": {
                    "min": 0.03,
                    "mean": 1.57,
                    "max": 4.11,
                    "units": "inches"
                }
            }
        },
        {
            "type": "Feature",
            "geometry": {
                "type": "Point",
                "coordinates": [
                    -104.11439472158423,
                    41.88264239227586
                ]
            },
            "properties": {
                "id": "83",
                "storm_start_date": "2018-05-17T00:00:00Z",
                "aorc:statistics": {
                    "min": 0.0,
                    "mean": 2.03,
                    "max": 6.62,
                    "units": "inches"
                }
            }
        },
        {
            "type": "Feature",
            "geometry": {
                "type": "Point",
                "coordinates": [
                    -109.18085872158002,
                    45.88248239227589
                ]
            },
            "properties": {
                "id": "202",
                "storm_start_date": "2019-09-20T00:00:00Z",
                "aorc:statistics": {
                    "min": 0.37,
                    "mean": 1.56,
                    "max": 4.56,
                    "units": "inches"
                }
            }
        },
        {
            "type": "Feature",
            "geometry": {
                "type": "Point",
                "coordinates": [
                    -102.64778672158558,
                    44.682530392275915
                ]
            },
            "properties": {
                "id": "191",
                "storm_start_date": "1995-06-20T00:00:00Z",
                "aorc:statistics": {
                    "min": 0.21,
                    "mean": 1.58,
                    "max": 4.07,
                    "units": "inches"
                }
            }
        },
        {
            "type": "Feature",
            "geometry": {
                "type": "Point",
                "coordinates": [
                    -106.91428272158225,
                    46.54912239227595
                ]
            },
            "properties": {
                "id": "45",
                "storm_start_date": "1993-07-02T00:00:00Z",
                "aorc:statistics": {
                    "min": 1.08,
                    "mean": 2.36,
                    "max": 4.21,
                    "units": "inches"
                }
            }
        },
        {
            "type": "Feature",
            "geometry": {
                "type": "Point",
                "coordinates": [
                    -106.64762672158241,
                    46.28246639227585
                ]
            },
            "properties": {
                "id": "52",
                "storm_start_date": "2019-09-10T00:00:00Z",
                "aorc:statistics": {
                    "min": 0.44,
                    "mean": 2.31,
                    "max": 4.19,
                    "units": "inches"
                }
            }
        },
        {
            "type": "Feature",
            "geometry": {
                "type": "Point",
                "coordinates": [
                    -112.38073072157793,
                    47.749074392275844
                ]
            },
            "properties": {
                "id": "363",
                "storm_start_date": "1990-11-23T00:00:00Z",
                "aorc:statistics": {
                    "min": 0.0,
                    "mean": 1.24,
                    "max": 19.34,
                    "units": "inches"
                }
            }
        },
        {
            "type": "Feature",
            "geometry": {
                "type": "Point",
                "coordinates": [
                    -111.5807627215782,
                    46.01581039227596
                ]
            },
            "properties": {
                "id": "315",
                "storm_start_date": "2003-04-01T00:00:00Z",
                "aorc:statistics": {
                    "min": 0.0,
                    "mean": 1.3,
                    "max": 4.35,
                    "units": "inches"
                }
            }
        },
        {
            "type": "Feature",
            "geometry": {
                "type": "Point",
                "coordinates": [
                    -110.51413872157914,
                    45.88248239227589
                ]
            },
            "properties": {
                "id": "450",
                "storm_start_date": "1998-12-03T00:00:00Z",
                "aorc:statistics": {
                    "min": 0.0,
                    "mean": 1.13,
                    "max": 12.18,
                    "units": "inches"
                }
            }
        },
        {
            "type": "Feature",
            "geometry": {
                "type": "Point",
                "coordinates": [
                    -109.58084272157994,
                    46.1491383922759
                ]
            },
            "properties": {
                "id": "56",
                "storm_start_date": "1988-05-06T00:00:00Z",
                "aorc:statistics": {
                    "min": 0.17,
                    "mean": 2.26,
                    "max": 8.72,
                    "units": "inches"
                }
            }
        },
        {
            "type": "Feature",
            "geometry": {
                "type": "Point",
                "coordinates": [
                    -108.38089072158081,
                    45.74915439227594
                ]
            },
            "properties": {
                "id": "66",
                "storm_start_date": "1987-05-25T00:00:00Z",
                "aorc:statistics": {
                    "min": 0.51,
                    "mean": 2.13,
                    "max": 7.19,
                    "units": "inches"
                }
            }
        },
        {
            "type": "Feature",
            "geometry": {
                "type": "Point",
                "coordinates": [
                    -102.11447472158603,
                    40.14937839227596
                ]
            },
            "properties": {
                "id": "381",
                "storm_start_date": "1991-05-02T00:00:00Z",
                "aorc:statistics": {
                    "min": 0.26,
                    "mean": 1.21,
                    "max": 2.51,
                    "units": "inches"
                }
            }
        },
        {
            "type": "Feature",
            "geometry": {
                "type": "Point",
                "coordinates": [
                    -112.38073072157793,
                    47.749074392275844
                ]
            },
            "properties": {
                "id": "156",
                "storm_start_date": "1986-02-15T00:00:00Z",
                "aorc:statistics": {
                    "min": 0.05,
                    "mean": 1.68,
                    "max": 18.55,
                    "units": "inches"
                }
            }
        },
        {
            "type": "Feature",
            "geometry": {
                "type": "Point",
                "coordinates": [
                    -112.38073072157793,
                    47.749074392275844
                ]
            },
            "properties": {
                "id": "63",
                "storm_start_date": "1989-08-23T00:00:00Z",
                "aorc:statistics": {
                    "min": 0.5,
                    "mean": 2.19,
                    "max": 6.67,
                    "units": "inches"
                }
            }
        },
        {
            "type": "Feature",
            "geometry": {
                "type": "Point",
                "coordinates": [
                    -102.11447472158603,
                    40.14937839227596
                ]
            },
            "properties": {
                "id": "122",
                "storm_start_date": "1984-04-19T00:00:00Z",
                "aorc:statistics": {
                    "min": 0.55,
                    "mean": 1.82,
                    "max": 3.5,
                    "units": "inches"
                }
            }
        },
        {
            "type": "Feature",
            "geometry": {
                "type": "Point",
                "coordinates": [
                    -104.38105072158429,
                    39.61606639227587
                ]
            },
            "properties": {
                "id": "135",
                "storm_start_date": "2008-08-15T00:00:00Z",
                "aorc:statistics": {
                    "min": 0.0,
                    "mean": 1.75,
                    "max": 4.68,
                    "units": "inches"
                }
            }
        },
        {
            "type": "Feature",
            "geometry": {
                "type": "Point",
                "coordinates": [
                    -111.44743472157863,
                    47.61574639227584
                ]
            },
            "properties": {
                "id": "292",
                "storm_start_date": "2016-05-19T00:00:00Z",
                "aorc:statistics": {
                    "min": 0.3,
                    "mean": 1.35,
                    "max": 2.61,
                    "units": "inches"
                }
            }
        },
        {
            "type": "Feature",
            "geometry": {
                "type": "Point",
                "coordinates": [
                    -104.51437872158404,
                    40.94934639227576
                ]
            },
            "properties": {
                "id": "28",
                "storm_start_date": "2017-05-17T00:00:00Z",
                "aorc:statistics": {
                    "min": 0.71,
                    "mean": 2.61,
                    "max": 5.11,
                    "units": "inches"
                }
            }
        },
        {
            "type": "Feature",
            "geometry": {
                "type": "Point",
                "coordinates": [
                    -104.38105072158429,
                    40.68269039227589
                ]
            },
            "properties": {
                "id": "296",
                "storm_start_date": "2006-12-20T00:00:00Z",
                "aorc:statistics": {
                    "min": 0.0,
                    "mean": 1.35,
                    "max": 9.12,
                    "units": "inches"
                }
            }
        },
        {
            "type": "Feature",
            "geometry": {
                "type": "Point",
                "coordinates": [
                    -102.11447472158603,
                    40.14937839227596
                ]
            },
            "properties": {
                "id": "175",
                "storm_start_date": "1980-03-27T00:00:00Z",
                "aorc:statistics": {
                    "min": 0.27,
                    "mean": 1.62,
                    "max": 4.6,
                    "units": "inches"
                }
            }
        },
        {
            "type": "Feature",
            "geometry": {
                "type": "Point",
                "coordinates": [
                    -103.44775472158486,
                    39.21608239227584
                ]
            },
            "properties": {
                "id": "255",
                "storm_start_date": "1980-05-14T00:00:00Z",
                "aorc:statistics": {
                    "min": 0.71,
                    "mean": 1.45,
                    "max": 6.75,
                    "units": "inches"
                }
            }
        },
        {
            "type": "Feature",
            "geometry": {
                "type": "Point",
                "coordinates": [
                    -104.91436272158388,
                    41.21600239227585
                ]
            },
            "properties": {
                "id": "398",
                "storm_start_date": "2003-04-22T00:00:00Z",
                "aorc:statistics": {
                    "min": 0.0,
                    "mean": 1.19,
                    "max": 5.81,
                    "units": "inches"
                }
            }
        },
        {
            "type": "Feature",
            "geometry": {
                "type": "Point",
                "coordinates": [
                    -110.380810721579,
                    45.88248239227589
                ]
            },
            "properties": {
                "id": "442",
                "storm_start_date": "2015-11-02T00:00:00Z",
                "aorc:statistics": {
                    "min": 0.07,
                    "mean": 1.14,
                    "max": 11.74,
                    "units": "inches"
                }
            }
        },
        {
            "type": "Feature",
            "geometry": {
                "type": "Point",
                "coordinates": [
                    -104.38105072158429,
                    44.01589039227589
                ]
            },
            "properties": {
                "id": "417",
                "storm_start_date": "2018-07-16T00:00:00Z",
                "aorc:statistics": {
                    "min": 0.09,
                    "mean": 1.16,
                    "max": 3.82,
                    "units": "inches"
                }
            }
        },
        {
            "type": "Feature",
            "geometry": {
                "type": "Point",
                "coordinates": [
                    -107.71425072158144,
                    47.749074392275844
                ]
            },
            "properties": {
                "id": "374",
                "storm_start_date": "2025-07-27T00:00:00Z",
                "aorc:statistics": {
                    "min": 0.08,
                    "mean": 1.22,
                    "max": 3.95,
                    "units": "inches"
                }
            }
        },
        {
            "type": "Feature",
            "geometry": {
                "type": "Point",
                "coordinates": [
                    -111.98074672157793,
                    47.08243439227588
                ]
            },
            "properties": {
                "id": "84",
                "storm_start_date": "2020-06-06T00:00:00Z",
                "aorc:statistics": {
                    "min": 0.7,
                    "mean": 2.03,
                    "max": 4.03,
                    "units": "inches"
                }
            }
        },
        {
            "type": "Feature",
            "geometry": {
                "type": "Point",
                "coordinates": [
                    -102.64778672158558,
                    44.949186392275834
                ]
            },
            "properties": {
                "id": "354",
                "storm_start_date": "2025-08-29T00:00:00Z",
                "aorc:statistics": {
                    "min": 0.0,
                    "mean": 1.25,
                    "max": 6.37,
                    "units": "inches"
                }
            }
        },
        {
            "type": "Feature",
            "geometry": {
                "type": "Point",
                "coordinates": [
                    -108.64754672158067,
                    47.749074392275844
                ]
            },
            "properties": {
                "id": "317",
                "storm_start_date": "2019-06-27T00:00:00Z",
                "aorc:statistics": {
                    "min": 0.0,
                    "mean": 1.3,
                    "max": 4.61,
                    "units": "inches"
                }
            }
        },
        {
            "type": "Feature",
            "geometry": {
                "type": "Point",
                "coordinates": [
                    -102.78111472158557,
                    45.2158423922759
                ]
            },
            "properties": {
                "id": "411",
                "storm_start_date": "2008-11-05T00:00:00Z",
                "aorc:statistics": {
                    "min": 0.15,
                    "mean": 1.17,
                    "max": 3.21,
                    "units": "inches"
                }
            }
        },
        {
            "type": "Feature",
            "geometry": {
                "type": "Point",
                "coordinates": [
                    -103.31442672158492,
                    45.08251439227579
                ]
            },
            "properties": {
                "id": "60",
                "storm_start_date": "2008-04-30T00:00:00Z",
                "aorc:statistics": {
                    "min": 0.29,
                    "mean": 2.21,
                    "max": 4.99,
                    "units": "inches"
                }
            }
        },
        {
            "type": "Feature",
            "geometry": {
                "type": "Point",
                "coordinates": [
                    -107.31426672158165,
                    46.81577839227594
                ]
            },
            "properties": {
                "id": "169",
                "storm_start_date": "1993-07-25T00:00:00Z",
                "aorc:statistics": {
                    "min": 0.31,
                    "mean": 1.64,
                    "max": 2.63,
                    "units": "inches"
                }
            }
        },
        {
            "type": "Feature",
            "geometry": {
                "type": "Point",
                "coordinates": [
                    -112.24740272157811,
                    47.3490903922758
                ]
            },
            "properties": {
                "id": "239",
                "storm_start_date": "2006-05-26T00:00:00Z",
                "aorc:statistics": {
                    "min": 0.06,
                    "mean": 1.49,
                    "max": 3.88,
                    "units": "inches"
                }
            }
        },
        {
            "type": "Feature",
            "geometry": {
                "type": "Point",
                "coordinates": [
                    -103.18109872158539,
                    44.415874392275796
                ]
            },
            "properties": {
                "id": "62",
                "storm_start_date": "2018-06-18T00:00:00Z",
                "aorc:statistics": {
                    "min": 0.0,
                    "mean": 2.19,
                    "max": 5.52,
                    "units": "inches"
                }
            }
        },
        {
            "type": "Feature",
            "geometry": {
                "type": "Point",
                "coordinates": [
                    -103.71441072158483,
                    40.28270639227586
                ]
            },
            "properties": {
                "id": "21",
                "storm_start_date": "1988-05-18T00:00:00Z",
                "aorc:statistics": {
                    "min": 0.79,
                    "mean": 2.82,
                    "max": 4.27,
                    "units": "inches"
                }
            }
        },
        {
            "type": "Feature",
            "geometry": {
                "type": "Point",
                "coordinates": [
                    -104.11439472158423,
                    38.68277039227588
                ]
            },
            "properties": {
                "id": "218",
                "storm_start_date": "1980-04-23T00:00:00Z",
                "aorc:statistics": {
                    "min": 0.0,
                    "mean": 1.54,
                    "max": 11.69,
                    "units": "inches"
                }
            }
        },
        {
            "type": "Feature",
            "geometry": {
                "type": "Point",
                "coordinates": [
                    -105.58100272158319,
                    45.61582639227584
                ]
            },
            "properties": {
                "id": "303",
                "storm_start_date": "1994-04-24T00:00:00Z",
                "aorc:statistics": {
                    "min": 0.2,
                    "mean": 1.33,
                    "max": 3.21,
                    "units": "inches"
                }
            }
        },
        {
            "type": "Feature",
            "geometry": {
                "type": "Point",
                "coordinates": [
                    -112.38073072157793,
                    46.81577839227594
                ]
            },
            "properties": {
                "id": "141",
                "storm_start_date": "2012-01-18T00:00:00Z",
                "aorc:statistics": {
                    "min": 0.0,
                    "mean": 1.73,
                    "max": 15.26,
                    "units": "inches"
                }
            }
        },
        {
            "type": "Feature",
            "geometry": {
                "type": "Point",
                "coordinates": [
                    -105.18101872158365,
                    43.349250392275955
                ]
            },
            "properties": {
                "id": "304",
                "storm_start_date": "2003-06-15T00:00:00Z",
                "aorc:statistics": {
                    "min": 0.0,
                    "mean": 1.33,
                    "max": 3.44,
                    "units": "inches"
                }
            }
        },
        {
            "type": "Feature",
            "geometry": {
                "type": "Point",
                "coordinates": [
                    -102.91444272158523,
                    45.349170392275816
                ]
            },
            "properties": {
                "id": "72",
                "storm_start_date": "2025-05-18T00:00:00Z",
                "aorc:statistics": {
                    "min": 0.89,
                    "mean": 2.1,
                    "max": 3.49,
                    "units": "inches"
                }
            }
        },
        {
            "type": "Feature",
            "geometry": {
                "type": "Point",
                "coordinates": [
                    -109.31418672158016,
                    45.61582639227584
                ]
            },
            "properties": {
                "id": "387",
                "storm_start_date": "2017-11-01T00:00:00Z",
                "aorc:statistics": {
                    "min": 0.27,
                    "mean": 1.2,
                    "max": 4.64,
                    "units": "inches"
                }
            }
        },
        {
            "type": "Feature",
            "geometry": {
                "type": "Point",
                "coordinates": [
                    -104.38105072158429,
                    40.68269039227589
                ]
            },
            "properties": {
                "id": "110",
                "storm_start_date": "2010-06-11T00:00:00Z",
                "aorc:statistics": {
                    "min": 0.52,
                    "mean": 1.88,
                    "max": 5.58,
                    "units": "inches"
                }
            }
        },
        {
            "type": "Feature",
            "geometry": {
                "type": "Point",
                "coordinates": [
                    -108.11423472158116,
                    45.88248239227589
                ]
            },
            "properties": {
                "id": "178",
                "storm_start_date": "1995-05-11T00:00:00Z",
                "aorc:statistics": {
                    "min": 0.21,
                    "mean": 1.62,
                    "max": 4.0,
                    "units": "inches"
                }
            }
        },
        {
            "type": "Feature",
            "geometry": {
                "type": "Point",
                "coordinates": [
                    -103.71441072158483,
                    38.68277039227588
                ]
            },
            "properties": {
                "id": "287",
                "storm_start_date": "2017-07-29T00:00:00Z",
                "aorc:statistics": {
                    "min": 0.0,
                    "mean": 1.37,
                    "max": 6.02,
                    "units": "inches"
                }
            }
        },
        {
            "type": "Feature",
            "geometry": {
                "type": "Point",
                "coordinates": [
                    -104.38105072158429,
                    40.68269039227589
                ]
            },
            "properties": {
                "id": "91",
                "storm_start_date": "2010-04-22T00:00:00Z",
                "aorc:statistics": {
                    "min": 0.2,
                    "mean": 1.96,
                    "max": 5.2,
                    "units": "inches"
                }
            }
        },
        {
            "type": "Feature",
            "geometry": {
                "type": "Point",
                "coordinates": [
                    -106.91428272158225,
                    46.54912239227595
                ]
            },
            "properties": {
                "id": "65",
                "storm_start_date": "2011-05-08T00:00:00Z",
                "aorc:statistics": {
                    "min": 0.57,
                    "mean": 2.15,
                    "max": 3.52,
                    "units": "inches"
                }
            }
        },
        {
            "type": "Feature",
            "geometry": {
                "type": "Point",
                "coordinates": [
                    -104.24772272158437,
                    40.28270639227586
                ]
            },
            "properties": {
                "id": "390",
                "storm_start_date": "1989-07-28T00:00:00Z",
                "aorc:statistics": {
                    "min": 0.0,
                    "mean": 1.2,
                    "max": 4.11,
                    "units": "inches"
                }
            }
        },
        {
            "type": "Feature",
            "geometry": {
                "type": "Point",
                "coordinates": [
                    -109.18085872158022,
                    47.08243439227588
                ]
            },
            "properties": {
                "id": "234",
                "storm_start_date": "2015-05-15T00:00:00Z",
                "aorc:statistics": {
                    "min": 0.27,
                    "mean": 1.51,
                    "max": 4.4,
                    "units": "inches"
                }
            }
        },
        {
            "type": "Feature",
            "geometry": {
                "type": "Point",
                "coordinates": [
                    -102.11447472158603,
                    40.14937839227596
                ]
            },
            "properties": {
                "id": "274",
                "storm_start_date": "2023-01-16T00:00:00Z",
                "aorc:statistics": {
                    "min": 0.07,
                    "mean": 1.4,
                    "max": 19.06,
                    "units": "inches"
                }
            }
        },
        {
            "type": "Feature",
            "geometry": {
                "type": "Point",
                "coordinates": [
                    -112.38073072157793,
                    47.749074392275844
                ]
            },
            "properties": {
                "id": "413",
                "storm_start_date": "1986-09-07T00:00:00Z",
                "aorc:statistics": {
                    "min": 0.2,
                    "mean": 1.17,
                    "max": 4.68,
                    "units": "inches"
                }
            }
        },
        {
            "type": "Feature",
            "geometry": {
                "type": "Point",
                "coordinates": [
                    -103.18109872158539,
                    45.48249839227585
                ]
            },
            "properties": {
                "id": "203",
                "storm_start_date": "1993-06-27T00:00:00Z",
                "aorc:statistics": {
                    "min": 0.12,
                    "mean": 1.56,
                    "max": 2.88,
                    "units": "inches"
                }
            }
        },
        {
            "type": "Feature",
            "geometry": {
                "type": "Point",
                "coordinates": [
                    -102.78111472158557,
                    45.2158423922759
                ]
            },
            "properties": {
                "id": "233",
                "storm_start_date": "2014-06-26T00:00:00Z",
                "aorc:statistics": {
                    "min": 0.28,
                    "mean": 1.51,
                    "max": 4.56,
                    "units": "inches"
                }
            }
        },
        {
            "type": "Feature",
            "geometry": {
                "type": "Point",
                "coordinates": [
                    -110.24748272157947,
                    47.749074392275844
                ]
            },
            "properties": {
                "id": "244",
                "storm_start_date": "1998-06-25T00:00:00Z",
                "aorc:statistics": {
                    "min": 0.24,
                    "mean": 1.48,
                    "max": 6.11,
                    "units": "inches"
                }
            }
        },
        {
            "type": "Feature",
            "geometry": {
                "type": "Point",
                "coordinates": [
                    -102.64778672158558,
                    44.682530392275915
                ]
            },
            "properties": {
                "id": "447",
                "storm_start_date": "1985-03-02T00:00:00Z",
                "aorc:statistics": {
                    "min": 0.32,
                    "mean": 1.13,
                    "max": 3.04,
                    "units": "inches"
                }
            }
        },
        {
            "type": "Feature",
            "geometry": {
                "type": "Point",
                "coordinates": [
                    -104.64770672158369,
                    40.816018392275815
                ]
            },
            "properties": {
                "id": "86",
                "storm_start_date": "1990-03-05T00:00:00Z",
                "aorc:statistics": {
                    "min": 0.34,
                    "mean": 2.0,
                    "max": 8.35,
                    "units": "inches"
                }
            }
        },
        {
            "type": "Feature",
            "geometry": {
                "type": "Point",
                "coordinates": [
                    -105.84765872158304,
                    45.74915439227594
                ]
            },
            "properties": {
                "id": "75",
                "storm_start_date": "2010-05-24T00:00:00Z",
                "aorc:statistics": {
                    "min": 0.27,
                    "mean": 2.08,
                    "max": 3.65,
                    "units": "inches"
                }
            }
        },
        {
            "type": "Feature",
            "geometry": {
                "type": "Point",
                "coordinates": [
                    -103.71441072158483,
                    38.68277039227588
                ]
            },
            "properties": {
                "id": "136",
                "storm_start_date": "2004-04-22T00:00:00Z",
                "aorc:statistics": {
                    "min": 0.04,
                    "mean": 1.75,
                    "max": 6.84,
                    "units": "inches"
                }
            }
        },
        {
            "type": "Feature",
            "geometry": {
                "type": "Point",
                "coordinates": [
                    -102.51445872158573,
                    39.34941039227584
                ]
            },
            "properties": {
                "id": "58",
                "storm_start_date": "2005-10-09T00:00:00Z",
                "aorc:statistics": {
                    "min": 0.55,
                    "mean": 2.25,
                    "max": 4.01,
                    "units": "inches"
                }
            }
        },
        {
            "type": "Feature",
            "geometry": {
                "type": "Point",
                "coordinates": [
                    -112.2474027215781,
                    47.21576239227584
                ]
            },
            "properties": {
                "id": "149",
                "storm_start_date": "2020-10-17T00:00:00Z",
                "aorc:statistics": {
                    "min": 0.2,
                    "mean": 1.7,
                    "max": 6.13,
                    "units": "inches"
                }
            }
        },
        {
            "type": "Feature",
            "geometry": {
                "type": "Point",
                "coordinates": [
                    -107.71425072158144,
                    47.749074392275844
                ]
            },
            "properties": {
                "id": "115",
                "storm_start_date": "2019-06-20T00:00:00Z",
                "aorc:statistics": {
                    "min": 0.46,
                    "mean": 1.85,
                    "max": 4.52,
                    "units": "inches"
                }
            }
        },
        {
            "type": "Feature",
            "geometry": {
                "type": "Point",
                "coordinates": [
                    -103.84773872158449,
                    42.68261039227583
                ]
            },
            "properties": {
                "id": "359",
                "storm_start_date": "1997-06-01T00:00:00Z",
                "aorc:statistics": {
                    "min": 0.18,
                    "mean": 1.25,
                    "max": 4.21,
                    "units": "inches"
                }
            }
        },
        {
            "type": "Feature",
            "geometry": {
                "type": "Point",
                "coordinates": [
                    -102.78111472158557,
                    45.2158423922759
                ]
            },
            "properties": {
                "id": "439",
                "storm_start_date": "1984-06-14T00:00:00Z",
                "aorc:statistics": {
                    "min": 0.1,
                    "mean": 1.14,
                    "max": 2.56,
                    "units": "inches"
                }
            }
        },
        {
            "type": "Feature",
            "geometry": {
                "type": "Point",
                "coordinates": [
                    -103.84773872158449,
                    38.68277039227588
                ]
            },
            "properties": {
                "id": "289",
                "storm_start_date": "1980-04-29T00:00:00Z",
                "aorc:statistics": {
                    "min": 0.07,
                    "mean": 1.36,
                    "max": 4.42,
                    "units": "inches"
                }
            }
        },
        {
            "type": "Feature",
            "geometry": {
                "type": "Point",
                "coordinates": [
                    -112.38073072157793,
                    47.749074392275844
                ]
            },
            "properties": {
                "id": "358",
                "storm_start_date": "1999-11-24T00:00:00Z",
                "aorc:statistics": {
                    "min": 0.06,
                    "mean": 1.25,
                    "max": 8.45,
                    "units": "inches"
                }
            }
        },
        {
            "type": "Feature",
            "geometry": {
                "type": "Point",
                "coordinates": [
                    -102.64778672158558,
                    44.949186392275834
                ]
            },
            "properties": {
                "id": "53",
                "storm_start_date": "2008-06-04T00:00:00Z",
                "aorc:statistics": {
                    "min": 0.06,
                    "mean": 2.29,
                    "max": 5.33,
                    "units": "inches"
                }
            }
        },
        {
            "type": "Feature",
            "geometry": {
                "type": "Point",
                "coordinates": [
                    -102.11447472158603,
                    40.14937839227596
                ]
            },
            "properties": {
                "id": "314",
                "storm_start_date": "2011-06-18T00:00:00Z",
                "aorc:statistics": {
                    "min": 0.06,
                    "mean": 1.3,
                    "max": 4.93,
                    "units": "inches"
                }
            }
        },
        {
            "type": "Feature",
            "geometry": {
                "type": "Point",
                "coordinates": [
                    -106.64762672158241,
                    44.14921839227587
                ]
            },
            "properties": {
                "id": "182",
                "storm_start_date": "2017-04-25T00:00:00Z",
                "aorc:statistics": {
                    "min": 0.43,
                    "mean": 1.6,
                    "max": 3.9,
                    "units": "inches"
                }
            }
        },
        {
            "type": "Feature",
            "geometry": {
                "type": "Point",
                "coordinates": [
                    -109.31418672158016,
                    45.61582639227584
                ]
            },
            "properties": {
                "id": "386",
                "storm_start_date": "2016-12-14T00:00:00Z",
                "aorc:statistics": {
                    "min": 0.21,
                    "mean": 1.2,
                    "max": 3.56,
                    "units": "inches"
                }
            }
        },
        {
            "type": "Feature",
            "geometry": {
                "type": "Point",
                "coordinates": [
                    -108.38089072158081,
                    46.01581039227596
                ]
            },
            "properties": {
                "id": "385",
                "storm_start_date": "2019-05-15T00:00:00Z",
                "aorc:statistics": {
                    "min": 0.26,
                    "mean": 1.2,
                    "max": 3.29,
                    "units": "inches"
                }
            }
        },
        {
            "type": "Feature",
            "geometry": {
                "type": "Point",
                "coordinates": [
                    -102.11447472158603,
                    39.8827223922759
                ]
            },
            "properties": {
                "id": "281",
                "storm_start_date": "2018-10-08T00:00:00Z",
                "aorc:statistics": {
                    "min": 0.35,
                    "mean": 1.39,
                    "max": 4.04,
                    "units": "inches"
                }
            }
        },
        {
            "type": "Feature",
            "geometry": {
                "type": "Point",
                "coordinates": [
                    -112.38073072157793,
                    46.28246639227585
                ]
            },
            "properties": {
                "id": "143",
                "storm_start_date": "2020-06-16T00:00:00Z",
                "aorc:statistics": {
                    "min": 0.17,
                    "mean": 1.72,
                    "max": 3.87,
                    "units": "inches"
                }
            }
        },
        {
            "type": "Feature",
            "geometry": {
                "type": "Point",
                "coordinates": [
                    -104.78103472158358,
                    45.61582639227584
                ]
            },
            "properties": {
                "id": "301",
                "storm_start_date": "1980-08-14T00:00:00Z",
                "aorc:statistics": {
                    "min": 0.24,
                    "mean": 1.34,
                    "max": 3.62,
                    "units": "inches"
                }
            }
        },
        {
            "type": "Feature",
            "geometry": {
                "type": "Point",
                "coordinates": [
                    -109.98082672157972,
                    45.88248239227589
                ]
            },
            "properties": {
                "id": "341",
                "storm_start_date": "1994-12-02T00:00:00Z",
                "aorc:statistics": {
                    "min": 0.01,
                    "mean": 1.27,
                    "max": 12.4,
                    "units": "inches"
                }
            }
        },
        {
            "type": "Feature",
            "geometry": {
                "type": "Point",
                "coordinates": [
                    -104.91436272158388,
                    42.282626392275844
                ]
            },
            "properties": {
                "id": "123",
                "storm_start_date": "1989-09-08T00:00:00Z",
                "aorc:statistics": {
                    "min": 0.83,
                    "mean": 1.82,
                    "max": 3.87,
                    "units": "inches"
                }
            }
        },
        {
            "type": "Feature",
            "geometry": {
                "type": "Point",
                "coordinates": [
                    -104.51437872158404,
                    41.34933039227584
                ]
            },
            "properties": {
                "id": "352",
                "storm_start_date": "2020-05-02T00:00:00Z",
                "aorc:statistics": {
                    "min": 0.0,
                    "mean": 1.25,
                    "max": 3.63,
                    "units": "inches"
                }
            }
        },
        {
            "type": "Feature",
            "geometry": {
                "type": "Point",
                "coordinates": [
                    -102.51445872158573,
                    39.34941039227584
                ]
            },
            "properties": {
                "id": "423",
                "storm_start_date": "1989-05-15T00:00:00Z",
                "aorc:statistics": {
                    "min": 0.02,
                    "mean": 1.16,
                    "max": 3.07,
                    "units": "inches"
                }
            }
        },
        {
            "type": "Feature",
            "geometry": {
                "type": "Point",
                "coordinates": [
                    -102.78111472158545,
                    45.08251439227579
                ]
            },
            "properties": {
                "id": "98",
                "storm_start_date": "2025-04-28T00:00:00Z",
                "aorc:statistics": {
                    "min": 0.48,
                    "mean": 1.92,
                    "max": 5.16,
                    "units": "inches"
                }
            }
        },
        {
            "type": "Feature",
            "geometry": {
                "type": "Point",
                "coordinates": [
                    -102.11447472158603,
                    40.14937839227596
                ]
            },
            "properties": {
                "id": "443",
                "storm_start_date": "1986-05-14T00:00:00Z",
                "aorc:statistics": {
                    "min": 0.0,
                    "mean": 1.14,
                    "max": 2.52,
                    "units": "inches"
                }
            }
        },
        {
            "type": "Feature",
            "geometry": {
                "type": "Point",
                "coordinates": [
                    -102.381130721586,
                    40.14937839227596
                ]
            },
            "properties": {
                "id": "82",
                "storm_start_date": "1987-05-02T00:00:00Z",
                "aorc:statistics": {
                    "min": 0.48,
                    "mean": 2.03,
                    "max": 3.42,
                    "units": "inches"
                }
            }
        },
        {
            "type": "Feature",
            "geometry": {
                "type": "Point",
                "coordinates": [
                    -104.38105072158429,
                    40.549362392275874
                ]
            },
            "properties": {
                "id": "153",
                "storm_start_date": "1983-03-04T00:00:00Z",
                "aorc:statistics": {
                    "min": 0.15,
                    "mean": 1.68,
                    "max": 5.28,
                    "units": "inches"
                }
            }
        },
        {
            "type": "Feature",
            "geometry": {
                "type": "Point",
                "coordinates": [
                    -104.24772272158437,
                    44.949186392275834
                ]
            },
            "properties": {
                "id": "424",
                "storm_start_date": "1998-08-02T00:00:00Z",
                "aorc:statistics": {
                    "min": 0.24,
                    "mean": 1.15,
                    "max": 2.63,
                    "units": "inches"
                }
            }
        },
        {
            "type": "Feature",
            "geometry": {
                "type": "Point",
                "coordinates": [
                    -102.78111472158557,
                    45.2158423922759
                ]
            },
            "properties": {
                "id": "22",
                "storm_start_date": "2021-10-12T00:00:00Z",
                "aorc:statistics": {
                    "min": 1.08,
                    "mean": 2.74,
                    "max": 4.19,
                    "units": "inches"
                }
            }
        },
        {
            "type": "Feature",
            "geometry": {
                "type": "Point",
                "coordinates": [
                    -110.24748272157947,
                    47.749074392275844
                ]
            },
            "properties": {
                "id": "57",
                "storm_start_date": "1983-07-08T00:00:00Z",
                "aorc:statistics": {
                    "min": 0.73,
                    "mean": 2.26,
                    "max": 5.19,
                    "units": "inches"
                }
            }
        },
        {
            "type": "Feature",
            "geometry": {
                "type": "Point",
                "coordinates": [
                    -110.38081072157917,
                    47.749074392275844
                ]
            },
            "properties": {
                "id": "418",
                "storm_start_date": "2017-10-01T00:00:00Z",
                "aorc:statistics": {
                    "min": 0.15,
                    "mean": 1.16,
                    "max": 3.63,
                    "units": "inches"
                }
            }
        },
        {
            "type": "Feature",
            "geometry": {
                "type": "Point",
                "coordinates": [
                    -111.84741872157817,
                    46.01581039227596
                ]
            },
            "properties": {
                "id": "261",
                "storm_start_date": "2006-10-05T00:00:00Z",
                "aorc:statistics": {
                    "min": 0.0,
                    "mean": 1.43,
                    "max": 7.17,
                    "units": "inches"
                }
            }
        },
        {
            "type": "Feature",
            "geometry": {
                "type": "Point",
                "coordinates": [
                    -106.38097072158268,
                    44.682530392275915
                ]
            },
            "properties": {
                "id": "41",
                "storm_start_date": "2005-05-10T00:00:00Z",
                "aorc:statistics": {
                    "min": 0.35,
                    "mean": 2.41,
                    "max": 8.41,
                    "units": "inches"
                }
            }
        },
        {
            "type": "Feature",
            "geometry": {
                "type": "Point",
                "coordinates": [
                    -102.11447472158603,
                    40.14937839227596
                ]
            },
            "properties": {
                "id": "272",
                "storm_start_date": "2009-09-22T00:00:00Z",
                "aorc:statistics": {
                    "min": 0.01,
                    "mean": 1.4,
                    "max": 3.32,
                    "units": "inches"
                }
            }
        },
        {
            "type": "Feature",
            "geometry": {
                "type": "Point",
                "coordinates": [
                    -104.24772272158437,
                    43.61590639227583
                ]
            },
            "properties": {
                "id": "397",
                "storm_start_date": "1991-05-26T00:00:00Z",
                "aorc:statistics": {
                    "min": 0.27,
                    "mean": 1.19,
                    "max": 2.42,
                    "units": "inches"
                }
            }
        },
        {
            "type": "Feature",
            "geometry": {
                "type": "Point",
                "coordinates": [
                    -102.11447472158603,
                    40.016050392275844
                ]
            },
            "properties": {
                "id": "185",
                "storm_start_date": "1981-04-19T00:00:00Z",
                "aorc:statistics": {
                    "min": 0.0,
                    "mean": 1.6,
                    "max": 4.07,
                    "units": "inches"
                }
            }
        },
        {
            "type": "Feature",
            "geometry": {
                "type": "Point",
                "coordinates": [
                    -104.38105072158429,
                    40.41603439227591
                ]
            },
            "properties": {
                "id": "48",
                "storm_start_date": "2009-04-16T00:00:00Z",
                "aorc:statistics": {
                    "min": 0.31,
                    "mean": 2.35,
                    "max": 7.6,
                    "units": "inches"
                }
            }
        },
        {
            "type": "Feature",
            "geometry": {
                "type": "Point",
                "coordinates": [
                    -102.64778672158558,
                    44.949186392275834
                ]
            },
            "properties": {
                "id": "89",
                "storm_start_date": "1996-09-17T00:00:00Z",
                "aorc:statistics": {
                    "min": 0.2,
                    "mean": 1.97,
                    "max": 5.58,
                    "units": "inches"
                }
            }
        },
        {
            "type": "Feature",
            "geometry": {
                "type": "Point",
                "coordinates": [
                    -104.24772272158437,
                    43.61590639227583
                ]
            },
            "properties": {
                "id": "126",
                "storm_start_date": "2018-05-28T00:00:00Z",
                "aorc:statistics": {
                    "min": 0.16,
                    "mean": 1.8,
                    "max": 5.54,
                    "units": "inches"
                }
            }
        },
        {
            "type": "Feature",
            "geometry": {
                "type": "Point",
                "coordinates": [
                    -112.38073072157793,
                    46.682450392275825
                ]
            },
            "properties": {
                "id": "42",
                "storm_start_date": "1981-05-20T00:00:00Z",
                "aorc:statistics": {
                    "min": 0.49,
                    "mean": 2.4,
                    "max": 6.19,
                    "units": "inches"
                }
            }
        },
        {
            "type": "Feature",
            "geometry": {
                "type": "Point",
                "coordinates": [
                    -102.11447472158603,
                    40.14937839227596
                ]
            },
            "properties": {
                "id": "316",
                "storm_start_date": "2022-05-02T00:00:00Z",
                "aorc:statistics": {
                    "min": 0.0,
                    "mean": 1.3,
                    "max": 2.61,
                    "units": "inches"
                }
            }
        },
        {
            "type": "Feature",
            "geometry": {
                "type": "Point",
                "coordinates": [
                    -111.18077872157853,
                    47.21576239227584
                ]
            },
            "properties": {
                "id": "221",
                "storm_start_date": "2018-05-09T00:00:00Z",
                "aorc:statistics": {
                    "min": 0.06,
                    "mean": 1.53,
                    "max": 3.65,
                    "units": "inches"
                }
            }
        },
        {
            "type": "Feature",
            "geometry": {
                "type": "Point",
                "coordinates": [
                    -111.31410672157848,
                    46.01581039227596
                ]
            },
            "properties": {
                "id": "163",
                "storm_start_date": "2015-09-15T00:00:00Z",
                "aorc:statistics": {
                    "min": 0.14,
                    "mean": 1.65,
                    "max": 7.22,
                    "units": "inches"
                }
            }
        },
        {
            "type": "Feature",
            "geometry": {
                "type": "Point",
                "coordinates": [
                    -106.11431472158287,
                    45.88248239227589
                ]
            },
            "properties": {
                "id": "269",
                "storm_start_date": "2019-07-07T00:00:00Z",
                "aorc:statistics": {
                    "min": 0.2,
                    "mean": 1.41,
                    "max": 4.2,
                    "units": "inches"
                }
            }
        },
        {
            "type": "Feature",
            "geometry": {
                "type": "Point",
                "coordinates": [
                    -109.18085872158014,
                    47.3490903922758
                ]
            },
            "properties": {
                "id": "350",
                "storm_start_date": "2015-06-02T00:00:00Z",
                "aorc:statistics": {
                    "min": 0.16,
                    "mean": 1.26,
                    "max": 5.35,
                    "units": "inches"
                }
            }
        },
        {
            "type": "Feature",
            "geometry": {
                "type": "Point",
                "coordinates": [
                    -106.78095472158225,
                    44.682530392275915
                ]
            },
            "properties": {
                "id": "39",
                "storm_start_date": "2016-09-22T00:00:00Z",
                "aorc:statistics": {
                    "min": 0.38,
                    "mean": 2.42,
                    "max": 4.6,
                    "units": "inches"
                }
            }
        },
        {
            "type": "Feature",
            "geometry": {
                "type": "Point",
                "coordinates": [
                    -109.9808267215797,
                    47.48241839227591
                ]
            },
            "properties": {
                "id": "410",
                "storm_start_date": "2010-04-28T00:00:00Z",
                "aorc:statistics": {
                    "min": 0.22,
                    "mean": 1.17,
                    "max": 5.59,
                    "units": "inches"
                }
            }
        },
        {
            "type": "Feature",
            "geometry": {
                "type": "Point",
                "coordinates": [
                    -103.84773872158449,
                    45.2158423922759
                ]
            },
            "properties": {
                "id": "395",
                "storm_start_date": "2017-04-18T00:00:00Z",
                "aorc:statistics": {
                    "min": 0.3,
                    "mean": 1.19,
                    "max": 2.33,
                    "units": "inches"
                }
            }
        },
        {
            "type": "Feature",
            "geometry": {
                "type": "Point",
                "coordinates": [
                    -106.11431472158277,
                    45.349170392275816
                ]
            },
            "properties": {
                "id": "312",
                "storm_start_date": "2009-10-04T00:00:00Z",
                "aorc:statistics": {
                    "min": 0.33,
                    "mean": 1.31,
                    "max": 4.17,
                    "units": "inches"
                }
            }
        },
        {
            "type": "Feature",
            "geometry": {
                "type": "Point",
                "coordinates": [
                    -107.31426672158165,
                    46.81577839227594
                ]
            },
            "properties": {
                "id": "187",
                "storm_start_date": "2023-05-25T00:00:00Z",
                "aorc:statistics": {
                    "min": 0.06,
                    "mean": 1.59,
                    "max": 5.54,
                    "units": "inches"
                }
            }
        },
        {
            "type": "Feature",
            "geometry": {
                "type": "Point",
                "coordinates": [
                    -104.514378721584,
                    45.08251439227579
                ]
            },
            "properties": {
                "id": "379",
                "storm_start_date": "2010-03-31T00:00:00Z",
                "aorc:statistics": {
                    "min": 0.15,
                    "mean": 1.22,
                    "max": 2.71,
                    "units": "inches"
                }
            }
        },
        {
            "type": "Feature",
            "geometry": {
                "type": "Point",
                "coordinates": [
                    -103.18109872158539,
                    45.48249839227585
                ]
            },
            "properties": {
                "id": "263",
                "storm_start_date": "2022-06-12T00:00:00Z",
                "aorc:statistics": {
                    "min": 0.33,
                    "mean": 1.43,
                    "max": 4.28,
                    "units": "inches"
                }
            }
        },
        {
            "type": "Feature",
            "geometry": {
                "type": "Point",
                "coordinates": [
                    -106.11431472158277,
                    45.2158423922759
                ]
            },
            "properties": {
                "id": "369",
                "storm_start_date": "1990-06-14T00:00:00Z",
                "aorc:statistics": {
                    "min": 0.13,
                    "mean": 1.23,
                    "max": 2.68,
                    "units": "inches"
                }
            }
        },
        {
            "type": "Feature",
            "geometry": {
                "type": "Point",
                "coordinates": [
                    -112.38073072157793,
                    47.749074392275844
                ]
            },
            "properties": {
                "id": "280",
                "storm_start_date": "2010-11-16T00:00:00Z",
                "aorc:statistics": {
                    "min": 0.01,
                    "mean": 1.39,
                    "max": 9.76,
                    "units": "inches"
                }
            }
        },
        {
            "type": "Feature",
            "geometry": {
                "type": "Point",
                "coordinates": [
                    -103.84773872158449,
                    42.94926639227591
                ]
            },
            "properties": {
                "id": "51",
                "storm_start_date": "2023-10-11T00:00:00Z",
                "aorc:statistics": {
                    "min": 0.52,
                    "mean": 2.34,
                    "max": 4.43,
                    "units": "inches"
                }
            }
        },
        {
            "type": "Feature",
            "geometry": {
                "type": "Point",
                "coordinates": [
                    -112.11407472157806,
                    47.48241839227591
                ]
            },
            "properties": {
                "id": "87",
                "storm_start_date": "2017-06-12T00:00:00Z",
                "aorc:statistics": {
                    "min": 0.42,
                    "mean": 1.99,
                    "max": 4.35,
                    "units": "inches"
                }
            }
        },
        {
            "type": "Feature",
            "geometry": {
                "type": "Point",
                "coordinates": [
                    -112.38073072157793,
                    47.749074392275844
                ]
            },
            "properties": {
                "id": "93",
                "storm_start_date": "2020-05-19T00:00:00Z",
                "aorc:statistics": {
                    "min": 0.73,
                    "mean": 1.95,
                    "max": 4.53,
                    "units": "inches"
                }
            }
        },
        {
            "type": "Feature",
            "geometry": {
                "type": "Point",
                "coordinates": [
                    -109.31418672158016,
                    47.08243439227588
                ]
            },
            "properties": {
                "id": "124",
                "storm_start_date": "2016-07-09T00:00:00Z",
                "aorc:statistics": {
                    "min": 0.4,
                    "mean": 1.81,
                    "max": 3.86,
                    "units": "inches"
                }
            }
        },
        {
            "type": "Feature",
            "geometry": {
                "type": "Point",
                "coordinates": [
                    -111.84741872157817,
                    46.01581039227596
                ]
            },
            "properties": {
                "id": "412",
                "storm_start_date": "1980-09-10T00:00:00Z",
                "aorc:statistics": {
                    "min": 0.08,
                    "mean": 1.17,
                    "max": 5.21,
                    "units": "inches"
                }
            }
        },
        {
            "type": "Feature",
            "geometry": {
                "type": "Point",
                "coordinates": [
                    -102.91444272158523,
                    45.349170392275816
                ]
            },
            "properties": {
                "id": "212",
                "storm_start_date": "2007-05-29T00:00:00Z",
                "aorc:statistics": {
                    "min": 0.33,
                    "mean": 1.55,
                    "max": 4.33,
                    "units": "inches"
                }
            }
        },
        {
            "type": "Feature",
            "geometry": {
                "type": "Point",
                "coordinates": [
                    -102.51445872158573,
                    39.34941039227584
                ]
            },
            "properties": {
                "id": "43",
                "storm_start_date": "2024-11-07T00:00:00Z",
                "aorc:statistics": {
                    "min": 1.19,
                    "mean": 2.38,
                    "max": 3.72,
                    "units": "inches"
                }
            }
        },
        {
            "type": "Feature",
            "geometry": {
                "type": "Point",
                "coordinates": [
                    -107.58092272158149,
                    45.2158423922759
                ]
            },
            "properties": {
                "id": "172",
                "storm_start_date": "2005-04-19T00:00:00Z",
                "aorc:statistics": {
                    "min": 0.33,
                    "mean": 1.63,
                    "max": 6.67,
                    "units": "inches"
                }
            }
        },
        {
            "type": "Feature",
            "geometry": {
                "type": "Point",
                "coordinates": [
                    -102.64778672158558,
                    44.682530392275915
                ]
            },
            "properties": {
                "id": "302",
                "storm_start_date": "2008-07-17T00:00:00Z",
                "aorc:statistics": {
                    "min": 0.09,
                    "mean": 1.34,
                    "max": 4.46,
                    "units": "inches"
                }
            }
        },
        {
            "type": "Feature",
            "geometry": {
                "type": "Point",
                "coordinates": [
                    -109.58084272157994,
                    47.749074392275844
                ]
            },
            "properties": {
                "id": "20",
                "storm_start_date": "1982-05-27T00:00:00Z",
                "aorc:statistics": {
                    "min": 0.63,
                    "mean": 2.82,
                    "max": 9.45,
                    "units": "inches"
                }
            }
        },
        {
            "type": "Feature",
            "geometry": {
                "type": "Point",
                "coordinates": [
                    -107.98090672158109,
                    47.749074392275844
                ]
            },
            "properties": {
                "id": "3",
                "storm_start_date": "2016-10-02T00:00:00Z",
                "aorc:statistics": {
                    "min": 1.25,
                    "mean": 3.62,
                    "max": 7.69,
                    "units": "inches"
                }
            }
        },
        {
            "type": "Feature",
            "geometry": {
                "type": "Point",
                "coordinates": [
                    -112.38073072157793,
                    47.749074392275844
                ]
            },
            "properties": {
                "id": "361",
                "storm_start_date": "2023-05-05T00:00:00Z",
                "aorc:statistics": {
                    "min": 0.04,
                    "mean": 1.24,
                    "max": 4.72,
                    "units": "inches"
                }
            }
        },
        {
            "type": "Feature",
            "geometry": {
                "type": "Point",
                "coordinates": [
                    -110.64746672157897,
                    47.749074392275844
                ]
            },
            "properties": {
                "id": "279",
                "storm_start_date": "1988-09-16T00:00:00Z",
                "aorc:statistics": {
                    "min": 0.32,
                    "mean": 1.39,
                    "max": 4.22,
                    "units": "inches"
                }
            }
        },
        {
            "type": "Feature",
            "geometry": {
                "type": "Point",
                "coordinates": [
                    -104.38105072158429,
                    43.349250392275955
                ]
            },
            "properties": {
                "id": "158",
                "storm_start_date": "1990-07-19T00:00:00Z",
                "aorc:statistics": {
                    "min": 0.62,
                    "mean": 1.67,
                    "max": 3.1,
                    "units": "inches"
                }
            }
        },
        {
            "type": "Feature",
            "geometry": {
                "type": "Point",
                "coordinates": [
                    -102.91444272158523,
                    45.349170392275816
                ]
            },
            "properties": {
                "id": "217",
                "storm_start_date": "2006-09-21T00:00:00Z",
                "aorc:statistics": {
                    "min": 0.26,
                    "mean": 1.54,
                    "max": 5.5,
                    "units": "inches"
                }
            }
        },
        {
            "type": "Feature",
            "geometry": {
                "type": "Point",
                "coordinates": [
                    -105.18101872158356,
                    45.08251439227579
                ]
            },
            "properties": {
                "id": "231",
                "storm_start_date": "1990-04-25T00:00:00Z",
                "aorc:statistics": {
                    "min": 0.11,
                    "mean": 1.51,
                    "max": 4.6,
                    "units": "inches"
                }
            }
        },
        {
            "type": "Feature",
            "geometry": {
                "type": "Point",
                "coordinates": [
                    -102.64778672158558,
                    44.949186392275834
                ]
            },
            "properties": {
                "id": "283",
                "storm_start_date": "2019-07-19T00:00:00Z",
                "aorc:statistics": {
                    "min": 0.0,
                    "mean": 1.38,
                    "max": 3.76,
                    "units": "inches"
                }
            }
        },
        {
            "type": "Feature",
            "geometry": {
                "type": "Point",
                "coordinates": [
                    -103.31442672158475,
                    40.28270639227586
                ]
            },
            "properties": {
                "id": "428",
                "storm_start_date": "2021-04-27T00:00:00Z",
                "aorc:statistics": {
                    "min": 0.0,
                    "mean": 1.15,
                    "max": 3.44,
                    "units": "inches"
                }
            }
        },
        {
            "type": "Feature",
            "geometry": {
                "type": "Point",
                "coordinates": [
                    -111.84741872157817,
                    46.28246639227585
                ]
            },
            "properties": {
                "id": "435",
                "storm_start_date": "2001-09-05T00:00:00Z",
                "aorc:statistics": {
                    "min": 0.24,
                    "mean": 1.15,
                    "max": 3.57,
                    "units": "inches"
                }
            }
        },
        {
            "type": "Feature",
            "geometry": {
                "type": "Point",
                "coordinates": [
                    -112.38073072157793,
                    47.749074392275844
                ]
            },
            "properties": {
                "id": "375",
                "storm_start_date": "1996-06-22T00:00:00Z",
                "aorc:statistics": {
                    "min": 0.3,
                    "mean": 1.22,
                    "max": 4.57,
                    "units": "inches"
                }
            }
        },
        {
            "type": "Feature",
            "geometry": {
                "type": "Point",
                "coordinates": [
                    -112.24740272157811,
                    47.3490903922758
                ]
            },
            "properties": {
                "id": "216",
                "storm_start_date": "2007-04-17T00:00:00Z",
                "aorc:statistics": {
                    "min": 0.31,
                    "mean": 1.54,
                    "max": 5.57,
                    "units": "inches"
                }
            }
        },
        {
            "type": "Feature",
            "geometry": {
                "type": "Point",
                "coordinates": [
                    -102.64778672158558,
                    44.949186392275834
                ]
            },
            "properties": {
                "id": "290",
                "storm_start_date": "2025-09-13T00:00:00Z",
                "aorc:statistics": {
                    "min": 0.0,
                    "mean": 1.36,
                    "max": 5.24,
                    "units": "inches"
                }
            }
        },
        {
            "type": "Feature",
            "geometry": {
                "type": "Point",
                "coordinates": [
                    -102.91444272158523,
                    45.349170392275816
                ]
            },
            "properties": {
                "id": "420",
                "storm_start_date": "2013-10-11T00:00:00Z",
                "aorc:statistics": {
                    "min": 0.42,
                    "mean": 1.16,
                    "max": 3.22,
                    "units": "inches"
                }
            }
        },
        {
            "type": "Feature",
            "geometry": {
                "type": "Point",
                "coordinates": [
                    -108.51421872158073,
                    46.54912239227595
                ]
            },
            "properties": {
                "id": "196",
                "storm_start_date": "2022-07-03T00:00:00Z",
                "aorc:statistics": {
                    "min": 0.07,
                    "mean": 1.57,
                    "max": 4.61,
                    "units": "inches"
                }
            }
        },
        {
            "type": "Feature",
            "geometry": {
                "type": "Point",
                "coordinates": [
                    -102.64778672158558,
                    44.682530392275915
                ]
            },
            "properties": {
                "id": "85",
                "storm_start_date": "1980-10-15T00:00:00Z",
                "aorc:statistics": {
                    "min": 0.68,
                    "mean": 2.0,
                    "max": 3.78,
                    "units": "inches"
                }
            }
        },
        {
            "type": "Feature",
            "geometry": {
                "type": "Point",
                "coordinates": [
                    -102.91444272158523,
                    45.349170392275816
                ]
            },
            "properties": {
                "id": "320",
                "storm_start_date": "2004-10-29T00:00:00Z",
                "aorc:statistics": {
                    "min": 0.13,
                    "mean": 1.29,
                    "max": 2.72,
                    "units": "inches"
                }
            }
        },
        {
            "type": "Feature",
            "geometry": {
                "type": "Point",
                "coordinates": [
                    -102.381130721586,
                    39.61606639227587
                ]
            },
            "properties": {
                "id": "286",
                "storm_start_date": "2022-07-27T00:00:00Z",
                "aorc:statistics": {
                    "min": 0.01,
                    "mean": 1.37,
                    "max": 4.57,
                    "units": "inches"
                }
            }
        },
        {
            "type": "Feature",
            "geometry": {
                "type": "Point",
                "coordinates": [
                    -102.91444272158523,
                    39.48273839227591
                ]
            },
            "properties": {
                "id": "95",
                "storm_start_date": "1991-07-21T00:00:00Z",
                "aorc:statistics": {
                    "min": 0.26,
                    "mean": 1.94,
                    "max": 4.71,
                    "units": "inches"
                }
            }
        },
        {
            "type": "Feature",
            "geometry": {
                "type": "Point",
                "coordinates": [
                    -107.44759472158137,
                    45.74915439227594
                ]
            },
            "properties": {
                "id": "111",
                "storm_start_date": "1982-06-06T00:00:00Z",
                "aorc:statistics": {
                    "min": 0.35,
                    "mean": 1.88,
                    "max": 4.5,
                    "units": "inches"
                }
            }
        },
        {
            "type": "Feature",
            "geometry": {
                "type": "Point",
                "coordinates": [
                    -102.11447472158603,
                    40.14937839227596
                ]
            },
            "properties": {
                "id": "161",
                "storm_start_date": "2007-06-12T00:00:00Z",
                "aorc:statistics": {
                    "min": 0.02,
                    "mean": 1.66,
                    "max": 6.01,
                    "units": "inches"
                }
            }
        },
        {
            "type": "Feature",
            "geometry": {
                "type": "Point",
                "coordinates": [
                    -112.24740272157811,
                    47.3490903922758
                ]
            },
            "properties": {
                "id": "436",
                "storm_start_date": "2011-06-02T00:00:00Z",
                "aorc:statistics": {
                    "min": 0.2,
                    "mean": 1.14,
                    "max": 3.87,
                    "units": "inches"
                }
            }
        },
        {
            "type": "Feature",
            "geometry": {
                "type": "Point",
                "coordinates": [
                    -112.38073072157793,
                    47.749074392275844
                ]
            },
            "properties": {
                "id": "142",
                "storm_start_date": "1996-12-27T00:00:00Z",
                "aorc:statistics": {
                    "min": 0.19,
                    "mean": 1.72,
                    "max": 10.76,
                    "units": "inches"
                }
            }
        },
        {
            "type": "Feature",
            "geometry": {
                "type": "Point",
                "coordinates": [
                    -104.24772272158437,
                    39.08275439227593
                ]
            },
            "properties": {
                "id": "211",
                "storm_start_date": "1984-10-14T00:00:00Z",
                "aorc:statistics": {
                    "min": 0.26,
                    "mean": 1.55,
                    "max": 6.76,
                    "units": "inches"
                }
            }
        },
        {
            "type": "Feature",
            "geometry": {
                "type": "Point",
                "coordinates": [
                    -112.51405872157763,
                    46.54912239227595
                ]
            },
            "properties": {
                "id": "402",
                "storm_start_date": "2025-12-17T00:00:00Z",
                "aorc:statistics": {
                    "min": 0.06,
                    "mean": 1.18,
                    "max": 5.32,
                    "units": "inches"
                }
            }
        },
        {
            "type": "Feature",
            "geometry": {
                "type": "Point",
                "coordinates": [
                    -102.91444272158523,
                    45.349170392275816
                ]
            },
            "properties": {
                "id": "26",
                "storm_start_date": "2023-08-03T00:00:00Z",
                "aorc:statistics": {
                    "min": 0.43,
                    "mean": 2.63,
                    "max": 8.55,
                    "units": "inches"
                }
            }
        },
        {
            "type": "Feature",
            "geometry": {
                "type": "Point",
                "coordinates": [
                    -111.31410672157848,
                    47.749074392275844
                ]
            },
            "properties": {
                "id": "229",
                "storm_start_date": "1999-06-02T00:00:00Z",
                "aorc:statistics": {
                    "min": 0.25,
                    "mean": 1.52,
                    "max": 6.71,
                    "units": "inches"
                }
            }
        },
        {
            "type": "Feature",
            "geometry": {
                "type": "Point",
                "coordinates": [
                    -112.38073072157793,
                    47.749074392275844
                ]
            },
            "properties": {
                "id": "343",
                "storm_start_date": "2013-05-22T00:00:00Z",
                "aorc:statistics": {
                    "min": 0.15,
                    "mean": 1.27,
                    "max": 6.59,
                    "units": "inches"
                }
            }
        },
        {
            "type": "Feature",
            "geometry": {
                "type": "Point",
                "coordinates": [
                    -104.38105072158429,
                    39.34941039227584
                ]
            },
            "properties": {
                "id": "165",
                "storm_start_date": "1999-04-21T00:00:00Z",
                "aorc:statistics": {
                    "min": 0.03,
                    "mean": 1.64,
                    "max": 5.93,
                    "units": "inches"
                }
            }
        },
        {
            "type": "Feature",
            "geometry": {
                "type": "Point",
                "coordinates": [
                    -107.71425072158144,
                    47.749074392275844
                ]
            },
            "properties": {
                "id": "318",
                "storm_start_date": "2012-05-26T00:00:00Z",
                "aorc:statistics": {
                    "min": 0.42,
                    "mean": 1.3,
                    "max": 2.69,
                    "units": "inches"
                }
            }
        },
        {
            "type": "Feature",
            "geometry": {
                "type": "Point",
                "coordinates": [
                    -102.64778672158558,
                    44.949186392275834
                ]
            },
            "properties": {
                "id": "105",
                "storm_start_date": "1988-06-28T00:00:00Z",
                "aorc:statistics": {
                    "min": 0.15,
                    "mean": 1.9,
                    "max": 4.7,
                    "units": "inches"
                }
            }
        },
        {
            "type": "Feature",
            "geometry": {
                "type": "Point",
                "coordinates": [
                    -111.71409072157807,
                    47.3490903922758
                ]
            },
            "properties": {
                "id": "242",
                "storm_start_date": "2008-06-10T00:00:00Z",
                "aorc:statistics": {
                    "min": 0.17,
                    "mean": 1.48,
                    "max": 4.56,
                    "units": "inches"
                }
            }
        },
        {
            "type": "Feature",
            "geometry": {
                "type": "Point",
                "coordinates": [
                    -109.31418672158016,
                    47.749074392275844
                ]
            },
            "properties": {
                "id": "116",
                "storm_start_date": "2013-06-02T00:00:00Z",
                "aorc:statistics": {
                    "min": 0.47,
                    "mean": 1.85,
                    "max": 5.37,
                    "units": "inches"
                }
            }
        },
        {
            "type": "Feature",
            "geometry": {
                "type": "Point",
                "coordinates": [
                    -103.84773872158449,
                    42.415954392275864
                ]
            },
            "properties": {
                "id": "74",
                "storm_start_date": "2014-09-29T00:00:00Z",
                "aorc:statistics": {
                    "min": 0.07,
                    "mean": 2.09,
                    "max": 5.25,
                    "units": "inches"
                }
            }
        },
        {
            "type": "Feature",
            "geometry": {
                "type": "Point",
                "coordinates": [
                    -106.91428272158225,
                    46.54912239227595
                ]
            },
            "properties": {
                "id": "277",
                "storm_start_date": "1992-06-28T00:00:00Z",
                "aorc:statistics": {
                    "min": 0.5,
                    "mean": 1.39,
                    "max": 2.49,
                    "units": "inches"
                }
            }
        },
        {
            "type": "Feature",
            "geometry": {
                "type": "Point",
                "coordinates": [
                    -110.1141547215794,
                    46.81577839227594
                ]
            },
            "properties": {
                "id": "357",
                "storm_start_date": "1986-07-03T00:00:00Z",
                "aorc:statistics": {
                    "min": 0.35,
                    "mean": 1.25,
                    "max": 4.02,
                    "units": "inches"
                }
            }
        },
        {
            "type": "Feature",
            "geometry": {
                "type": "Point",
                "coordinates": [
                    -102.51445872158573,
                    39.34941039227584
                ]
            },
            "properties": {
                "id": "223",
                "storm_start_date": "1999-07-31T00:00:00Z",
                "aorc:statistics": {
                    "min": 0.25,
                    "mean": 1.53,
                    "max": 4.6,
                    "units": "inches"
                }
            }
        },
        {
            "type": "Feature",
            "geometry": {
                "type": "Point",
                "coordinates": [
                    -106.64762672158241,
                    44.01589039227589
                ]
            },
            "properties": {
                "id": "78",
                "storm_start_date": "2019-05-26T00:00:00Z",
                "aorc:statistics": {
                    "min": 0.54,
                    "mean": 2.05,
                    "max": 5.62,
                    "units": "inches"
                }
            }
        },
        {
            "type": "Feature",
            "geometry": {
                "type": "Point",
                "coordinates": [
                    -105.18101872158365,
                    42.282626392275844
                ]
            },
            "properties": {
                "id": "384",
                "storm_start_date": "1996-04-11T00:00:00Z",
                "aorc:statistics": {
                    "min": 0.31,
                    "mean": 1.21,
                    "max": 7.22,
                    "units": "inches"
                }
            }
        },
        {
            "type": "Feature",
            "geometry": {
                "type": "Point",
                "coordinates": [
                    -102.64778672158558,
                    44.682530392275915
                ]
            },
            "properties": {
                "id": "147",
                "storm_start_date": "2019-04-09T00:00:00Z",
                "aorc:statistics": {
                    "min": 0.48,
                    "mean": 1.7,
                    "max": 2.75,
                    "units": "inches"
                }
            }
        },
        {
            "type": "Feature",
            "geometry": {
                "type": "Point",
                "coordinates": [
                    -112.51405872157763,
                    46.54912239227595
                ]
            },
            "properties": {
                "id": "246",
                "storm_start_date": "2001-06-02T00:00:00Z",
                "aorc:statistics": {
                    "min": 0.5,
                    "mean": 1.47,
                    "max": 4.32,
                    "units": "inches"
                }
            }
        },
        {
            "type": "Feature",
            "geometry": {
                "type": "Point",
                "coordinates": [
                    -102.78111472158557,
                    45.2158423922759
                ]
            },
            "properties": {
                "id": "403",
                "storm_start_date": "2019-10-20T00:00:00Z",
                "aorc:statistics": {
                    "min": 0.26,
                    "mean": 1.18,
                    "max": 2.93,
                    "units": "inches"
                }
            }
        },
        {
            "type": "Feature",
            "geometry": {
                "type": "Point",
                "coordinates": [
                    -103.58108272158454,
                    45.08251439227579
                ]
            },
            "properties": {
                "id": "100",
                "storm_start_date": "1982-05-18T00:00:00Z",
                "aorc:statistics": {
                    "min": 0.17,
                    "mean": 1.92,
                    "max": 4.92,
                    "units": "inches"
                }
            }
        },
        {
            "type": "Feature",
            "geometry": {
                "type": "Point",
                "coordinates": [
                    -104.11439472158423,
                    40.41603439227591
                ]
            },
            "properties": {
                "id": "154",
                "storm_start_date": "1982-07-27T00:00:00Z",
                "aorc:statistics": {
                    "min": 0.3,
                    "mean": 1.68,
                    "max": 3.59,
                    "units": "inches"
                }
            }
        },
        {
            "type": "Feature",
            "geometry": {
                "type": "Point",
                "coordinates": [
                    -104.64770672158369,
                    45.61582639227584
                ]
            },
            "properties": {
                "id": "407",
                "storm_start_date": "2025-06-14T00:00:00Z",
                "aorc:statistics": {
                    "min": 0.0,
                    "mean": 1.17,
                    "max": 4.74,
                    "units": "inches"
                }
            }
        },
        {
            "type": "Feature",
            "geometry": {
                "type": "Point",
                "coordinates": [
                    -104.51437872158404,
                    44.01589039227589
                ]
            },
            "properties": {
                "id": "180",
                "storm_start_date": "2024-04-06T00:00:00Z",
                "aorc:statistics": {
                    "min": 0.52,
                    "mean": 1.62,
                    "max": 4.24,
                    "units": "inches"
                }
            }
        },
        {
            "type": "Feature",
            "geometry": {
                "type": "Point",
                "coordinates": [
                    -112.24740272157811,
                    47.3490903922758
                ]
            },
            "properties": {
                "id": "73",
                "storm_start_date": "2020-06-28T00:00:00Z",
                "aorc:statistics": {
                    "min": 0.77,
                    "mean": 2.09,
                    "max": 4.11,
                    "units": "inches"
                }
            }
        },
        {
            "type": "Feature",
            "geometry": {
                "type": "Point",
                "coordinates": [
                    -104.51437872158404,
                    41.34933039227584
                ]
            },
            "properties": {
                "id": "146",
                "storm_start_date": "1983-05-15T00:00:00Z",
                "aorc:statistics": {
                    "min": 0.46,
                    "mean": 1.71,
                    "max": 4.18,
                    "units": "inches"
                }
            }
        },
        {
            "type": "Feature",
            "geometry": {
                "type": "Point",
                "coordinates": [
                    -103.44775472158486,
                    39.61606639227587
                ]
            },
            "properties": {
                "id": "121",
                "storm_start_date": "1997-07-28T00:00:00Z",
                "aorc:statistics": {
                    "min": 0.09,
                    "mean": 1.84,
                    "max": 4.58,
                    "units": "inches"
                }
            }
        },
        {
            "type": "Feature",
            "geometry": {
                "type": "Point",
                "coordinates": [
                    -104.51437872158404,
                    45.61582639227584
                ]
            },
            "properties": {
                "id": "328",
                "storm_start_date": "2022-05-11T00:00:00Z",
                "aorc:statistics": {
                    "min": 0.11,
                    "mean": 1.29,
                    "max": 2.89,
                    "units": "inches"
                }
            }
        },
        {
            "type": "Feature",
            "geometry": {
                "type": "Point",
                "coordinates": [
                    -112.51405872157763,
                    46.54912239227595
                ]
            },
            "properties": {
                "id": "284",
                "storm_start_date": "2000-10-12T00:00:00Z",
                "aorc:statistics": {
                    "min": 0.2,
                    "mean": 1.38,
                    "max": 4.9,
                    "units": "inches"
                }
            }
        },
        {
            "type": "Feature",
            "geometry": {
                "type": "Point",
                "coordinates": [
                    -102.11447472158603,
                    40.14937839227596
                ]
            },
            "properties": {
                "id": "319",
                "storm_start_date": "2025-06-03T00:00:00Z",
                "aorc:statistics": {
                    "min": 0.21,
                    "mean": 1.3,
                    "max": 4.93,
                    "units": "inches"
                }
            }
        },
        {
            "type": "Feature",
            "geometry": {
                "type": "Point",
                "coordinates": [
                    -111.5807627215782,
                    47.48241839227591
                ]
            },
            "properties": {
                "id": "431",
                "storm_start_date": "2004-08-22T00:00:00Z",
                "aorc:statistics": {
                    "min": 0.07,
                    "mean": 1.15,
                    "max": 3.23,
                    "units": "inches"
                }
            }
        },
        {
            "type": "Feature",
            "geometry": {
                "type": "Point",
                "coordinates": [
                    -103.84773872158449,
                    42.415954392275864
                ]
            },
            "properties": {
                "id": "425",
                "storm_start_date": "1983-04-29T00:00:00Z",
                "aorc:statistics": {
                    "min": 0.14,
                    "mean": 1.15,
                    "max": 3.32,
                    "units": "inches"
                }
            }
        },
        {
            "type": "Feature",
            "geometry": {
                "type": "Point",
                "coordinates": [
                    -112.38073072157793,
                    47.749074392275844
                ]
            },
            "properties": {
                "id": "333",
                "storm_start_date": "1984-06-19T00:00:00Z",
                "aorc:statistics": {
                    "min": 0.0,
                    "mean": 1.28,
                    "max": 4.58,
                    "units": "inches"
                }
            }
        },
        {
            "type": "Feature",
            "geometry": {
                "type": "Point",
                "coordinates": [
                    -103.84773872158449,
                    38.81609839227594
                ]
            },
            "properties": {
                "id": "344",
                "storm_start_date": "1998-07-29T00:00:00Z",
                "aorc:statistics": {
                    "min": 0.13,
                    "mean": 1.27,
                    "max": 2.86,
                    "units": "inches"
                }
            }
        },
        {
            "type": "Feature",
            "geometry": {
                "type": "Point",
                "coordinates": [
                    -103.18109872158539,
                    45.48249839227585
                ]
            },
            "properties": {
                "id": "118",
                "storm_start_date": "2013-05-18T00:00:00Z",
                "aorc:statistics": {
                    "min": 0.63,
                    "mean": 1.84,
                    "max": 4.48,
                    "units": "inches"
                }
            }
        },
        {
            "type": "Feature",
            "geometry": {
                "type": "Point",
                "coordinates": [
                    -103.58108272158489,
                    39.61606639227587
                ]
            },
            "properties": {
                "id": "273",
                "storm_start_date": "1999-08-04T00:00:00Z",
                "aorc:statistics": {
                    "min": 0.31,
                    "mean": 1.4,
                    "max": 3.98,
                    "units": "inches"
                }
            }
        },
        {
            "type": "Feature",
            "geometry": {
                "type": "Point",
                "coordinates": [
                    -102.51445872158573,
                    39.34941039227584
                ]
            },
            "properties": {
                "id": "275",
                "storm_start_date": "2021-05-30T00:00:00Z",
                "aorc:statistics": {
                    "min": 0.21,
                    "mean": 1.4,
                    "max": 5.07,
                    "units": "inches"
                }
            }
        },
        {
            "type": "Feature",
            "geometry": {
                "type": "Point",
                "coordinates": [
                    -105.18101872158365,
                    41.48265839227577
                ]
            },
            "properties": {
                "id": "291",
                "storm_start_date": "1989-02-02T00:00:00Z",
                "aorc:statistics": {
                    "min": 0.06,
                    "mean": 1.36,
                    "max": 11.18,
                    "units": "inches"
                }
            }
        },
        {
            "type": "Feature",
            "geometry": {
                "type": "Point",
                "coordinates": [
                    -105.18101872158365,
                    41.61598639227593
                ]
            },
            "properties": {
                "id": "235",
                "storm_start_date": "1981-05-15T00:00:00Z",
                "aorc:statistics": {
                    "min": 0.43,
                    "mean": 1.51,
                    "max": 4.54,
                    "units": "inches"
                }
            }
        },
        {
            "type": "Feature",
            "geometry": {
                "type": "Point",
                "coordinates": [
                    -105.98098672158295,
                    43.88256239227582
                ]
            },
            "properties": {
                "id": "404",
                "storm_start_date": "2005-05-28T00:00:00Z",
                "aorc:statistics": {
                    "min": 0.0,
                    "mean": 1.18,
                    "max": 5.65,
                    "units": "inches"
                }
            }
        },
        {
            "type": "Feature",
            "geometry": {
                "type": "Point",
                "coordinates": [
                    -109.04753072158015,
                    46.01581039227596
                ]
            },
            "properties": {
                "id": "103",
                "storm_start_date": "1981-05-10T00:00:00Z",
                "aorc:statistics": {
                    "min": 0.5,
                    "mean": 1.91,
                    "max": 4.72,
                    "units": "inches"
                }
            }
        },
        {
            "type": "Feature",
            "geometry": {
                "type": "Point",
                "coordinates": [
                    -112.2474027215781,
                    46.41579439227583
                ]
            },
            "properties": {
                "id": "267",
                "storm_start_date": "2004-05-21T00:00:00Z",
                "aorc:statistics": {
                    "min": 0.0,
                    "mean": 1.41,
                    "max": 4.85,
                    "units": "inches"
                }
            }
        },
        {
            "type": "Feature",
            "geometry": {
                "type": "Point",
                "coordinates": [
                    -103.84773872158449,
                    45.2158423922759
                ]
            },
            "properties": {
                "id": "68",
                "storm_start_date": "1994-10-05T00:00:00Z",
                "aorc:statistics": {
                    "min": 0.81,
                    "mean": 2.12,
                    "max": 5.09,
                    "units": "inches"
                }
            }
        },
        {
            "type": "Feature",
            "geometry": {
                "type": "Point",
                "coordinates": [
                    -102.11447472158603,
                    39.8827223922759
                ]
            },
            "properties": {
                "id": "157",
                "storm_start_date": "2017-09-23T00:00:00Z",
                "aorc:statistics": {
                    "min": 0.33,
                    "mean": 1.67,
                    "max": 4.28,
                    "units": "inches"
                }
            }
        },
        {
            "type": "Feature",
            "geometry": {
                "type": "Point",
                "coordinates": [
                    -112.2474027215781,
                    47.749074392275844
                ]
            },
            "properties": {
                "id": "195",
                "storm_start_date": "2019-09-27T00:00:00Z",
                "aorc:statistics": {
                    "min": 0.31,
                    "mean": 1.57,
                    "max": 4.23,
                    "units": "inches"
                }
            }
        },
        {
            "type": "Feature",
            "geometry": {
                "type": "Point",
                "coordinates": [
                    -102.91444272158523,
                    44.415874392275796
                ]
            },
            "properties": {
                "id": "323",
                "storm_start_date": "2002-09-07T00:00:00Z",
                "aorc:statistics": {
                    "min": 0.0,
                    "mean": 1.29,
                    "max": 3.91,
                    "units": "inches"
                }
            }
        },
        {
            "type": "Feature",
            "geometry": {
                "type": "Point",
                "coordinates": [
                    -104.91436272158388,
                    43.88256239227582
                ]
            },
            "properties": {
                "id": "25",
                "storm_start_date": "1995-05-07T00:00:00Z",
                "aorc:statistics": {
                    "min": 0.89,
                    "mean": 2.63,
                    "max": 7.32,
                    "units": "inches"
                }
            }
        },
        {
            "type": "Feature",
            "geometry": {
                "type": "Point",
                "coordinates": [
                    -103.18109872158539,
                    40.28270639227586
                ]
            },
            "properties": {
                "id": "164",
                "storm_start_date": "1986-04-02T00:00:00Z",
                "aorc:statistics": {
                    "min": 0.29,
                    "mean": 1.65,
                    "max": 3.3,
                    "units": "inches"
                }
            }
        },
        {
            "type": "Feature",
            "geometry": {
                "type": "Point",
                "coordinates": [
                    -112.38073072157793,
                    47.749074392275844
                ]
            },
            "properties": {
                "id": "256",
                "storm_start_date": "1985-05-28T00:00:00Z",
                "aorc:statistics": {
                    "min": 0.24,
                    "mean": 1.45,
                    "max": 7.14,
                    "units": "inches"
                }
            }
        },
        {
            "type": "Feature",
            "geometry": {
                "type": "Point",
                "coordinates": [
                    -102.51445872158573,
                    39.34941039227584
                ]
            },
            "properties": {
                "id": "170",
                "storm_start_date": "1985-07-19T00:00:00Z",
                "aorc:statistics": {
                    "min": 0.56,
                    "mean": 1.63,
                    "max": 5.28,
                    "units": "inches"
                }
            }
        },
        {
            "type": "Feature",
            "geometry": {
                "type": "Point",
                "coordinates": [
                    -102.78111472158557,
                    45.2158423922759
                ]
            },
            "properties": {
                "id": "297",
                "storm_start_date": "2018-09-19T00:00:00Z",
                "aorc:statistics": {
                    "min": 0.09,
                    "mean": 1.35,
                    "max": 3.27,
                    "units": "inches"
                }
            }
        },
        {
            "type": "Feature",
            "geometry": {
                "type": "Point",
                "coordinates": [
                    -104.51437872158404,
                    42.5492823922759
                ]
            },
            "properties": {
                "id": "366",
                "storm_start_date": "1995-09-18T00:00:00Z",
                "aorc:statistics": {
                    "min": 0.51,
                    "mean": 1.24,
                    "max": 2.52,
                    "units": "inches"
                }
            }
        },
        {
            "type": "Feature",
            "geometry": {
                "type": "Point",
                "coordinates": [
                    -102.24780272158617,
                    39.74939439227596
                ]
            },
            "properties": {
                "id": "79",
                "storm_start_date": "1985-05-12T00:00:00Z",
                "aorc:statistics": {
                    "min": 0.6,
                    "mean": 2.05,
                    "max": 3.89,
                    "units": "inches"
                }
            }
        },
        {
            "type": "Feature",
            "geometry": {
                "type": "Point",
                "coordinates": [
                    -105.04769072158383,
                    43.48257839227591
                ]
            },
            "properties": {
                "id": "276",
                "storm_start_date": "1998-10-28T00:00:00Z",
                "aorc:statistics": {
                    "min": 0.35,
                    "mean": 1.4,
                    "max": 3.73,
                    "units": "inches"
                }
            }
        },
        {
            "type": "Feature",
            "geometry": {
                "type": "Point",
                "coordinates": [
                    -112.11407472157794,
                    47.3490903922758
                ]
            },
            "properties": {
                "id": "104",
                "storm_start_date": "1982-09-26T00:00:00Z",
                "aorc:statistics": {
                    "min": 0.58,
                    "mean": 1.9,
                    "max": 4.84,
                    "units": "inches"
                }
            }
        },
        {
            "type": "Feature",
            "geometry": {
                "type": "Point",
                "coordinates": [
                    -102.11447472158603,
                    39.8827223922759
                ]
            },
            "properties": {
                "id": "184",
                "storm_start_date": "2008-10-12T00:00:00Z",
                "aorc:statistics": {
                    "min": 0.06,
                    "mean": 1.6,
                    "max": 3.9,
                    "units": "inches"
                }
            }
        },
        {
            "type": "Feature",
            "geometry": {
                "type": "Point",
                "coordinates": [
                    -103.84773872158449,
                    44.949186392275834
                ]
            },
            "properties": {
                "id": "35",
                "storm_start_date": "1984-04-25T00:00:00Z",
                "aorc:statistics": {
                    "min": 0.93,
                    "mean": 2.51,
                    "max": 6.32,
                    "units": "inches"
                }
            }
        },
        {
            "type": "Feature",
            "geometry": {
                "type": "Point",
                "coordinates": [
                    -108.78087472158062,
                    45.88248239227589
                ]
            },
            "properties": {
                "id": "148",
                "storm_start_date": "1997-06-08T00:00:00Z",
                "aorc:statistics": {
                    "min": 0.08,
                    "mean": 1.7,
                    "max": 3.73,
                    "units": "inches"
                }
            }
        },
        {
            "type": "Feature",
            "geometry": {
                "type": "Point",
                "coordinates": [
                    -110.78079472157903,
                    47.48241839227591
                ]
            },
            "properties": {
                "id": "238",
                "storm_start_date": "2022-10-21T00:00:00Z",
                "aorc:statistics": {
                    "min": 0.25,
                    "mean": 1.49,
                    "max": 4.7,
                    "units": "inches"
                }
            }
        },
        {
            "type": "Feature",
            "geometry": {
                "type": "Point",
                "coordinates": [
                    -109.18085872158022,
                    45.74915439227594
                ]
            },
            "properties": {
                "id": "441",
                "storm_start_date": "1983-09-17T00:00:00Z",
                "aorc:statistics": {
                    "min": 0.18,
                    "mean": 1.14,
                    "max": 3.63,
                    "units": "inches"
                }
            }
        },
        {
            "type": "Feature",
            "geometry": {
                "type": "Point",
                "coordinates": [
                    -102.91444272158523,
                    45.349170392275816
                ]
            },
            "properties": {
                "id": "225",
                "storm_start_date": "2023-09-04T00:00:00Z",
                "aorc:statistics": {
                    "min": 0.04,
                    "mean": 1.53,
                    "max": 3.3,
                    "units": "inches"
                }
            }
        },
        {
            "type": "Feature",
            "geometry": {
                "type": "Point",
                "coordinates": [
                    -107.44759472158137,
                    45.2158423922759
                ]
            },
            "properties": {
                "id": "210",
                "storm_start_date": "2006-09-15T00:00:00Z",
                "aorc:statistics": {
                    "min": 0.09,
                    "mean": 1.56,
                    "max": 4.44,
                    "units": "inches"
                }
            }
        },
        {
            "type": "Feature",
            "geometry": {
                "type": "Point",
                "coordinates": [
                    -102.11447472158603,
                    40.14937839227596
                ]
            },
            "properties": {
                "id": "393",
                "storm_start_date": "1995-05-26T00:00:00Z",
                "aorc:statistics": {
                    "min": 0.15,
                    "mean": 1.19,
                    "max": 3.25,
                    "units": "inches"
                }
            }
        },
        {
            "type": "Feature",
            "geometry": {
                "type": "Point",
                "coordinates": [
                    -112.51405872157763,
                    46.54912239227595
                ]
            },
            "properties": {
                "id": "299",
                "storm_start_date": "2009-08-05T00:00:00Z",
                "aorc:statistics": {
                    "min": 0.11,
                    "mean": 1.34,
                    "max": 3.83,
                    "units": "inches"
                }
            }
        },
        {
            "type": "Feature",
            "geometry": {
                "type": "Point",
                "coordinates": [
                    -103.71441072158483,
                    38.68277039227588
                ]
            },
            "properties": {
                "id": "437",
                "storm_start_date": "2017-07-13T00:00:00Z",
                "aorc:statistics": {
                    "min": 0.04,
                    "mean": 1.14,
                    "max": 5.07,
                    "units": "inches"
                }
            }
        },
        {
            "type": "Feature",
            "geometry": {
                "type": "Point",
                "coordinates": [
                    -106.78095472158225,
                    46.28246639227585
                ]
            },
            "properties": {
                "id": "11",
                "storm_start_date": "2024-05-06T00:00:00Z",
                "aorc:statistics": {
                    "min": 0.35,
                    "mean": 3.08,
                    "max": 6.3,
                    "units": "inches"
                }
            }
        },
        {
            "type": "Feature",
            "geometry": {
                "type": "Point",
                "coordinates": [
                    -103.71441072158483,
                    38.68277039227588
                ]
            },
            "properties": {
                "id": "378",
                "storm_start_date": "1991-08-02T00:00:00Z",
                "aorc:statistics": {
                    "min": 0.19,
                    "mean": 1.22,
                    "max": 5.73,
                    "units": "inches"
                }
            }
        },
        {
            "type": "Feature",
            "geometry": {
                "type": "Point",
                "coordinates": [
                    -102.64778672158558,
                    44.949186392275834
                ]
            },
            "properties": {
                "id": "364",
                "storm_start_date": "2014-04-27T00:00:00Z",
                "aorc:statistics": {
                    "min": 0.48,
                    "mean": 1.24,
                    "max": 2.46,
                    "units": "inches"
                }
            }
        },
        {
            "type": "Feature",
            "geometry": {
                "type": "Point",
                "coordinates": [
                    -106.64762672158241,
                    43.88256239227582
                ]
            },
            "properties": {
                "id": "207",
                "storm_start_date": "2010-05-10T00:00:00Z",
                "aorc:statistics": {
                    "min": 0.24,
                    "mean": 1.56,
                    "max": 3.64,
                    "units": "inches"
                }
            }
        },
        {
            "type": "Feature",
            "geometry": {
                "type": "Point",
                "coordinates": [
                    -106.51429872158269,
                    44.949186392275834
                ]
            },
            "properties": {
                "id": "298",
                "storm_start_date": "2022-04-28T00:00:00Z",
                "aorc:statistics": {
                    "min": 0.4,
                    "mean": 1.34,
                    "max": 2.81,
                    "units": "inches"
                }
            }
        },
        {
            "type": "Feature",
            "geometry": {
                "type": "Point",
                "coordinates": [
                    -112.38073072157793,
                    47.749074392275844
                ]
            },
            "properties": {
                "id": "434",
                "storm_start_date": "2003-10-28T00:00:00Z",
                "aorc:statistics": {
                    "min": 0.0,
                    "mean": 1.15,
                    "max": 5.49,
                    "units": "inches"
                }
            }
        },
        {
            "type": "Feature",
            "geometry": {
                "type": "Point",
                "coordinates": [
                    -108.11423472158128,
                    47.749074392275844
                ]
            },
            "properties": {
                "id": "160",
                "storm_start_date": "2010-06-16T00:00:00Z",
                "aorc:statistics": {
                    "min": 0.48,
                    "mean": 1.66,
                    "max": 4.56,
                    "units": "inches"
                }
            }
        },
        {
            "type": "Feature",
            "geometry": {
                "type": "Point",
                "coordinates": [
                    -105.84765872158304,
                    44.949186392275834
                ]
            },
            "properties": {
                "id": "49",
                "storm_start_date": "2007-05-04T00:00:00Z",
                "aorc:statistics": {
                    "min": 0.48,
                    "mean": 2.35,
                    "max": 6.04,
                    "units": "inches"
                }
            }
        },
        {
            "type": "Feature",
            "geometry": {
                "type": "Point",
                "coordinates": [
                    -103.44775472158486,
                    40.28270639227586
                ]
            },
            "properties": {
                "id": "112",
                "storm_start_date": "2024-04-26T00:00:00Z",
                "aorc:statistics": {
                    "min": 0.7,
                    "mean": 1.88,
                    "max": 3.63,
                    "units": "inches"
                }
            }
        },
        {
            "type": "Feature",
            "geometry": {
                "type": "Point",
                "coordinates": [
                    -103.04777072158532,
                    45.349170392275816
                ]
            },
            "properties": {
                "id": "179",
                "storm_start_date": "1994-07-04T00:00:00Z",
                "aorc:statistics": {
                    "min": 0.23,
                    "mean": 1.62,
                    "max": 3.33,
                    "units": "inches"
                }
            }
        },
        {
            "type": "Feature",
            "geometry": {
                "type": "Point",
                "coordinates": [
                    -103.18109872158539,
                    40.28270639227586
                ]
            },
            "properties": {
                "id": "342",
                "storm_start_date": "2007-07-26T00:00:00Z",
                "aorc:statistics": {
                    "min": 0.01,
                    "mean": 1.27,
                    "max": 4.31,
                    "units": "inches"
                }
            }
        },
        {
            "type": "Feature",
            "geometry": {
                "type": "Point",
                "coordinates": [
                    -102.51445872158573,
                    39.34941039227584
                ]
            },
            "properties": {
                "id": "13",
                "storm_start_date": "1996-05-25T00:00:00Z",
                "aorc:statistics": {
                    "min": 1.22,
                    "mean": 2.94,
                    "max": 4.83,
                    "units": "inches"
                }
            }
        },
        {
            "type": "Feature",
            "geometry": {
                "type": "Point",
                "coordinates": [
                    -104.24772272158437,
                    39.61606639227587
                ]
            },
            "properties": {
                "id": "70",
                "storm_start_date": "2001-05-03T00:00:00Z",
                "aorc:statistics": {
                    "min": 0.42,
                    "mean": 2.11,
                    "max": 6.42,
                    "units": "inches"
                }
            }
        },
        {
            "type": "Feature",
            "geometry": {
                "type": "Point",
                "coordinates": [
                    -103.31442672158475,
                    45.48249839227585
                ]
            },
            "properties": {
                "id": "88",
                "storm_start_date": "2003-09-10T00:00:00Z",
                "aorc:statistics": {
                    "min": 0.0,
                    "mean": 1.98,
                    "max": 5.41,
                    "units": "inches"
                }
            }
        },
        {
            "type": "Feature",
            "geometry": {
                "type": "Point",
                "coordinates": [
                    -105.18101872158365,
                    41.48265839227577
                ]
            },
            "properties": {
                "id": "245",
                "storm_start_date": "1997-09-18T00:00:00Z",
                "aorc:statistics": {
                    "min": 0.11,
                    "mean": 1.48,
                    "max": 9.05,
                    "units": "inches"
                }
            }
        },
        {
            "type": "Feature",
            "geometry": {
                "type": "Point",
                "coordinates": [
                    -108.38089072158081,
                    47.48241839227591
                ]
            },
            "properties": {
                "id": "1",
                "storm_start_date": "2014-08-22T00:00:00Z",
                "aorc:statistics": {
                    "min": 1.21,
                    "mean": 3.9,
                    "max": 10.46,
                    "units": "inches"
                }
            }
        },
        {
            "type": "Feature",
            "geometry": {
                "type": "Point",
                "coordinates": [
                    -104.78103472158358,
                    45.61582639227584
                ]
            },
            "properties": {
                "id": "24",
                "storm_start_date": "1993-06-06T00:00:00Z",
                "aorc:statistics": {
                    "min": 1.35,
                    "mean": 2.63,
                    "max": 4.95,
                    "units": "inches"
                }
            }
        },
        {
            "type": "Feature",
            "geometry": {
                "type": "Point",
                "coordinates": [
                    -112.38073072157793,
                    47.749074392275844
                ]
            },
            "properties": {
                "id": "150",
                "storm_start_date": "2022-06-18T00:00:00Z",
                "aorc:statistics": {
                    "min": 0.04,
                    "mean": 1.7,
                    "max": 4.34,
                    "units": "inches"
                }
            }
        },
        {
            "type": "Feature",
            "geometry": {
                "type": "Point",
                "coordinates": [
                    -103.84773872158449,
                    42.94926639227591
                ]
            },
            "properties": {
                "id": "101",
                "storm_start_date": "2000-04-18T00:00:00Z",
                "aorc:statistics": {
                    "min": 0.14,
                    "mean": 1.92,
                    "max": 3.95,
                    "units": "inches"
                }
            }
        },
        {
            "type": "Feature",
            "geometry": {
                "type": "Point",
                "coordinates": [
                    -112.64738672157739,
                    46.28246639227585
                ]
            },
            "properties": {
                "id": "250",
                "storm_start_date": "1988-05-29T00:00:00Z",
                "aorc:statistics": {
                    "min": 0.0,
                    "mean": 1.47,
                    "max": 5.39,
                    "units": "inches"
                }
            }
        },
        {
            "type": "Feature",
            "geometry": {
                "type": "Point",
                "coordinates": [
                    -102.91444272158523,
                    44.415874392275796
                ]
            },
            "properties": {
                "id": "64",
                "storm_start_date": "2019-07-03T00:00:00Z",
                "aorc:statistics": {
                    "min": 0.49,
                    "mean": 2.18,
                    "max": 5.78,
                    "units": "inches"
                }
            }
        },
        {
            "type": "Feature",
            "geometry": {
                "type": "Point",
                "coordinates": [
                    -102.51445872158573,
                    39.34941039227584
                ]
            },
            "properties": {
                "id": "155",
                "storm_start_date": "1998-07-24T00:00:00Z",
                "aorc:statistics": {
                    "min": 0.26,
                    "mean": 1.68,
                    "max": 3.44,
                    "units": "inches"
                }
            }
        },
        {
            "type": "Feature",
            "geometry": {
                "type": "Point",
                "coordinates": [
                    -102.91444272158523,
                    45.349170392275816
                ]
            },
            "properties": {
                "id": "432",
                "storm_start_date": "1981-07-11T00:00:00Z",
                "aorc:statistics": {
                    "min": 0.16,
                    "mean": 1.15,
                    "max": 3.59,
                    "units": "inches"
                }
            }
        },
        {
            "type": "Feature",
            "geometry": {
                "type": "Point",
                "coordinates": [
                    -102.78111472158557,
                    45.2158423922759
                ]
            },
            "properties": {
                "id": "188",
                "storm_start_date": "1997-04-04T00:00:00Z",
                "aorc:statistics": {
                    "min": 0.3,
                    "mean": 1.59,
                    "max": 3.45,
                    "units": "inches"
                }
            }
        },
        {
            "type": "Feature",
            "geometry": {
                "type": "Point",
                "coordinates": [
                    -103.84773872158449,
                    42.415954392275864
                ]
            },
            "properties": {
                "id": "77",
                "storm_start_date": "2015-05-08T00:00:00Z",
                "aorc:statistics": {
                    "min": 0.83,
                    "mean": 2.06,
                    "max": 3.78,
                    "units": "inches"
                }
            }
        },
        {
            "type": "Feature",
            "geometry": {
                "type": "Point",
                "coordinates": [
                    -104.38105072158429,
                    39.34941039227584
                ]
            },
            "properties": {
                "id": "29",
                "storm_start_date": "2013-09-11T00:00:00Z",
                "aorc:statistics": {
                    "min": 0.15,
                    "mean": 2.61,
                    "max": 15.46,
                    "units": "inches"
                }
            }
        },
        {
            "type": "Feature",
            "geometry": {
                "type": "Point",
                "coordinates": [
                    -112.38073072157793,
                    47.749074392275844
                ]
            },
            "properties": {
                "id": "76",
                "storm_start_date": "1997-05-23T00:00:00Z",
                "aorc:statistics": {
                    "min": 0.56,
                    "mean": 2.06,
                    "max": 6.11,
                    "units": "inches"
                }
            }
        },
        {
            "type": "Feature",
            "geometry": {
                "type": "Point",
                "coordinates": [
                    -109.44751472157994,
                    46.41579439227583
                ]
            },
            "properties": {
                "id": "139",
                "storm_start_date": "2021-08-18T00:00:00Z",
                "aorc:statistics": {
                    "min": 0.52,
                    "mean": 1.73,
                    "max": 3.48,
                    "units": "inches"
                }
            }
        },
        {
            "type": "Feature",
            "geometry": {
                "type": "Point",
                "coordinates": [
                    -106.64762672158241,
                    44.14921839227587
                ]
            },
            "properties": {
                "id": "7",
                "storm_start_date": "2022-05-29T00:00:00Z",
                "aorc:statistics": {
                    "min": 1.51,
                    "mean": 3.17,
                    "max": 7.89,
                    "units": "inches"
                }
            }
        },
        {
            "type": "Feature",
            "geometry": {
                "type": "Point",
                "coordinates": [
                    -103.18109872158539,
                    45.48249839227585
                ]
            },
            "properties": {
                "id": "44",
                "storm_start_date": "1998-10-03T00:00:00Z",
                "aorc:statistics": {
                    "min": 1.09,
                    "mean": 2.37,
                    "max": 3.86,
                    "units": "inches"
                }
            }
        },
        {
            "type": "Feature",
            "geometry": {
                "type": "Point",
                "coordinates": [
                    -110.11415472157945,
                    45.88248239227589
                ]
            },
            "properties": {
                "id": "152",
                "storm_start_date": "2004-06-09T00:00:00Z",
                "aorc:statistics": {
                    "min": 0.25,
                    "mean": 1.69,
                    "max": 5.17,
                    "units": "inches"
                }
            }
        },
        {
            "type": "Feature",
            "geometry": {
                "type": "Point",
                "coordinates": [
                    -109.58084272157994,
                    47.48241839227591
                ]
            },
            "properties": {
                "id": "14",
                "storm_start_date": "2024-09-17T00:00:00Z",
                "aorc:statistics": {
                    "min": 0.82,
                    "mean": 2.92,
                    "max": 8.11,
                    "units": "inches"
                }
            }
        },
        {
            "type": "Feature",
            "geometry": {
                "type": "Point",
                "coordinates": [
                    -112.38073072157793,
                    47.749074392275844
                ]
            },
            "properties": {
                "id": "401",
                "storm_start_date": "1982-06-29T00:00:00Z",
                "aorc:statistics": {
                    "min": 0.16,
                    "mean": 1.18,
                    "max": 2.98,
                    "units": "inches"
                }
            }
        },
        {
            "type": "Feature",
            "geometry": {
                "type": "Point",
                "coordinates": [
                    -106.91428272158225,
                    46.54912239227595
                ]
            },
            "properties": {
                "id": "102",
                "storm_start_date": "1997-06-29T00:00:00Z",
                "aorc:statistics": {
                    "min": 0.33,
                    "mean": 1.91,
                    "max": 3.44,
                    "units": "inches"
                }
            }
        },
        {
            "type": "Feature",
            "geometry": {
                "type": "Point",
                "coordinates": [
                    -102.91444272158523,
                    44.415874392275796
                ]
            },
            "properties": {
                "id": "356",
                "storm_start_date": "1986-04-24T00:00:00Z",
                "aorc:statistics": {
                    "min": 0.36,
                    "mean": 1.25,
                    "max": 2.49,
                    "units": "inches"
                }
            }
        },
        {
            "type": "Feature",
            "geometry": {
                "type": "Point",
                "coordinates": [
                    -107.58092272158149,
                    47.61574639227584
                ]
            },
            "properties": {
                "id": "97",
                "storm_start_date": "1986-09-17T00:00:00Z",
                "aorc:statistics": {
                    "min": 0.74,
                    "mean": 1.93,
                    "max": 5.27,
                    "units": "inches"
                }
            }
        },
        {
            "type": "Feature",
            "geometry": {
                "type": "Point",
                "coordinates": [
                    -102.24780272158617,
                    40.14937839227596
                ]
            },
            "properties": {
                "id": "46",
                "storm_start_date": "1992-08-23T00:00:00Z",
                "aorc:statistics": {
                    "min": 1.04,
                    "mean": 2.36,
                    "max": 3.87,
                    "units": "inches"
                }
            }
        },
        {
            "type": "Feature",
            "geometry": {
                "type": "Point",
                "coordinates": [
                    -102.91444272158523,
                    44.415874392275796
                ]
            },
            "properties": {
                "id": "23",
                "storm_start_date": "1982-05-13T00:00:00Z",
                "aorc:statistics": {
                    "min": 0.69,
                    "mean": 2.7,
                    "max": 7.69,
                    "units": "inches"
                }
            }
        },
        {
            "type": "Feature",
            "geometry": {
                "type": "Point",
                "coordinates": [
                    -106.51429872158269,
                    46.01581039227596
                ]
            },
            "properties": {
                "id": "230",
                "storm_start_date": "1991-09-13T00:00:00Z",
                "aorc:statistics": {
                    "min": 0.26,
                    "mean": 1.52,
                    "max": 3.0,
                    "units": "inches"
                }
            }
        },
        {
            "type": "Feature",
            "geometry": {
                "type": "Point",
                "coordinates": [
                    -103.84773872158449,
                    42.5492823922759
                ]
            },
            "properties": {
                "id": "131",
                "storm_start_date": "1993-06-16T00:00:00Z",
                "aorc:statistics": {
                    "min": 0.53,
                    "mean": 1.77,
                    "max": 3.1,
                    "units": "inches"
                }
            }
        },
        {
            "type": "Feature",
            "geometry": {
                "type": "Point",
                "coordinates": [
                    -108.24756272158083,
                    47.749074392275844
                ]
            },
            "properties": {
                "id": "355",
                "storm_start_date": "1991-06-28T00:00:00Z",
                "aorc:statistics": {
                    "min": 0.1,
                    "mean": 1.25,
                    "max": 3.8,
                    "units": "inches"
                }
            }
        },
        {
            "type": "Feature",
            "geometry": {
                "type": "Point",
                "coordinates": [
                    -102.91444272158523,
                    44.415874392275796
                ]
            },
            "properties": {
                "id": "186",
                "storm_start_date": "2021-05-21T00:00:00Z",
                "aorc:statistics": {
                    "min": 0.08,
                    "mean": 1.6,
                    "max": 4.07,
                    "units": "inches"
                }
            }
        },
        {
            "type": "Feature",
            "geometry": {
                "type": "Point",
                "coordinates": [
                    -112.38073072157793,
                    47.749074392275844
                ]
            },
            "properties": {
                "id": "266",
                "storm_start_date": "1985-09-10T00:00:00Z",
                "aorc:statistics": {
                    "min": 0.4,
                    "mean": 1.41,
                    "max": 4.31,
                    "units": "inches"
                }
            }
        },
        {
            "type": "Feature",
            "geometry": {
                "type": "Point",
                "coordinates": [
                    -112.11407472157806,
                    47.48241839227591
                ]
            },
            "properties": {
                "id": "405",
                "storm_start_date": "2000-05-29T00:00:00Z",
                "aorc:statistics": {
                    "min": 0.13,
                    "mean": 1.18,
                    "max": 4.35,
                    "units": "inches"
                }
            }
        },
        {
            "type": "Feature",
            "geometry": {
                "type": "Point",
                "coordinates": [
                    -102.64778672158558,
                    44.949186392275834
                ]
            },
            "properties": {
                "id": "373",
                "storm_start_date": "2025-09-17T00:00:00Z",
                "aorc:statistics": {
                    "min": 0.0,
                    "mean": 1.22,
                    "max": 54.39,
                    "units": "inches"
                }
            }
        },
        {
            "type": "Feature",
            "geometry": {
                "type": "Point",
                "coordinates": [
                    -111.04745072157853,
                    47.749074392275844
                ]
            },
            "properties": {
                "id": "339",
                "storm_start_date": "1993-07-12T00:00:00Z",
                "aorc:statistics": {
                    "min": 0.2,
                    "mean": 1.28,
                    "max": 3.77,
                    "units": "inches"
                }
            }
        },
        {
            "type": "Feature",
            "geometry": {
                "type": "Point",
                "coordinates": [
                    -105.18101872158365,
                    41.48265839227577
                ]
            },
            "properties": {
                "id": "200",
                "storm_start_date": "2014-05-10T00:00:00Z",
                "aorc:statistics": {
                    "min": 0.29,
                    "mean": 1.57,
                    "max": 7.3,
                    "units": "inches"
                }
            }
        },
        {
            "type": "Feature",
            "geometry": {
                "type": "Point",
                "coordinates": [
                    -111.98074672157793,
                    47.21576239227584
                ]
            },
            "properties": {
                "id": "81",
                "storm_start_date": "2006-06-08T00:00:00Z",
                "aorc:statistics": {
                    "min": 0.0,
                    "mean": 2.04,
                    "max": 5.7,
                    "units": "inches"
                }
            }
        },
        {
            "type": "Feature",
            "geometry": {
                "type": "Point",
                "coordinates": [
                    -112.38073072157793,
                    47.749074392275844
                ]
            },
            "properties": {
                "id": "367",
                "storm_start_date": "2009-01-07T00:00:00Z",
                "aorc:statistics": {
                    "min": 0.0,
                    "mean": 1.23,
                    "max": 12.35,
                    "units": "inches"
                }
            }
        },
        {
            "type": "Feature",
            "geometry": {
                "type": "Point",
                "coordinates": [
                    -102.64778672158558,
                    44.949186392275834
                ]
            },
            "properties": {
                "id": "36",
                "storm_start_date": "1982-10-07T00:00:00Z",
                "aorc:statistics": {
                    "min": 0.39,
                    "mean": 2.5,
                    "max": 4.59,
                    "units": "inches"
                }
            }
        },
        {
            "type": "Feature",
            "geometry": {
                "type": "Point",
                "coordinates": [
                    -103.71441072158483,
                    38.68277039227588
                ]
            },
            "properties": {
                "id": "335",
                "storm_start_date": "2006-10-26T00:00:00Z",
                "aorc:statistics": {
                    "min": 0.09,
                    "mean": 1.28,
                    "max": 2.81,
                    "units": "inches"
                }
            }
        },
        {
            "type": "Feature",
            "geometry": {
                "type": "Point",
                "coordinates": [
                    -104.11439472158423,
                    40.41603439227591
                ]
            },
            "properties": {
                "id": "285",
                "storm_start_date": "2011-07-12T00:00:00Z",
                "aorc:statistics": {
                    "min": 0.04,
                    "mean": 1.37,
                    "max": 4.96,
                    "units": "inches"
                }
            }
        },
        {
            "type": "Feature",
            "geometry": {
                "type": "Point",
                "coordinates": [
                    -104.38105072158429,
                    40.68269039227589
                ]
            },
            "properties": {
                "id": "197",
                "storm_start_date": "2018-05-01T00:00:00Z",
                "aorc:statistics": {
                    "min": 0.13,
                    "mean": 1.57,
                    "max": 3.52,
                    "units": "inches"
                }
            }
        },
        {
            "type": "Feature",
            "geometry": {
                "type": "Point",
                "coordinates": [
                    -102.11447472158603,
                    40.14937839227596
                ]
            },
            "properties": {
                "id": "194",
                "storm_start_date": "1981-07-25T00:00:00Z",
                "aorc:statistics": {
                    "min": 0.26,
                    "mean": 1.58,
                    "max": 3.78,
                    "units": "inches"
                }
            }
        },
        {
            "type": "Feature",
            "geometry": {
                "type": "Point",
                "coordinates": [
                    -103.84773872158449,
                    44.949186392275834
                ]
            },
            "properties": {
                "id": "133",
                "storm_start_date": "1984-06-08T00:00:00Z",
                "aorc:statistics": {
                    "min": 0.36,
                    "mean": 1.76,
                    "max": 4.1,
                    "units": "inches"
                }
            }
        },
        {
            "type": "Feature",
            "geometry": {
                "type": "Point",
                "coordinates": [
                    -112.51405872157763,
                    46.54912239227595
                ]
            },
            "properties": {
                "id": "429",
                "storm_start_date": "1998-05-21T00:00:00Z",
                "aorc:statistics": {
                    "min": 0.17,
                    "mean": 1.15,
                    "max": 3.44,
                    "units": "inches"
                }
            }
        },
        {
            "type": "Feature",
            "geometry": {
                "type": "Point",
                "coordinates": [
                    -105.18101872158365,
                    42.5492823922759
                ]
            },
            "properties": {
                "id": "236",
                "storm_start_date": "1980-05-10T00:00:00Z",
                "aorc:statistics": {
                    "min": 0.42,
                    "mean": 1.5,
                    "max": 3.7,
                    "units": "inches"
                }
            }
        },
        {
            "type": "Feature",
            "geometry": {
                "type": "Point",
                "coordinates": [
                    -102.64778672158558,
                    44.682530392275915
                ]
            },
            "properties": {
                "id": "382",
                "storm_start_date": "2000-03-06T00:00:00Z",
                "aorc:statistics": {
                    "min": 0.14,
                    "mean": 1.21,
                    "max": 2.99,
                    "units": "inches"
                }
            }
        },
        {
            "type": "Feature",
            "geometry": {
                "type": "Point",
                "coordinates": [
                    -105.98098672158295,
                    44.14921839227587
                ]
            },
            "properties": {
                "id": "151",
                "storm_start_date": "1982-09-12T00:00:00Z",
                "aorc:statistics": {
                    "min": 0.41,
                    "mean": 1.69,
                    "max": 3.68,
                    "units": "inches"
                }
            }
        },
        {
            "type": "Feature",
            "geometry": {
                "type": "Point",
                "coordinates": [
                    -107.71425072158144,
                    47.749074392275844
                ]
            },
            "properties": {
                "id": "54",
                "storm_start_date": "1986-09-23T00:00:00Z",
                "aorc:statistics": {
                    "min": 0.03,
                    "mean": 2.29,
                    "max": 5.2,
                    "units": "inches"
                }
            }
        },
        {
            "type": "Feature",
            "geometry": {
                "type": "Point",
                "coordinates": [
                    -104.38105072158429,
                    41.749314392275885
                ]
            },
            "properties": {
                "id": "190",
                "storm_start_date": "2000-05-16T00:00:00Z",
                "aorc:statistics": {
                    "min": 0.23,
                    "mean": 1.58,
                    "max": 3.39,
                    "units": "inches"
                }
            }
        },
        {
            "type": "Feature",
            "geometry": {
                "type": "Point",
                "coordinates": [
                    -102.11447472158603,
                    39.8827223922759
                ]
            },
            "properties": {
                "id": "330",
                "storm_start_date": "1981-03-02T00:00:00Z",
                "aorc:statistics": {
                    "min": 0.35,
                    "mean": 1.28,
                    "max": 2.08,
                    "units": "inches"
                }
            }
        },
        {
            "type": "Feature",
            "geometry": {
                "type": "Point",
                "coordinates": [
                    -102.64778672158558,
                    44.682530392275915
                ]
            },
            "properties": {
                "id": "360",
                "storm_start_date": "2022-08-25T00:00:00Z",
                "aorc:statistics": {
                    "min": 0.04,
                    "mean": 1.25,
                    "max": 5.8,
                    "units": "inches"
                }
            }
        },
        {
            "type": "Feature",
            "geometry": {
                "type": "Point",
                "coordinates": [
                    -104.38105072158429,
                    39.61606639227587
                ]
            },
            "properties": {
                "id": "209",
                "storm_start_date": "1984-10-03T00:00:00Z",
                "aorc:statistics": {
                    "min": 0.36,
                    "mean": 1.56,
                    "max": 5.98,
                    "units": "inches"
                }
            }
        },
        {
            "type": "Feature",
            "geometry": {
                "type": "Point",
                "coordinates": [
                    -109.58084272157994,
                    47.749074392275844
                ]
            },
            "properties": {
                "id": "394",
                "storm_start_date": "2002-08-07T00:00:00Z",
                "aorc:statistics": {
                    "min": 0.0,
                    "mean": 1.19,
                    "max": 3.39,
                    "units": "inches"
                }
            }
        },
        {
            "type": "Feature",
            "geometry": {
                "type": "Point",
                "coordinates": [
                    -109.31418672158016,
                    45.61582639227584
                ]
            },
            "properties": {
                "id": "199",
                "storm_start_date": "2018-05-21T00:00:00Z",
                "aorc:statistics": {
                    "min": 0.07,
                    "mean": 1.57,
                    "max": 5.13,
                    "units": "inches"
                }
            }
        },
        {
            "type": "Feature",
            "geometry": {
                "type": "Point",
                "coordinates": [
                    -102.11447472158603,
                    39.8827223922759
                ]
            },
            "properties": {
                "id": "214",
                "storm_start_date": "1999-06-10T00:00:00Z",
                "aorc:statistics": {
                    "min": 0.32,
                    "mean": 1.55,
                    "max": 3.28,
                    "units": "inches"
                }
            }
        },
        {
            "type": "Feature",
            "geometry": {
                "type": "Point",
                "coordinates": [
                    -103.71441072158483,
                    38.68277039227588
                ]
            },
            "properties": {
                "id": "205",
                "storm_start_date": "1997-10-24T00:00:00Z",
                "aorc:statistics": {
                    "min": 0.17,
                    "mean": 1.56,
                    "max": 3.95,
                    "units": "inches"
                }
            }
        },
        {
            "type": "Feature",
            "geometry": {
                "type": "Point",
                "coordinates": [
                    -106.78095472158225,
                    45.2158423922759
                ]
            },
            "properties": {
                "id": "206",
                "storm_start_date": "2005-10-03T00:00:00Z",
                "aorc:statistics": {
                    "min": 0.43,
                    "mean": 1.56,
                    "max": 4.1,
                    "units": "inches"
                }
            }
        },
        {
            "type": "Feature",
            "geometry": {
                "type": "Point",
                "coordinates": [
                    -105.84765872158304,
                    45.74915439227594
                ]
            },
            "properties": {
                "id": "4",
                "storm_start_date": "2013-05-29T00:00:00Z",
                "aorc:statistics": {
                    "min": 0.31,
                    "mean": 3.52,
                    "max": 6.34,
                    "units": "inches"
                }
            }
        },
        {
            "type": "Feature",
            "geometry": {
                "type": "Point",
                "coordinates": [
                    -108.24756272158095,
                    45.88248239227589
                ]
            },
            "properties": {
                "id": "80",
                "storm_start_date": "2017-09-14T00:00:00Z",
                "aorc:statistics": {
                    "min": 0.82,
                    "mean": 2.04,
                    "max": 3.65,
                    "units": "inches"
                }
            }
        },
        {
            "type": "Feature",
            "geometry": {
                "type": "Point",
                "coordinates": [
                    -112.38073072157793,
                    47.749074392275844
                ]
            },
            "properties": {
                "id": "227",
                "storm_start_date": "1985-09-06T00:00:00Z",
                "aorc:statistics": {
                    "min": 0.59,
                    "mean": 1.53,
                    "max": 4.46,
                    "units": "inches"
                }
            }
        },
        {
            "type": "Feature",
            "geometry": {
                "type": "Point",
                "coordinates": [
                    -102.11447472158603,
                    40.14937839227596
                ]
            },
            "properties": {
                "id": "372",
                "storm_start_date": "1997-10-11T00:00:00Z",
                "aorc:statistics": {
                    "min": 0.33,
                    "mean": 1.22,
                    "max": 2.85,
                    "units": "inches"
                }
            }
        },
        {
            "type": "Feature",
            "geometry": {
                "type": "Point",
                "coordinates": [
                    -110.1141547215794,
                    46.682450392275825
                ]
            },
            "properties": {
                "id": "162",
                "storm_start_date": "2022-09-30T00:00:00Z",
                "aorc:statistics": {
                    "min": 0.06,
                    "mean": 1.65,
                    "max": 4.89,
                    "units": "inches"
                }
            }
        },
        {
            "type": "Feature",
            "geometry": {
                "type": "Point",
                "coordinates": [
                    -110.1141547215794,
                    46.28246639227585
                ]
            },
            "properties": {
                "id": "295",
                "storm_start_date": "2003-04-14T00:00:00Z",
                "aorc:statistics": {
                    "min": 0.02,
                    "mean": 1.35,
                    "max": 6.28,
                    "units": "inches"
                }
            }
        },
        {
            "type": "Feature",
            "geometry": {
                "type": "Point",
                "coordinates": [
                    -109.31418672158016,
                    45.61582639227584
                ]
            },
            "properties": {
                "id": "415",
                "storm_start_date": "2007-10-04T00:00:00Z",
                "aorc:statistics": {
                    "min": 0.0,
                    "mean": 1.16,
                    "max": 4.16,
                    "units": "inches"
                }
            }
        },
        {
            "type": "Feature",
            "geometry": {
                "type": "Point",
                "coordinates": [
                    -102.51445872158573,
                    39.34941039227584
                ]
            },
            "properties": {
                "id": "253",
                "storm_start_date": "1994-04-09T00:00:00Z",
                "aorc:statistics": {
                    "min": 0.4,
                    "mean": 1.46,
                    "max": 2.86,
                    "units": "inches"
                }
            }
        },
        {
            "type": "Feature",
            "geometry": {
                "type": "Point",
                "coordinates": [
                    -102.11447472158603,
                    40.14937839227596
                ]
            },
            "properties": {
                "id": "204",
                "storm_start_date": "1987-06-08T00:00:00Z",
                "aorc:statistics": {
                    "min": 0.11,
                    "mean": 1.56,
                    "max": 3.95,
                    "units": "inches"
                }
            }
        },
        {
            "type": "Feature",
            "geometry": {
                "type": "Point",
                "coordinates": [
                    -111.44743472157863,
                    47.08243439227588
                ]
            },
            "properties": {
                "id": "377",
                "storm_start_date": "2018-02-07T00:00:00Z",
                "aorc:statistics": {
                    "min": 0.03,
                    "mean": 1.22,
                    "max": 13.42,
                    "units": "inches"
                }
            }
        },
        {
            "type": "Feature",
            "geometry": {
                "type": "Point",
                "coordinates": [
                    -112.38073072157793,
                    47.749074392275844
                ]
            },
            "properties": {
                "id": "332",
                "storm_start_date": "2013-06-18T00:00:00Z",
                "aorc:statistics": {
                    "min": 0.13,
                    "mean": 1.28,
                    "max": 6.09,
                    "units": "inches"
                }
            }
        },
        {
            "type": "Feature",
            "geometry": {
                "type": "Point",
                "coordinates": [
                    -102.78111472158557,
                    45.2158423922759
                ]
            },
            "properties": {
                "id": "228",
                "storm_start_date": "1987-05-20T00:00:00Z",
                "aorc:statistics": {
                    "min": 0.54,
                    "mean": 1.52,
                    "max": 2.48,
                    "units": "inches"
                }
            }
        },
        {
            "type": "Feature",
            "geometry": {
                "type": "Point",
                "coordinates": [
                    -107.980906721581,
                    47.3490903922758
                ]
            },
            "properties": {
                "id": "128",
                "storm_start_date": "2007-05-21T00:00:00Z",
                "aorc:statistics": {
                    "min": 0.44,
                    "mean": 1.79,
                    "max": 6.82,
                    "units": "inches"
                }
            }
        },
        {
            "type": "Feature",
            "geometry": {
                "type": "Point",
                "coordinates": [
                    -108.11423472158128,
                    47.749074392275844
                ]
            },
            "properties": {
                "id": "422",
                "storm_start_date": "2015-10-02T00:00:00Z",
                "aorc:statistics": {
                    "min": 0.19,
                    "mean": 1.16,
                    "max": 3.61,
                    "units": "inches"
                }
            }
        },
        {
            "type": "Feature",
            "geometry": {
                "type": "Point",
                "coordinates": [
                    -102.51445872158573,
                    39.34941039227584
                ]
            },
            "properties": {
                "id": "119",
                "storm_start_date": "1997-08-04T00:00:00Z",
                "aorc:statistics": {
                    "min": 0.41,
                    "mean": 1.84,
                    "max": 3.57,
                    "units": "inches"
                }
            }
        },
        {
            "type": "Feature",
            "geometry": {
                "type": "Point",
                "coordinates": [
                    -105.04769072158383,
                    43.61590639227583
                ]
            },
            "properties": {
                "id": "10",
                "storm_start_date": "2008-05-22T00:00:00Z",
                "aorc:statistics": {
                    "min": 1.41,
                    "mean": 3.1,
                    "max": 5.52,
                    "units": "inches"
                }
            }
        },
        {
            "type": "Feature",
            "geometry": {
                "type": "Point",
                "coordinates": [
                    -103.18109872158539,
                    45.48249839227585
                ]
            },
            "properties": {
                "id": "300",
                "storm_start_date": "2013-09-06T00:00:00Z",
                "aorc:statistics": {
                    "min": 0.0,
                    "mean": 1.34,
                    "max": 5.08,
                    "units": "inches"
                }
            }
        },
        {
            "type": "Feature",
            "geometry": {
                "type": "Point",
                "coordinates": [
                    -106.64762672158241,
                    44.01589039227589
                ]
            },
            "properties": {
                "id": "96",
                "storm_start_date": "2015-05-23T00:00:00Z",
                "aorc:statistics": {
                    "min": 0.45,
                    "mean": 1.93,
                    "max": 5.81,
                    "units": "inches"
                }
            }
        },
        {
            "type": "Feature",
            "geometry": {
                "type": "Point",
                "coordinates": [
                    -103.31442672158475,
                    45.48249839227585
                ]
            },
            "properties": {
                "id": "347",
                "storm_start_date": "2020-07-04T00:00:00Z",
                "aorc:statistics": {
                    "min": 0.15,
                    "mean": 1.26,
                    "max": 4.13,
                    "units": "inches"
                }
            }
        },
        {
            "type": "Feature",
            "geometry": {
                "type": "Point",
                "coordinates": [
                    -102.11447472158603,
                    40.14937839227596
                ]
            },
            "properties": {
                "id": "336",
                "storm_start_date": "2014-06-07T00:00:00Z",
                "aorc:statistics": {
                    "min": 0.11,
                    "mean": 1.28,
                    "max": 4.11,
                    "units": "inches"
                }
            }
        },
        {
            "type": "Feature",
            "geometry": {
                "type": "Point",
                "coordinates": [
                    -106.11431472158277,
                    44.815858392275885
                ]
            },
            "properties": {
                "id": "400",
                "storm_start_date": "1998-09-11T00:00:00Z",
                "aorc:statistics": {
                    "min": 0.17,
                    "mean": 1.19,
                    "max": 2.87,
                    "units": "inches"
                }
            }
        },
        {
            "type": "Feature",
            "geometry": {
                "type": "Point",
                "coordinates": [
                    -111.98074672157793,
                    47.08243439227588
                ]
            },
            "properties": {
                "id": "311",
                "storm_start_date": "1985-08-10T00:00:00Z",
                "aorc:statistics": {
                    "min": 0.46,
                    "mean": 1.31,
                    "max": 3.33,
                    "units": "inches"
                }
            }
        },
        {
            "type": "Feature",
            "geometry": {
                "type": "Point",
                "coordinates": [
                    -104.11439472158423,
                    42.015970392275825
                ]
            },
            "properties": {
                "id": "345",
                "storm_start_date": "2007-10-13T00:00:00Z",
                "aorc:statistics": {
                    "min": 0.31,
                    "mean": 1.27,
                    "max": 3.57,
                    "units": "inches"
                }
            }
        },
        {
            "type": "Feature",
            "geometry": {
                "type": "Point",
                "coordinates": [
                    -111.71409072157807,
                    46.01581039227596
                ]
            },
            "properties": {
                "id": "260",
                "storm_start_date": "1987-05-15T00:00:00Z",
                "aorc:statistics": {
                    "min": 0.15,
                    "mean": 1.43,
                    "max": 5.83,
                    "units": "inches"
                }
            }
        },
        {
            "type": "Feature",
            "geometry": {
                "type": "Point",
                "coordinates": [
                    -112.38073072157793,
                    47.749074392275844
                ]
            },
            "properties": {
                "id": "201",
                "storm_start_date": "1994-05-17T00:00:00Z",
                "aorc:statistics": {
                    "min": 0.27,
                    "mean": 1.56,
                    "max": 6.33,
                    "units": "inches"
                }
            }
        },
        {
            "type": "Feature",
            "geometry": {
                "type": "Point",
                "coordinates": [
                    -102.51445872158573,
                    39.34941039227584
                ]
            },
            "properties": {
                "id": "331",
                "storm_start_date": "1989-06-02T00:00:00Z",
                "aorc:statistics": {
                    "min": 0.03,
                    "mean": 1.28,
                    "max": 3.24,
                    "units": "inches"
                }
            }
        },
        {
            "type": "Feature",
            "geometry": {
                "type": "Point",
                "coordinates": [
                    -106.11431472158277,
                    44.682530392275915
                ]
            },
            "properties": {
                "id": "107",
                "storm_start_date": "2007-03-28T00:00:00Z",
                "aorc:statistics": {
                    "min": 0.24,
                    "mean": 1.9,
                    "max": 8.44,
                    "units": "inches"
                }
            }
        },
        {
            "type": "Feature",
            "geometry": {
                "type": "Point",
                "coordinates": [
                    -104.64770672158369,
                    40.68269039227589
                ]
            },
            "properties": {
                "id": "346",
                "storm_start_date": "2016-03-23T00:00:00Z",
                "aorc:statistics": {
                    "min": 0.11,
                    "mean": 1.27,
                    "max": 2.88,
                    "units": "inches"
                }
            }
        },
        {
            "type": "Feature",
            "geometry": {
                "type": "Point",
                "coordinates": [
                    -112.38073072157793,
                    47.749074392275844
                ]
            },
            "properties": {
                "id": "167",
                "storm_start_date": "1996-11-18T00:00:00Z",
                "aorc:statistics": {
                    "min": 0.22,
                    "mean": 1.64,
                    "max": 10.36,
                    "units": "inches"
                }
            }
        },
        {
            "type": "Feature",
            "geometry": {
                "type": "Point",
                "coordinates": [
                    -112.38073072157793,
                    47.749074392275844
                ]
            },
            "properties": {
                "id": "67",
                "storm_start_date": "1991-06-19T00:00:00Z",
                "aorc:statistics": {
                    "min": 0.38,
                    "mean": 2.13,
                    "max": 6.08,
                    "units": "inches"
                }
            }
        },
        {
            "type": "Feature",
            "geometry": {
                "type": "Point",
                "coordinates": [
                    -102.64778672158558,
                    44.682530392275915
                ]
            },
            "properties": {
                "id": "213",
                "storm_start_date": "1995-10-04T00:00:00Z",
                "aorc:statistics": {
                    "min": 0.17,
                    "mean": 1.55,
                    "max": 2.97,
                    "units": "inches"
                }
            }
        },
        {
            "type": "Feature",
            "geometry": {
                "type": "Point",
                "coordinates": [
                    -103.84773872158449,
                    42.415954392275864
                ]
            },
            "properties": {
                "id": "69",
                "storm_start_date": "2005-06-11T00:00:00Z",
                "aorc:statistics": {
                    "min": 0.02,
                    "mean": 2.11,
                    "max": 5.34,
                    "units": "inches"
                }
            }
        },
        {
            "type": "Feature",
            "geometry": {
                "type": "Point",
                "coordinates": [
                    -102.11447472158603,
                    39.8827223922759
                ]
            },
            "properties": {
                "id": "120",
                "storm_start_date": "2007-04-22T00:00:00Z",
                "aorc:statistics": {
                    "min": 0.3,
                    "mean": 1.84,
                    "max": 5.34,
                    "units": "inches"
                }
            }
        },
        {
            "type": "Feature",
            "geometry": {
                "type": "Point",
                "coordinates": [
                    -102.51445872158573,
                    39.34941039227584
                ]
            },
            "properties": {
                "id": "371",
                "storm_start_date": "2010-08-03T00:00:00Z",
                "aorc:statistics": {
                    "min": 0.0,
                    "mean": 1.23,
                    "max": 3.61,
                    "units": "inches"
                }
            }
        },
        {
            "type": "Feature",
            "geometry": {
                "type": "Point",
                "coordinates": [
                    -108.11423472158128,
                    45.48249839227585
                ]
            },
            "properties": {
                "id": "166",
                "storm_start_date": "1993-10-06T00:00:00Z",
                "aorc:statistics": {
                    "min": 0.36,
                    "mean": 1.64,
                    "max": 4.74,
                    "units": "inches"
                }
            }
        }
    ]
}